publishedsince,carmodel,price,year,miseencirculation,contrôletechnique,kilométragecompteur,fuel,gearbox,couleurextérieure,nombredeportes,nombredeplaces,garantie,premièremain(déclaratif),nombredepropriétaires,puissancefiscale,puissancedin,crit'air,émissionsdeco2,consommationmixte,normeeuro,options,departement,id,waranty,vendeur,vérifié&garanti,rechargeable,autonomiebatterie,capacitébatterie,conso.batterie,couleurintérieure,puissancemoteur,primeàlaconversion,garantieconstructeur,provenance,prixinclutlabatterie,voltagebatterie,intensitébatterie,prixinclutlabatterie.1,km,model_full,brand
19 jours,"
    BMW SERIE 2 F45 ACTIVE TOURER
",19740.0,2017.0, 14/05/2017, requis, 128 835 Km, Hybride essence électrique, automatique, gris metal,5.0,5.0, 6 mois, non,2.0, 5 CV, 136 ch,1.0, 49 g/kmA, 2 l/100km, EURO6,"['Airbags latéraux', ""Assistance au freinage d'urgence"", 'Antipatinage', 'ESP', '6 airbags', 'Essuie glace capteur de pluie', 'Airbags rideaux', 'Indicateur de sous-gonflage des pneus', 'Fixations ISOFIX', 'Kit anticrevaison', 'Système détection de collision', 'ABS', 'Antibrouillards avant', 'Phares à allumage automatique', 'Jantes alu', 'Freins régénérateurs', 'Phares directionnels', 'Aide parking', 'Ampoules de phares LED', 'Feux arrières à LED', 'Rétroviseurs extérieurs réglage électrique', 'Rétroviseurs rabattables électriquement', 'Rétroviseurs extérieurs chauffants', 'Différentiel à glissement limité avant', 'Démarrage sans clef', 'Bluetooth inclut musique en streaming, connexion téléphone', 'Volant multi-fonction', 'Prises audio auxiliaires', 'Système de navigation info trafic', 'Bouton démarrage', 'Système de navigation', 'Configuration 5PL', 'Régulateur de vitesse', 'Carte main libre', 'Réglage du volant en hauteur, en profondeur', 'Bluetooth', 'Volant alu & cuir', 'Accoudoir central arrière, avant', 'Ouverture du coffre à distance', 'Smart card / Smart key', '6 haut-parleurs', 'Caméra de recul', 'GPS 16/9', 'Tapis de sol', 'Climatisation automatique multi zone', 'Limiteur de vitesse', 'Intérieur tout cuir', 'Taille écran navigation 6.5 pouces', 'Ordinateur de bord', ""Système d'entrée sans clef"", 'Toit ouvrant panoramique en verre', 'Feux de route à LED', 'Commande électrique du hayon', 'Appui lombaire ajustable pour sièges avan', 'Rétroviseur intérieur électrochrome', 'Longueur : 4.34 m', 'Volume du coffre : 400 L']",94,87102223672,Garantie 6 mois ,Professionnel,, oui, 41 Km, 5.7 kWh, 11 kWh/100km, cuir noir, 165 kW, ,,,,,,,128835.0,BMW SERIE 2 F45 ACTIVE TOURER,BMW
32 jours,"
    AUDI Q8
",130780.0,2021.0, 08/09/2021, non requis, 6 240 Km, Hybride essence électrique, automatique, gris metal,5.0,5.0, 51 mois, oui,, 22 CV, 381 ch,1.0, 61 g/kmA, 2.7 l/100km, EURO6,"['Airbags latéraux', 'Aide au démarrage en côte', 'Avertisseur de franchissement de ligne', ""Assistance au freinage d'urgence"", 'Antipatinage', 'ESP', 'Détection panneaux signalisation', '6 airbags', 'Affichage tête haute', 'Capot à soulèvement pour choc piéton', 'Essuie glace capteur de pluie', 'Airbags rideaux', 'Indicateur de sous-gonflage des pneus', 'Kit anticrevaison', 'Lave-phares', 'Système détection de collision', 'ABS', 'Ampoules de phares LED', ""Caméra d'aide au stationnement à 360°"", 'Phares à allumage automatique', 'Freins régénérateurs', 'Phares directionnels', 'Feux de croisement à LED', 'Feux arrières à LED', 'Rétroviseurs extérieurs réglage électrique', 'Rétroviseurs rabattables électriquement', 'Rétroviseurs extérieurs chauffants', 'Feux de route actifs', 'Taille écran navigation 12.3 pouces', 'Bluetooth inclut musique en streaming, connexion téléphone', 'Air conditionné auto', 'Volant multi-fonction', 'Système de navigation info trafic', 'Bouton démarrage', 'Siège avant électrique', '10 haut-parleurs', 'Système de navigation', 'Régulateur de vitesse', 'Réglage du volant en hauteur, en profondeur', 'Bluetooth', 'Volant alu & cuir', 'Réseau Wifi', 'Accoudoir central arrière, avant', 'Siège avant chauffant', 'Palettes au volant', 'Reconnaissance vocale', 'Ouverture du coffre à distance', 'Smart card / Smart key', 'Fermerture électrique du coffre', 'Tapis de sol', 'Air conditionné 3 zones', 'Rétroviseur jour/nuit', 'Aide au stationnement arrière', 'Limiteur de vitesse', 'Système audio écran tactile', 'Ordinateur de bord', 'Taille écran multi-fonctions 12.3 pouces', 'Feux de route à LED', 'Pack esthétique noir', 'Audi Exclusive', 'Sièges avant et arrière chauffants', 'Couleur noir laqué', 'Audi pre sense Pack arrière', 'Pack Assistance Route', 'Filet de séparation', 'Essuie-glace adaptatifs avec buses de lavage intégrées', 'Pack Qualité de l’air', 'Pack Assistance pour la ville', 'Feux clignotants à LED', 'Jantes 22"" Audi Sport fraisées en aluminium forgé design 5 branches style ""Y""', 'Longueur : 4.99 m', 'Volume du coffre : 605 L']",69,87102211287,Garantie 51 mois ,Professionnel,, oui, 46 Km, 14.3 kWh,, alcantara noir, 280 kW,, en cours, Importé,,,,,6240.0,AUDI Q8,AUDI
60 jours,"
    HYUNDAI SANTA FE 4
",58880.0,2022.0, 20/02/2022, non requis, 7 052 Km, Hybride essence électrique, automatique, LAGOON BLUE,5.0,7.0,, oui,, 10 CV, 230 ch,1.0,,, EURO6,"['Airbags rideaux', ""avertisseur d'angle mort"", 'affichage tête haute', 'kit téléphone main libre bluetooth', 'ESP', 'AFU', 'airbags front. + lat.', 'feux automatiques', 'EBV', 'fixations ISOFIX', 'alerte franchissement ligne', 'phares av. de jour à LED', 'essuie-glaces automatiques', 'airbag frontal', 'système de détection de somnolence', 'contrôle de pression des pneus', 'EBD', 'Lave-phares', 'radar anti-collision', 'ABS', 'feux ar. à LED', 'Aide au démarrage en côte', 'rétroviseurs électriques', 'aide parking', 'Phares directionnels', 'toit ouvrant', 'toit panoramique', 'toit ouvrant électrique', 'jantes alu', 'rétroviseurs dégivrants', 'Rétroviseurs rabattables électriquement', 'caméra de recul', 'Système audio CD', 'banquette rabattable', 'climatisation automatique multi zone', 'intérieur tout cuir', 'Palettes au volant', 'vitres ar. surteintées', 'Accoudoir central arrière', 'fermeture électrique automatique', 'Régulateur de vitesse adaptatif', 'écran tactile', 'sièges réglables en hauteur', 'prise 12V', 'prise audio USB', 'Volant cuir', 'Volant chauffant', 'fermeture électrique', 'volant réglable en hauteur et profondeur', 'banquette 1/3 - 2/3', 'volant multifonctions', 'cache bagages', 'régulateur limiteur de vitesse', 'carte main libre', 'vitres électriques', 'Accoudoir central avant', 'sièges chauffants', 'siège conducteur réglable hauteur', 'rétroviseur int. jour/nuit auto', 'GPS', 'système audio', 'alarme périmétrique', 'Ecran multifonction couleur', 'Lagoon Blue', 'Porte-gobelets avant', 'Système de commande vocale', ""Système d'assistance à la descente"", ""Eclairage d'ambiance"", 'Ouverture des vitres séquentielle', ""Fonction appel d'urgence"", 'Siège conducteur chauffant', ""Système d'éclairage intelligent"", 'Porte-gobelets arrière', 'Répétiteurs de clignotant dans rétro ext', 'Sièges avant à ventilation active', 'Ceintures avant ajustables en hauteur', ""Correcteur d'assiette"", 'Siège passager chauffant', 'Siège cond. avec réglage lombaire électr', 'Siège conducteur électrique', 'Sièges rang 3 rabattables', ""Système avancé de détection d'obstacles"", 'Pare-brise thermique', 'Commandes du système audio au volant', 'Calandre chromée', 'Bacs de portes arrière', '6 Haut parleurs', 'Appui-tête passager réglable en hauteur', 'Démarrage sans clé', 'Clim manuelle arriere', 'Caméra vue panoramique 360°', 'Miroir de courtoisie conducteur éclairé', 'FAP', 'Velum rang 2', 'Rétroviseurs rabattables automatique', 'Sièges rang 2 rabattables à plat', 'Sièges rang 3 rabattables à plat', 'Eclairage au sol', 'Bacs de portes avant', 'Miroir de courtoisie passager éclairé', 'Services connectés', 'Phares antibrouillard LED', 'Interface Media', 'Mode de conduite', 'système Start & Stop', 'Plafonnier central AV et AR à LED', 'Ceinture de vitrage chromée', ""Appel d'Urgence Localisé"", 'Banquette AR 2 places 3ème rangée', 'Echappement à double sortie', 'Sièges arrière coulissants', 'Pommeau de levier vitesse en cuir', 'Compte tours', 'Filtre à Pollen', 'Sièges rang 2 inclinables', 'Appui-tête conducteur réglable hauteur', 'Reconnaissance panneaux de signalisation', 'Commande Climatisation AR', 'Boite à gants fermée', 'Prise 220V', 'Siège passager à réglages électriques', 'Siège conducteur à mémoire', ""Poches d'aumonières"", 'TMC', 'Longueur : 4.77 m', 'Volume du coffre : 130 L']",25,69109497986,Garantie constructeur,Professionnel,, non,, 1.5 kWh,,,,, en cours,, oui,,,,7052.0,HYUNDAI SANTA FE 4,HYUNDAI
60 jours,"
    TOYOTA RAV 4 (5E GENERATION)
",51460.0,2022.0, 16/07/2022, non requis, 10 726 Km, Hybride essence électrique, automatique, Blanc Nacré/Toit Noir Attitude,5.0,5.0, 36 mois, oui,, 9 CV,,1.0,,, EURO6,"['Airbags rideaux', ""avertisseur d'angle mort"", 'kit téléphone main libre bluetooth', 'ESP', 'AFU', 'airbag genoux anti sous-marinage', 'airbags front. + lat.', 'feux automatiques', 'fixations ISOFIX', 'alerte franchissement ligne', 'phares av. de jour à LED', 'essuie-glaces automatiques', 'BAS', 'airbag frontal', 'système de détection de somnolence', 'anti patinage', 'contrôle de pression des pneus', 'EBD', 'radar anti-collision', 'ABS', 'feux ar. à LED', 'Aide au démarrage en côte', 'rétroviseurs électriques', 'aide parking', 'jantes alu', 'becquet', 'rétroviseurs dégivrants', 'Rétroviseurs rabattables électriquement', 'caméra de recul', 'Système audio CD', 'Ordinateur de bord', 'prises audio auxiliaires', 'banquette rabattable', 'climatisation automatique multi zone', 'système audio MP3', 'vitres ar. surteintées', 'pack confort', 'fermeture électrique automatique', 'Régulateur de vitesse adaptatif', 'écran tactile', 'prise audio USB', 'Volant cuir', 'fermeture électrique', 'volant réglable en hauteur et profondeur', 'banquette 1/3 - 2/3', 'volant multifonctions', 'cache bagages', 'régulateur limiteur de vitesse', 'carte main libre', 'vitres électriques', 'Accoudoir central avant', 'siège conducteur réglable hauteur', 'rétroviseur int. jour/nuit auto', 'GPS', 'système audio', 'Ecran multifonction couleur', 'Blanc Nacré/Toit Noir Attitude', 'Ouverture des vitres séquentielle', 'Siège conducteur chauffant', 'Commandes vocales', '9 Haut parleurs', ""Système d'éclairage intelligent"", 'Poignées ton carrosserie', 'Répétiteurs de clignotant dans rétro ext', 'Syst. intelligent gestion des cylindres', 'Siège passager chauffant', 'Siège cond. avec réglage lombaire électr', 'Siège conducteur électrique', ""Système avancé de détection d'obstacles"", 'Commandes du système audio au volant', 'Démarrage sans clé', 'Banquette arrière 3 places', 'Caméra vue panoramique 360°', 'FAP', 'Rétroviseurs rabattables automatique', 'Services connectés', 'Phares antibrouillard LED', 'Interface Media', 'Cuir/Alcantara Exclusive Noir+spq bleues', 'système Start & Stop', ""Appel d'Urgence Localisé"", 'Echappement à double sortie', 'Filtre à Pollen', 'Température extérieure', 'Reconnaissance panneaux de signalisation', 'Boite à gants fermée', 'Commande du comportement dynamique', 'Levier vitesse cuir', 'Système de prévention des collisions AR', 'Siège conducteur à mémoire', 'TMC', 'Longueur : 4.60 m', 'Volume du coffre : 1690 L']",94,69109396745,Garantie 36 mois ,Professionnel, Toyota Occasion, non,, 1.6 kWh,,, 160 kW,, en cours,, oui, 245 V, 6.5 A,,10726.0,TOYOTA RAV 4 (5E GENERATION),TOYOTA
28 jours,"
    PORSCHE TAYCAN
",212480.0,2021.0, 12/10/2021, non requis, 12 875 Km, Electrique, automatique, blanc metal,4.0,5.0, 12 mois, oui,, 10 CV, 761 ch,0.0, 0 g/kmA,, EURO6,"['Airbags latéraux', 'Aide au démarrage en côte', 'Avertisseur de franchissement de ligne', ""Assistance au freinage d'urgence"", 'Antipatinage', 'ESP', 'Détection panneaux signalisation', 'Freins céramique', 'Capot à soulèvement pour choc piéton', '8 airbags', 'Essuie glace capteur de pluie', 'Airbags rideaux', 'Indicateur de sous-gonflage des pneus', 'Système détection de collision', 'ABS', 'Ampoules de phares LED', 'Phares à allumage automatique', 'Freins régénérateurs', 'Phares directionnels', 'Feux de croisement à LED', 'Rétroviseurs extérieurs réglage électrique', 'Rétroviseurs extérieurs chauffants', 'Feux de route actifs', 'Air conditionné auto', 'Volant multi-fonction', 'Système de navigation info trafic', 'Bouton démarrage', 'Réglage du volant en hauteur, électrique, en profondeur', 'Siège avant électrique', 'Système de navigation', 'Régulateur de vitesse', 'Bluetooth', 'Pré-équipement téléphone', '14 haut-parleurs', 'Accoudoir central arrière, avant', 'Siège avant chauffant', 'Air conditionné 2 zones', 'Reconnaissance vocale', 'Smart card / Smart key', 'Fermerture électrique du coffre', 'Tapis de sol', 'Rétroviseur jour/nuit', 'Bluetooth inclut musique en streaming', 'Limiteur de vitesse', 'Système audio écran tactile', 'Ordinateur de bord', 'Alarme', 'Feux de route à LED', 'Accès Confort', 'Taille écran multi-fonctions 16.8 pouces', 'Taille écran navigation 10.9 pouces', 'Affichage tête-haute', 'Longueur : 4.96 m', 'Volume du coffre : 450 L']",69,87102214705,Garantie 12 mois ,Professionnel,, oui, 417 Km, 93.4 kWh, 28 kWh/100km, cuir noir, 560 kW,, en cours, Importé,, 800 V,,,12875.0,PORSCHE TAYCAN,PORSCHE
15 jours,"
    NISSAN LEAF 2
",25060.0,2022.0, 20/05/2022, non requis, 11 Km, Electrique, automatique, Noir,5.0,5.0,, non,, 6 CV, 150 ch,0.0, 0 g/kmA,, EURO6,"['Airbags rideaux', ""avertisseur d'angle mort"", 'kit téléphone main libre bluetooth', 'ESP', 'AFU', '3 ceintures ar. 3 points', 'airbags front. + lat.', 'feux automatiques', 'fixations ISOFIX', 'alerte franchissement ligne', 'phares av. de jour à LED', 'essuie-glaces automatiques', 'airbag frontal', 'projecteurs antibrouillard', 'système de détection de somnolence', 'anti patinage', 'contrôle de pression des pneus', 'EBD', 'radar anti-collision', 'ABS', 'feux ar. à LED', 'Aide au démarrage en côte', 'rétroviseurs électriques', 'aide parking', 'jantes alu', 'rétroviseurs dégivrants', 'Rétroviseurs rabattables électriquement', 'caméra de recul', 'Système audio CD', 'Ordinateur de bord', 'prises audio auxiliaires', 'système audio MP3', 'vitres ar. surteintées', 'climatisation automatique', 'Régulateur de vitesse adaptatif', 'écran tactile', 'prise 12V', 'prise audio USB', 'Volant cuir', 'Volant chauffant', 'fermeture électrique', 'volant réglable en hauteur et profondeur', 'volant réglable en hauteur', 'volant multifonctions', 'régulateur limiteur de vitesse', 'carte main libre', 'vitres électriques', 'Accoudoir central avant', 'sièges chauffants', 'siège conducteur réglable hauteur', 'rétroviseur int. jour/nuit auto', 'GPS', 'système audio', 'traceur GPS', 'Ecran multifonction couleur', 'Phares halogènes', 'Siège conducteur chauffant', ""Système d'éclairage intelligent"", 'Répétiteurs de clignotant dans rétro ext', 'Siège passager chauffant', ""Système avancé de détection d'obstacles"", 'Commandes du système audio au volant', 'Lunette arrière teintée', '6 Haut parleurs', 'Démarrage sans clé', 'Banquette arrière 3 places', 'Caméra vue panoramique 360°', 'Miroir de courtoisie conducteur éclairé', 'Miroir de courtoisie passager éclairé', 'Services connectés', 'Interface Media', 'Mode de conduite', ""Appel d'Urgence Localisé"", 'Température extérieure', 'Reconnaissance panneaux de signalisation', 'Essuie-glace arrière', 'Commande du comportement dynamique', 'Système de prévention des collisions AR', ""Poches d'aumonières"", 'Longueur : 4.49 m', 'Volume du coffre : 435 L']",34,69109744181,Garantie constructeur,Professionnel,, oui, 270 Km, 40 kWh, 14 kWh/100km,,, , en cours,, oui, 350 V, 114.2 A,,11.0,NISSAN LEAF 2,NISSAN
60 jours,"
    DS DS 7 CROSSBACK
",67260.0,2021.0, 10/04/2021, non requis, 6 148 Km, Hybride essence électrique, automatique, Gris Platinium (M),5.0,5.0, 24 mois, oui,, 10 CV, 225 ch,1.0, 36 g/kmA, 1.6 l/100km, EURO6,"['Airbags rideaux', 'ESP', 'AFU', 'airbags front. + lat.', 'feux automatiques', 'EBV', 'fixations ISOFIX', 'alerte franchissement ligne', 'phares av. de jour à LED', 'essuie-glaces automatiques', 'airbag frontal', 'projecteurs antibrouillard', 'système de détection de somnolence', 'anti patinage', 'contrôle de pression des pneus', 'ABS', 'feux ar. à LED', 'Aide au démarrage en côte', 'rétroviseurs électriques', 'toit ouvrant panoramique', 'frein de parking automatique', 'rétroviseurs dégivrants', 'Ordinateur de bord', 'banquette rabattable', 'climatisation automatique multi zone', 'Palettes au volant', 'vitres ar. surteintées', 'pack confort', 'Accoudoir central arrière', 'boite à gants réfrigérée', 'écran tactile', 'support lombaires', 'sièges réglables en hauteur', 'prise 12V', 'prise audio USB', 'Volant cuir', 'fermeture électrique', 'volant réglable en hauteur et profondeur', 'banquette 1/3 - 2/3', 'régulateur limiteur de vitesse', 'carte main libre', 'vitres électriques', 'pédalier alu', 'Accoudoir central avant', 'sièges chauffants', 'siège conducteur réglable hauteur', 'Tapis de sol', 'rétroviseur int. jour/nuit auto', 'système audio', 'Pack DS Night Vision', 'JA 19"" BEIJING', 'Ecran couleur', ""Eclairage d'ambiance"", 'Commandes vocales', 'Sièges avant ventilés', 'Éclairage PolyAmbient', ""Système d'éclairage intelligent"", 'Poignées ton carrosserie', 'Répétiteurs de clignotant dans rétro ext', ""Appel d'Assistance Localisé"", 'Aide au stat. AV et AR + Caméra de recul', 'Sellerie Alcantara PERFORMANCE Line', 'Montre B.R.M R180', 'Banquette AR rabattable automatiquement', ""Feux de freinage d'urgence"", 'Bacs de portes arrière', 'Sièges avant massants', 'DS ACTIVE SCAN SUSPENSION', 'Démarrage sans clé', 'HiFi System FOCAL ElectraE', 'Vitres-lunette AR surteint.+feuilletées', 'Chargeur sans fil', 'Miroir de courtoisie conducteur éclairé', 'Inspiration DS PERF. Line avec sges Cuir', 'Bacs de portes avant', 'Rétro, rab. élect., ind. marche AR', 'Miroir de courtoisie passager éclairé', 'Services connectés', 'Phares antibrouillard LED', 'Climatisation automatique bizone étendue', 'Combiné numérique 12""', 'Pack Modularité', 'Ceinture de vitrage chromée', ""Appel d'Urgence Localisé"", 'DS Active LED Vision', ""Éclairage d'ambiance intégral à LED"", 'Echappement à double sortie', ""Eclairage statique d'intersection"", 'DS CONNECT NAV avec radio numérique', 'Fr. urg. auto+Pk Sé. Et.+DS PILOT/Driver', 'Filtre à Pollen', 'Reconnaissance panneaux de signalisation', 'Témoin de bouclage des ceintures AV', 'Pare-brise acoustique', 'Pack Easy Access', 'Barres de toit noires brillantes', 'Pack Sièges Électriques', ""Poches d'aumonières"", 'Alarme - SCCP et sécurité enfant élect.', 'Vitrage latéral feuilleté', 'Rétro. ext. rab. élect., logo DS au sol', 'Longueur : 4.57 m', 'Volume du coffre : 555 L']",13,69107918736,Garantie 24 mois ,Professionnel,, oui, 55 Km, 13.2 kWh,,,, , en cours,, oui,,,,6148.0,DS DS 7 CROSSBACK,DS
32 jours,"
    BMW X1 F48
",46650.0,2021.0, 23/06/2021, non requis, 23 820 Km, Hybride essence électrique, automatique, noir,5.0,5.0, 12 mois, oui,, 7 CV, 220 ch,1.0, 41 g/kmA, 1.8 l/100km, EURO6,"['Airbags rideaux', 'airbags frontaux', 'Airbags latéraux', 'feux automatiques', 'fixations ISOFIX', 'détecteur de pluie', 'phares av. de jour à LED', 'anti patinage', 'ABS', 'aide parking', 'jantes alu', 'rampes de pavillon alu', 'jantes alu 18""', 'rétroviseurs électriques et dégivrants', 'caméra de recul', 'Ordinateur de bord', 'vitres surteintées', 'climatisation automatique multi zone', 'système audio MP3', 'climatisation automatique', 'Bluetooth', 'fermeture électrique automatique', 'sièges réglables en hauteur', 'prise audio USB', 'accoudoir central', 'fermeture électrique', 'volant multifonctions', 'sièges électriques', 'Régulateur de vitesse', 'direction assistée', 'sièges chauffants', 'rétroviseur int. jour/nuit auto', 'GPS', 'anti démarrage', 'Construction allégée intelligente bmw efficient dynamics', ""Inserts décoratifs ''pearl'' foncé soulignés de chrome perlé"", 'Buses de lave-glace chauffantes', 'Appui lombaire ajustable électriquement pour sièges AV', 'Contrôle dynamique de stabilité dsc+ avec fonctionnalités étendues (y compris assistant de démarrage en côte)', 'Autoradio BMW Professional avec écran couleur 6', 'amplification 4 x 25w', 'Boîte à gants verrouillable éclairée', ""Diffuseurs aérodynamiques av ''air curtain''"", 'Sieges arrières rabattable', 'Ligne xline', ""Ceintures de sécuritéà 3 points d'ancrage à toutes les places avec limiteur d'effort"", 'Eléments extérieurs (poignées de portes) couleur carrosserie', 'Lève-vitres av-ar électriques avec commande par impulsion et sécurité enfants', 'info-route', 'Feux de stop dynamiques clignotants', 'check control et indicateur de température extérieure', ""Eclairage de l'habitacle à l'av"", 'Démarrage sans clé via le bouton Start-Stop', 'Sélection du mode de conduite', 'Volant 3 branches gainé cuir réglable en hauteur et en profondeur', '6 haut-parleurs dont 2 caissons de basse sous les sièges avant', 'Montant b en noir brillant', 'Avertisseur de risque de collision', ""8 touches de favoris programmables et ''Controller'' iDrive avec touches de raccourci"", 'Sellerie tissu-cuir cross track', 'Aluminium line satiné', 'système Start & Stop', 'Seuils de porte avec inscription bmw', 'Rétroviseurs extérieurs couleur carrosserie à réglages électriques et dégivrants', 'Kit de rangement', 'Déverrouillage électrique du hayon via la poignée ou la clé radiotélécommandée', 'Mesure individuelle de pression des pneumatiques', ""Appel d'urgence intelligent"", 'Park Assist', 'Commande électrique du hayon', 'miroir asphérique côté conducteur et rappel de clignotants intégrés', 'double Tuner RDS FM', 'Accès Confort (ouverture et fermeture sans clé)', 'Antenne aileron de requin', 'phares antibrouillard arrières', ""Système de récuperation de l'énergie au freinage bmw efficient dynamics"", '6 HP dont 2 caissons de bass', 'Différentiel à blocage électronique', 'Projecteurs led', 'Longueur : 4.44 m', 'Volume du coffre : 505 L']",94,69109648084,Garantie 12 mois ,Professionnel,, oui, 51 Km, 7.9 kWh, 13 kWh/100km,,,, en cours,, oui,,,,23820.0,BMW X1 F48,BMW
60 jours,"
    DS DS 5
",22530.0,2018.0, 03/09/2018, non requis, 75 825 Km, Hybride diesel électrique, automatique, BLANC,5.0,5.0, 12 mois, oui,, 8 CV, 200 ch,2.0, 103 g/kmB, 3.9 l/100km, EURO6,"['airbags front. + lat.', 'feux automatiques', 'fixations ISOFIX', 'détecteur de pluie', 'contrôle de pression des pneus', 'Aide au démarrage en côte', 'toit panoramique', 'jantes alu 18""', 'rétroviseurs électriques et dégivrants', 'aide parking av/ar', 'Ordinateur de bord', 'climatisation automatique multi zone', 'intérieur tout cuir', 'vitres ar. surteintées', 'sièges électrique à mémoire', 'Bluetooth', 'prise 12V', 'prise audio USB', 'GPS tactile', 'Volant cuir', 'volant réglable en hauteur et profondeur', 'banquette 1/3 - 2/3', 'volant multifonctions', 'carte main libre', 'Régulateur de vitesse', 'vitres électriques', 'sièges chauffants', 'boite automatique', 'rétroviseur int. jour/nuit auto', 'BLUETOOTH AUDIO', 'VEHICULE D ORIGINE FRANCE', 'système Start & Stop', 'DETECTION ANGLES MORT', 'COMMUTATION AUTOMATIQUE DES FEUX DE ROUTE  FEUX DE CROISEMENT', 'Longueur : 4.53 m', 'Volume du coffre : 325 L']",14,69109273399,Garantie 12 mois ,Professionnel,, non, 3 Km,,, NOIR,,,,, oui, 150 V,,,75825.0,DS DS 5,DS
18 jours,"
    TOYOTA AURIS 2
",19190.0,2018.0, 12/07/2018, non requis, 27 940 Km, Hybride essence électrique, automatique, blanc,5.0,5.0, 12 mois, oui,1.0, 5 CV, 136 ch,1.0, 91 g/kmA, 3.9 l/100km, EURO6,"['airbags frontaux', 'ESP', 'fixations ISOFIX', 'détecteur de pluie', 'airbag frontal', 'projecteurs antibrouillard', 'ABS', 'aide parking', 'jantes alu', 'frein de parking automatique', 'caméra de recul', 'Système audio CD', 'Ordinateur de bord', 'climatisation automatique', 'Bluetooth', 'prise audio USB', 'fermeture électrique', 'volant multifonctions', 'Régulateur de vitesse', 'vitres électriques', 'Accoudoir central avant', 'Airbag passager latéral', 'Verr.cent. Commande dist.', 'Système anti-collision', 'Syst. de reconnaissance de panneaux de signal.', 'dimension des jantes : 16 pouces', 'Activation automatique des feux de croisement', 'système Start & Stop', 'Longueur : 4.33 m', 'Volume du coffre : 360 L']",35,69109724631,Garantie 12 mois ,Professionnel,, non, 2 Km, 1.3 kWh,,,,,,, oui, 202 V,,,27940.0,TOYOTA AURIS 2,TOYOTA
5 jours,"
    PORSCHE CAYENNE 3 COUPE
",190630.0,2020.0, 18/08/2020, non requis, 2 199 Km, Hybride essence électrique, automatique, gris metal,5.0,5.0, 6 mois, oui,, 20 CV, 462 ch,1.0, 75 g/kmA,, EURO6,"['Airbags latéraux', 'Aide au démarrage en côte', ""Assistance au freinage d'urgence"", 'Antipatinage', 'ESP', 'Capot à soulèvement pour choc piéton', '8 airbags', 'Essuie glace capteur de pluie', 'Airbags rideaux', 'Indicateur de sous-gonflage des pneus', 'Kit anticrevaison', 'Système détection de collision', 'ABS', 'Ampoules de phares LED', 'Phares à allumage automatique', 'Freins régénérateurs', 'Peinture métallisée', 'Feux arrières à LED', 'Rétroviseurs extérieurs réglage électrique', 'Rétroviseurs rabattables électriquement', 'Rétroviseurs extérieurs chauffants', 'Bluetooth inclut musique en streaming, connexion téléphone', 'Air conditionné auto', 'Volant multi-fonction', 'Système audio écran tactile, carte digitale', 'Toit vitré', 'Système de navigation info trafic', 'Bouton démarrage', 'Siège avant électrique', '10 haut-parleurs', 'Système de navigation', 'Régulateur de vitesse', 'Réglage du volant en hauteur, en profondeur', 'Bluetooth', 'Pré-équipement téléphone', 'Volant alu & cuir', 'Réseau Wifi', 'Taille écran multi-fonctions 12 pouces', 'Régulateur de vitesse adaptatif', 'Connexion Internet', 'Taille écran navigation 12 pouces', 'Palettes au volant', 'Volant chauffant', 'Air conditionné 2 zones', 'Reconnaissance vocale', 'Ouverture du coffre à distance', 'Smart card / Smart key', 'Fermerture électrique du coffre', 'Tapis de sol', 'Aide au stationnement arrière', 'Pare-brise chauffant', 'Limiteur de vitesse', 'Accoudoir central avant', 'Ordinateur de bord', 'Alarme', 'Ceintures de sécurité Craie', 'Rétroviseurs extérieurs et intérieur avec fonction anti-éblouissement automatique', 'Pack intérieur peint', 'Pack fumeur', ""Airbags latéraux à l'arrière"", 'Pack aménagement du coffre', 'Rétroviseurs extérieurs peints en Noir (finition brillante)', 'Feux de route à LED', 'Désignation du modèle sur les portes en noir', ""Écusson Porsche sur l'accoudoir de console centrale"", 'Chargeur 6 CD/DVD', 'Assistance angles morts', 'Pack Sport Chrono (Pack off-road) avec boussole', 'Rétroviseurs extérieurs peints', ""Enlèvement à l'usine de Zuffenhausen"", 'Module de divertissement pour places arrière', 'Pack mémoire conducteur', 'Eclairage d’ambiance', 'Volant sport multifonction avec palettes et couronne de volant en Alcantara avec chauffage du volant', 'Fonction massage avant et arrière', 'Feux arrière à LED teintés avec bandeau lumineux', 'Pack Sport de conception allégée', 'Régulateur de vitesse adaptatif avec assistance embouteillage', 'Chauffage autonome programmable', 'Ecusson Porsche sur appuie-tête (avant et arrière)', 'Pack Sport Chrono', 'Burmester® 3D High-End Surround Sound-System', 'Désignation du modèle peinte en couleur extérieure', 'Compartiment pour Smartphone incluant la recharge par induction', 'Logo ""Porsche"" peint en Noir (finiton mate) et désignation du modèle peinte en noir (finition brillante)', 'Désignation du modèle peinte en couleur extérieure et logo PORSCHE peint en Noir (finition satinée)', ""Monogramme sur l'accoudoir de console centrale"", 'Vitrage arrière fumé', 'Climatisation 4 zones', 'Porsche Entry & Drive', ""Régulateur de vitesse adaptatif avec fonction freinage d'urgence"", 'Enjoliveurs de roue avec écusson Porsche en couleur', ""Régulateur de vitesse adaptatif avec fonction freinage d'urgence (incluant affichage des limitations de vitesse avec assistance de maintien de voie)"", 'Jantes Pack Sport GT Design 22 pouces en couleur platine finition satinée', 'Assistance parking avant et arrière avec caméra de recul et vue 360°', 'Pack Sport de conception allégée Noir', 'Affichage tête-haute', 'Pack SportDesign peint en Noir (finition brillante)', 'Pack intérieur cuir', 'Phares matriciels à LED avec Porsche Dynamic Light System Plus (PDLS +)', 'Logo ""Porsche"" latéral en noir', 'Pack intérieur Carbone', ""Dispositif d'attelage rétractable électriquement"", 'Contour des vitres latérales en Noir (finition brillante)', 'Fermeture assistée des portières - Soft Close', 'Ciel de toit en Alcantara', 'Assistance à la vision nocturne', 'Porsche InnoDrive avec Régulateur de vitesse adaptatif', 'Porsche Vehicle Tracking System Plus (PVTS Plus)', 'Longueur : 4.93 m', 'Volume du coffre : 625 L']",69,87102236353,Garantie 6 mois ,Professionnel,, oui, 44 Km, 14.1 kWh, 17 kWh/100km, cuir/tissu noir, 340 kW,,, Importé,, 382 V,,,2199.0,PORSCHE CAYENNE 3 COUPE,PORSCHE
60 jours,"
    PEUGEOT E-2008 (2E GENERATION)
",36780.0,2021.0, 22/08/2021, non requis, 10 925 Km, Electrique, automatique, rouge,5.0,5.0, 12 mois, oui,1.0, 4 CV, 78 ch,0.0, 0 g/kmA,, EURO6,"['Airbags rideaux', 'Détection panneaux signalisation', 'détecteur de pluie', 'contrôle de pression des pneus', 'jantes alu', 'Bouton démarrage', 'Bluetooth', 'Pré-équipement téléphone', 'écran tactile', 'démarrage sans clef', 'régulateur limiteur de vitesse', 'Régulateur de vitesse', 'climatisation', '5 places', 'GPS', 'Aide au stationnement AR type écran de guidage', 'Teintes spéciales Rouge Elixir', 'Avertisseur de franchissement de ligne action sur la direction', 'Navigation via téléphone mobile', 'Contrôle des Applications', 'Capteurs de distance au stationnement AV type radar et caméra type radar', 'système Start & Stop', 'Rails de toit couleur assorti à la caisse', 'Rangement réfrigéré boîte à gants', 'Interface mobile Android Auto Apple CarPlay MirrorLink', 'Siège AV passager chauffant chauffant', 'Reconnaissance vocale navigation téléphone', 'Longueur : 4.30 m', 'Volume du coffre : 405 L']",24,69108619506,Garantie 12 mois ,Professionnel,, oui, 322 Km,,,,, , en cours,, oui,,,,10925.0,PEUGEOT E-2008 (2E GENERATION),PEUGEOT
60 jours,"
    OPEL GRANDLAND X
",51900.0,2021.0, 23/08/2021, non requis, 151 Km, Hybride essence électrique, automatique, bleu,5.0,5.0,, oui,1.0, 11 CV, 301 ch,,,, EURO6,"['phares av. de jour à LED', 'caméra de recul', 'climatisation automatique multi zone', 'vitres ar. surteintées', 'climatisation automatique', 'Bluetooth', 'écran tactile', 'prise audio USB', 'intérieur cuir', '5 places', 'Aide au stationnement avancée : détection et avertissement des emplacements', 'Chargeur embarqué 3', '3 kW', 'Volant à méplat avec palettes de changement de rapport', 'alerte anticollision', 'calcul de la trajectoire et gestion automatique de la direction', 'Clé Opel mains-libres ouverture et démarrage sans clé', 'Hayon motorisé avec ouverture mains-libres (détection des mouvements du pied sous le pare-chocs)', 'Sélection du mode de conduite', 'Pack Caméra Opel Eye avec fonctions étendues', 'indicateur de distance', 'Nombre de roues motrices : 4', 'commandes vocales', ""système d'alerte anti-somnolence)"", ""freinage automatique d'urgence avec détection piéton"", 'Longueur : 4.48 m', 'Volume du coffre : 390 L']",39,69106573415,Garantie constructeur,Professionnel,, oui, 69 Km, 13.2 kWh,, noir, 221 kW, , en cours,, oui, 343 V, 38.5 A,,151.0,OPEL GRANDLAND X,OPEL
46 jours,"
    DS DS 7 CROSSBACK
",57220.0,2022.0, 10/07/2022, non requis, 4 683 Km, Hybride essence électrique, automatique, BLEU ENCRE,5.0,5.0, 24 mois, oui,1.0, 10 CV, 181 ch,1.0, 33 g/kmA, 1.6 l/100km, EURO6,"['Alarme avec supercondamnation des portes et sécurité enfant électrique', 'Toit ouvrant panoramique Comprend les barres de toit aluminium.', 'Intérieur OPERA Brun Alezan', 'Teinte Caisse nacrée Bleu Encre', 'HiFi FOCAL Electra', 'Longueur : 4.57 m', 'Volume du coffre : 555 L']",24,69109571112,Garantie 24 mois ,Professionnel,, oui, 55 Km, 13.2 kWh,, A définir,, , en cours,, oui, 300 V, 44 A,,4683.0,DS DS 7 CROSSBACK,DS
60 jours,"
    PEUGEOT 3008 (2E GENERATION)
",51400.0,2022.0, 15/12/2022, non requis, 8 281 Km, Hybride essence électrique, automatique, BLANC NACRE,5.0,5.0, 12 mois, oui,, 10 CV, 225 ch,1.0, 31 g/kmA, 1.4 l/100km, EURO6,"['Airbags rideaux', ""avertisseur d'angle mort"", 'kit téléphone main libre bluetooth', 'ESP', 'AFU', 'airbags front. + lat.', 'feux automatiques', 'EBV', 'fixations ISOFIX', 'alerte franchissement ligne', 'phares av. de jour à LED', 'essuie-glaces automatiques', 'airbag frontal', 'anti patinage', 'contrôle de pression des pneus', 'radar anti-collision', 'ABS', 'feux ar. à LED', 'Aide au démarrage en côte', 'rétroviseurs électriques', 'aide parking', 'jantes alu', 'frein de parking automatique', 'rétroviseurs dégivrants', 'Rétroviseurs rabattables électriquement', 'caméra de recul', 'Système audio CD', 'banquette rabattable', 'climatisation automatique multi zone', 'système audio MP3', 'vitres ar. surteintées', 'Accoudoir central arrière', 'boite à gants réfrigérée', 'fermeture électrique automatique', 'Régulateur de vitesse adaptatif', 'écran tactile', 'sièges réglables en hauteur', 'prise 12V', 'prise audio USB', 'Volant cuir', 'fermeture électrique', 'volant réglable en hauteur et profondeur', 'banquette 1/3 - 2/3', 'volant multifonctions', 'régulateur limiteur de vitesse', 'carte main libre', 'Régulateur de vitesse', 'vitres électriques', 'Accoudoir central avant', 'direction assistée', 'siège conducteur réglable hauteur', 'rétroviseur int. jour/nuit auto', 'GPS', 'Alarme', 'Chargeur embarqué 7,4kW', 'Siège passager avec dossier repliable', 'Ouverture des vitres séquentielle', 'Commandes vocales', ""Système d'éclairage intelligent"", 'Inserts de porte carbone', 'Pack City 2', 'TEP & Alcantara Greval', ""Appel d'Assistance Localisé"", 'Ceintures avant ajustables en hauteur', 'Pédalier sport', 'Chargeur embarqué 3,7kW', ""AVAS : système d'alerte sonore"", 'Commandes du système audio au volant', 'Condamnation sécurité enfants électrique', '6 Haut parleurs', 'Démarrage sans clé', 'Miroir de courtoisie conducteur éclairé', ""Câble de recharge pour Green'Up"", 'Eclairage au sol', 'Miroir de courtoisie passager éclairé', 'Interface Media', 'Siège conducteur avec réglage lombaire', 'Plafonnier central AV et AR à LED', 'Ceinture de vitrage chromée', ""Appel d'Urgence Localisé"", 'Hayon motorisé mains libres', 'Toit Black Diamond Noir Perla Nera', ""Peugeot i-Cockpit + écran tactile 10''HD"", 'Appuis-tête avant actifs', 'Reconnaissance panneaux de signalisation', 'Boite à gants fermée', 'Inserts de tableau de bord carbone', ""Poches d'aumonières"", 'Vitrage latéral feuilleté', 'Dispositif freinage automatique', 'Longueur : 4.45 m', 'Volume du coffre : 395 L']",17,69109386746,Garantie 12 mois ,Professionnel, Occasions du Lion PREMIUM, oui, 55 Km, 13.2 kWh,,,,, en cours,, oui, 300 V, 44 A,,8281.0,PEUGEOT 3008 (2E GENERATION),PEUGEOT
60 jours,"
    MERCEDES CLASSE C 4 SW
",27730.0,2018.0, 24/05/2018, non requis, 94 656 Km, Hybride diesel électrique, automatique, gris,5.0,, 12 mois, oui,, 7 CV, 140 ch,, 120 g/kmB,,,"['airbags frontaux', 'ESP', 'Airbags latéraux', 'fixations ISOFIX', 'détecteur de pluie', 'anti patinage', 'contrôle de pression des pneus', 'ASR', 'ABS', 'rétroviseurs électriques', 'aide parking', 'jantes alu', 'jantes alu 17""', 'Ordinateur de bord', 'accoudoir central', 'fermeture électrique', 'régulateur limiteur de vitesse', 'Régulateur de vitesse', 'vitres électriques', 'climatisation', 'direction assistée', '5 places', 'rétroviseur int. jour/nuit auto', 'GPS', 'PROJECTEURS HAUTES PERFORMANCES A TECHNOLOGIE LED', 'Sieges arrières rabattable', 'PEINTURE METALLISEE GRIS SELENITE', 'TOUCHPAD: PAVE TACTILE PERMETTANT LA NAVIGATION DANS LES MENUS AUDIO', ""TELEPHONE ET MEDIA SUR L'ECRAN"", 'Longueur : 4.36 m']",38,69107944814,Garantie 12 mois ,Professionnel,,,,,,,,,, Européen,,,,,94656.0,MERCEDES CLASSE C 4 SW,MERCEDES
60 jours,"
    MERCEDES CLASSE E 5
",61860.0,2021.0, 06/05/2021, non requis, 29 129 Km, Hybride diesel électrique, automatique, Noir obsidienne,4.0,5.0, 24 mois, non,, 11 CV, 306 ch,1.0, 33 g/kmA, 1.2 l/100km, EURO6,"['Airbags rideaux', ""avertisseur d'angle mort"", 'kit téléphone main libre bluetooth', 'ESP', 'AFU', 'airbag genoux anti sous-marinage', '3 ceintures ar. 3 points', 'airbags front. + lat.', 'fixations ISOFIX', 'phares av. de jour à LED', 'essuie-glaces automatiques', 'airbag frontal', 'système de détection de somnolence', 'anti patinage', 'contrôle de pression des pneus', 'EBD', 'radar anti-collision', 'ABS', 'feux ar. à LED', 'Aide au démarrage en côte', 'rétroviseurs électriques', 'aide parking', 'suspension sport', ""sorties d'échappement chromées"", 'jantes alu', 'toit ouvrant panoramique', 'rétroviseurs dégivrants', 'Rétroviseurs rabattables électriquement', 'caméra de recul', 'Système audio CD', 'Ordinateur de bord', 'banquette rabattable', 'climatisation automatique multi zone', 'système audio MP3', 'Palettes au volant', 'vitres ar. surteintées', 'Accoudoir central arrière', 'sièges sport', 'boite à gants réfrigérée', 'fermeture électrique automatique', 'écran tactile', 'volant sport', 'sièges réglables en hauteur', 'prise 12V', 'prise audio USB', 'Volant cuir', 'fermeture électrique', 'volant réglable en hauteur et profondeur', 'volant multifonctions', 'vitres teintées', 'régulateur limiteur de vitesse', 'Régulateur de vitesse', 'vitres électriques', 'Accoudoir central avant', 'siège conducteur réglable hauteur', 'rétroviseur int. jour/nuit auto', 'GPS', 'système audio', 'traceur GPS', 'Ecran multifonction couleur', 'Noir obsidienne', 'Porte-gobelets avant', ""Eclairage d'ambiance"", 'Boucliers AV et AR couleur caisse', 'Ouverture des vitres séquentielle', 'Siège conducteur chauffant', 'Commandes vocales', ""Système d'éclairage intelligent"", 'Pack assistance à la conduite', 'Intégration pour smartphone', 'Porte-gobelets arrière', 'Répétiteurs de clignotant dans rétro ext', '8 Haut parleurs', 'Ceintures avant ajustables en hauteur', 'Rétroviseurs ext. indexés à la marche AR', 'Pack Sport Black', ""Lampes de lecture à l'avant"", 'Pédalier sport', 'Siège passager avec réglage lombaire', 'Siège passager chauffant', ""Feux de freinage d'urgence"", 'Siège conducteur électrique', 'Bacs de portes arrière', 'Lunette arrière teintée', 'Démarrage sans clé', 'Banquette arrière 3 places', 'Miroir de courtoisie conducteur éclairé', 'FAP', 'Eclairage au sol', ""Lampes de lecture à l'arrière"", 'Bacs de portes avant', 'Miroir de courtoisie passager éclairé', 'Services connectés', 'Phares antibrouillard LED', 'Interface Media', 'système Start & Stop', 'Siège conducteur avec réglage lombaire', 'Ceinture de vitrage chromée', ""Appel d'Urgence Localisé"", 'Banquette 40/20/40', 'Echappement à double sortie', 'Compte tours', 'Filtre à Pollen', 'Température extérieure', 'Reconnaissance panneaux de signalisation', 'Volant métal', 'Commande du comportement dynamique', 'Siège passager à réglages électriques', 'Inserts de porte bois', 'Navigateur Internet', ""Poches d'aumonières"", 'Inserts de tableau de bord bois', 'TMC', 'Longueur : 4.93 m', 'Volume du coffre : 370 L']",75,69109464652,Garantie 24 mois ,Professionnel, Mercedes-Benz Certified, oui, 55 Km, 13.5 kWh, 15 kWh/100km, 4811 Cuir Nappa exclusif noir,, , en cours,, oui,,,,29129.0,MERCEDES CLASSE E 5,MERCEDES
23 jours,"
    PORSCHE TAYCAN
",175130.0,2022.0, 15/12/2022, non requis, 20 024 Km, Electrique, automatique, gris opaque (verni sans reflet),4.0,5.0, 18 mois, oui,, 10 CV, 680 ch,0.0,,, EURO6,"['Airbags latéraux', 'Aide au démarrage en côte', 'Avertisseur de franchissement de ligne', ""Assistance au freinage d'urgence"", 'Antipatinage', 'ESP', 'Détection panneaux signalisation', 'Capot à soulèvement pour choc piéton', '8 airbags', 'Essuie glace capteur de pluie', 'Airbags rideaux', 'Indicateur de sous-gonflage des pneus', 'Système détection de collision', 'ABS', 'Ampoules de phares LED', 'Phares à allumage automatique', 'Freins régénérateurs', 'Phares directionnels', 'Feux de croisement à LED', 'Rétroviseurs extérieurs réglage électrique', 'Rétroviseurs extérieurs chauffants', 'Feux de route actifs', 'Air conditionné auto', 'Volant multi-fonction', 'Système de navigation info trafic', 'Bouton démarrage', 'Réglage du volant en hauteur, électrique, en profondeur', 'Siège avant électrique', 'Système de navigation', 'Régulateur de vitesse', 'Bluetooth', 'Pré-équipement téléphone', '14 haut-parleurs', 'Accoudoir central arrière, avant', 'Siège avant chauffant', 'Air conditionné 2 zones', 'Reconnaissance vocale', 'Smart card / Smart key', 'Fermerture électrique du coffre', 'Tapis de sol', 'Volant cuir', 'Rétroviseur jour/nuit', 'Bluetooth inclut musique en streaming', 'Limiteur de vitesse', 'Système audio écran tactile', 'Ordinateur de bord', 'Alarme', 'Pack Assistance Parking', ""HomeLink® (système d'ouverture de porte de garage)"", 'Feux de route à LED', 'Pack rangement', 'Home Energy Manager', 'Pack SportDesign', 'Accès Confort', 'Jantes Mission E Design 21 pouces', 'Sport Chrono Paket', 'Désignation du modèle peint en Noir (finition brillante)', 'Bandeau lumineux avec Logo ""PORSCHE"" en Noir', 'Pack cuir additionnel console centrale', 'Projecteurs de porte à LED avec signature ""PORSCHE""', 'Taille écran multi-fonctions 10.9 pouces', 'Ventilation des sièges avant', 'Porsche Electric Sport Sound', 'Etriers de frein Porsche Ceramic Composite Brake (PCCB) en Noir (finition brillante)', 'Taille écran navigation 10.9 pouces', 'Vitrage insonorisant et thermo-isolant avec vitrage arrière fumé', 'Assistance parking avant et arrière avec caméra de recul et vue 360°', ""Sièges sports adaptatifs à l'avant (18 positions, électriques) avec Pack Mémoire"", 'Toit panoramique fixe', 'Pack intérieur additionnel Darksilver', 'Pack Sport Chrono avec Chronographe Porsche Design', 'Longueur : 4.96 m', 'Volume du coffre : 450 L']",69,87102220299,Garantie 18 mois ,Professionnel,, oui, 452 Km, 93.4 kWh, 28 kWh/100km, cuir/tissu noir, 500 kW,, en cours, Importé,, 800 V,,,20024.0,PORSCHE TAYCAN,PORSCHE
30 jours,"
    PORSCHE CAYENNE 3 COUPE
",160080.0,2022.0, 30/12/2022, non requis, 22 040 Km, Hybride essence électrique, automatique, clair metal,5.0,4.0, 16 mois, oui,, 22 CV, 462 ch,1.0, 91 g/kmA, 4 l/100km, EURO6,"['Airbags latéraux', 'Aide au démarrage en côte', ""Assistance au freinage d'urgence"", 'Antipatinage', 'ESP', 'Capot à soulèvement pour choc piéton', '8 airbags', 'Essuie glace capteur de pluie', 'Airbags rideaux', 'Indicateur de sous-gonflage des pneus', 'Kit anticrevaison', 'Système détection de collision', 'ABS', 'Ampoules de phares LED', 'Phares à allumage automatique', 'Freins régénérateurs', 'Feux de croisement à LED', 'Feux arrières à LED', 'Rétroviseurs extérieurs réglage électrique', 'Rétroviseurs rabattables électriquement', 'Rétroviseurs extérieurs chauffants', 'Air conditionné auto', 'Volant multi-fonction', 'Système audio écran tactile, carte digitale', 'Toit vitré', 'Système de navigation info trafic', 'Siège avant électrique', '10 haut-parleurs', 'Système de navigation', 'Régulateur de vitesse', 'Réglage du volant en hauteur, en profondeur', 'Bluetooth', 'Volant alu & cuir', 'Taille écran navigation 12 pouces', 'Palettes au volant', 'Volant chauffant', 'Air conditionné 2 zones', 'Reconnaissance vocale', 'Ouverture du coffre à distance', 'Smart card / Smart key', 'Fermerture électrique du coffre', 'Aide au stationnement arrière', 'Bluetooth inclut musique en streaming', 'Limiteur de vitesse', 'Accoudoir central avant', 'Ordinateur de bord', 'Taille écran multi-fonctions 12.3 pouces', 'Alarme', 'Rétroviseurs extérieurs et intérieur avec fonction anti-éblouissement automatique', ""Airbags latéraux à l'arrière"", 'Feux de route à LED', 'Intérieur tout cuir en couleur de série', 'Accès Confort', 'Eclairage d’ambiance', 'Feux arrière à LED teintés avec bandeau lumineux', 'BOSE Sound SYSTEM', 'Ecusson Porsche sur appuie-tête (avant et arrière)', 'Projecteurs de porte à LED avec signature ""PORSCHE""', 'Chargeur 7.2kW', ""Suspension pneumatique à hauteur variable avec régulation de la hauteur de caisse et de l'assiette incluant le PASM"", ""Sièges chauffants à l'avant"", 'Compartiment pour Smartphone incluant la recharge par induction', 'Vitrage arrière fumé', 'Teinte spéciale craie', ""Régulateur de vitesse adaptatif avec fonction freinage d'urgence"", 'Feux clignotants à LED', 'Roues arrière directrices', 'Assistance parking avant et arrière avec caméra de recul et vue 360°', ""Sièges Confort à l'arrière (2+1)"", 'Affichage tête-haute', 'Pack SportDesign peint en Noir (finition brillante)', 'Phares matriciels à LED avec Porsche Dynamic Light System Plus (PDLS +)', ""Système d'échappement sport en Noir"", 'Fermeture assistée des portières - Soft Close', ""Jantes 911 Turbo Design 22 pouces avec élargisseurs d'ailes peints en couleur extérieure"", 'Longueur : 4.93 m', 'Volume du coffre : 500 L']",75,87102213478,Garantie 16 mois ,Professionnel,, oui, 36 Km, 17.9 kWh, 18 kWh/100km, cuir noir, 340 kW,, en cours,,, 382 V,,,22040.0,PORSCHE CAYENNE 3 COUPE,PORSCHE
60 jours,"
    PEUGEOT 3008 (2E GENERATION)
",58910.0,2022.0, 06/11/2022, non requis, 10 947 Km, Hybride essence électrique, automatique, gris clair,5.0,5.0, 24 mois, non,, 11 CV, 200 ch,1.0, 29 g/kmA, 1.3 l/100km, EURO6,"['Airbags rideaux', 'ESP', 'Détection panneaux signalisation', 'Airbags latéraux', 'AFU', 'fixations ISOFIX', 'détecteur de pluie', 'phares av. de jour à LED', 'anti patinage', 'contrôle de pression des pneus', 'Aide au démarrage en côte', 'rétroviseurs rabattables', 'Bouton démarrage', 'Bluetooth', 'Accoudoir central arrière', 'écran tactile', 'prise 12V', 'démarrage sans clef', 'régulateur limiteur de vitesse', 'Régulateur de vitesse', 'climatisation', '5 places', 'Tapis de sol', 'GPS', 'Gestion de la batterie à distance inclut contrôle statut batterie', 'Rangement réfrigéré console', 'Aide au stationnement AR type écran de guidage', 'Applications intégrées', 'Airbags nombre de 6', 'Appel d urgence', 'Vitres opaques lunette AR', 'Rails de toit couleur chrome/argent', 'Rechargeable', 'Miroir de courtoisie passager éclairé éclairé', 'Conduite autonome alerte franchissement ligne niveau 2', 'contrôle système multimedia Ecran tactile', 'Alerte ceinture sécurité nombre 4', 'kit de réparation crevaison', 'Protection des seuils de portes', 'Contrôle des Applications', 'Distribution électronique du freinage', 'Capteurs de distance au stationnement AV type radar et caméra type radar', 'Commande vent. add. siège passager affichage digital', 'système Start & Stop', 'Carburant supplémentaire sans plomb 95', 'Feux de détresse automatiques', 'Eclairage d accueil', 'Airbags avant passager intelligent intelligent interrupteur', 'Appuis-tête sièges AV nombre 3 réglage en hauteur nombre 2 réglage en hauteur', 'éclairage ambiance', 'Longueur : 4.45 m', 'Volume du coffre : 395 L']",34,69109479968,Garantie 24 mois ,Professionnel,, oui, 59 Km, 13.2 kWh,,,, , en cours,, oui, 300 V, 44 A,,10947.0,PEUGEOT 3008 (2E GENERATION),PEUGEOT
23 jours,"
    DS DS 7 CROSSBACK
",47140.0,2020.0, 16/08/2020, non requis, 24 150 Km, Hybride essence électrique, automatique, Or Byzantin (N),5.0,5.0, 12 mois, non,, 12 CV, 300 ch,1.0, 49 g/kmA,, EURO6,"['Airbags rideaux', 'ESP', 'AFU', 'airbags front. + lat.', 'feux automatiques', 'EBV', 'fixations ISOFIX', 'alerte franchissement ligne', 'phares av. de jour à LED', 'essuie-glaces automatiques', 'airbag frontal', 'projecteurs antibrouillard', 'système de détection de somnolence', 'anti patinage', 'contrôle de pression des pneus', 'ABS', 'feux ar. à LED', 'Aide au démarrage en côte', 'rétroviseurs électriques', 'rampes de pavillon alu', 'frein de parking automatique', 'rétroviseurs dégivrants', 'Ordinateur de bord', 'banquette rabattable', 'climatisation automatique multi zone', 'Palettes au volant', 'vitres ar. surteintées', 'pack confort', 'Accoudoir central arrière', 'boite à gants réfrigérée', 'écran tactile', 'support lombaires', 'sièges réglables en hauteur', 'prise 12V', 'prise audio USB', 'Volant cuir', 'fermeture électrique', 'volant réglable en hauteur et profondeur', 'banquette 1/3 - 2/3', 'régulateur limiteur de vitesse', 'carte main libre', 'vitres électriques', 'Accoudoir central avant', 'siège conducteur réglable hauteur', 'Tapis de sol', 'rétroviseur int. jour/nuit auto', 'GPS', 'système audio', 'Ecran couleur', ""Freinage d'urg. auto. + Pk Sécu. Etendue"", 'Rétro électro, rab élect, ind. marche AR', ""Eclairage d'ambiance"", 'Commandes vocales', 'Poignées ton carrosserie', 'Inspiration DS RIVOLI Noir Basalte', 'Répétiteurs de clignotant dans rétro ext', ""Appel d'Assistance Localisé"", 'Aide au stat. AV et AR + Caméra de recul', 'Montre B.R.M R180', 'Banquette AR rabattable automatiquement', ""Feux de freinage d'urgence"", 'Bacs de portes arrière', 'DS ACTIVE SCAN SUSPENSION', 'Démarrage sans clé', 'Miroir de courtoisie conducteur éclairé', 'Inspiration DS RIVOLI Gris Perle', 'Bacs de portes avant', 'Rétro, rab. élect., ind. marche AR', 'Miroir de courtoisie passager éclairé', 'Services connectés', 'Phares antibrouillard LED', 'Combiné numérique 12""', 'Pack Modularité', 'Ceinture de vitrage chromée', ""Appel d'Urgence Localisé"", 'DS Active LED Vision', ""Éclairage d'ambiance intégral à LED"", 'Echappement à double sortie', ""Eclairage statique d'intersection"", 'Or Byzantin (N)', 'Filtre à Pollen', 'Reconnaissance panneaux de signalisation', 'Témoin de bouclage des ceintures AV', 'Pare-brise acoustique', 'JA 19"" LONDON', 'Pack Sièges Électriques', ""Poches d'aumonières"", 'Vitrage latéral feuilleté', 'Rétro. ext. rab. élect., logo DS au sol', 'Longueur : 4.57 m', 'Volume du coffre : 555 L']",30,69109701930,Garantie 12 mois ,Professionnel,, oui, 60 Km, 13.2 kWh,,,, ,,, oui,,,,24150.0,DS DS 7 CROSSBACK,DS
60 jours,"
    RENAULT ZOE
",23970.0,2020.0, 31/08/2020, non requis, 6 826 Km, Electrique, automatique, BLEU FOUDRE,5.0,5.0, 6 mois, non,, 2 CV, 108 ch,0.0, 0 g/kmA,, EURO6,"['kit téléphone main libre bluetooth', 'feux automatiques', 'essuie-glaces automatiques', 'Aide au démarrage en côte', 'rétroviseurs électriques', 'jantes alu 16""', 'radar de recul', 'rétroviseurs dégivrants', 'Rétroviseurs rabattables électriquement', 'Ordinateur de bord', 'système audio MP3', 'climatisation automatique', 'écran tactile', 'Volant cuir', 'banquette 1/3 - 2/3', 'régulateur limiteur de vitesse', 'carte main libre', 'Régulateur de vitesse', 'vitres électriques', 'GPS', 'Ecran multifonction couleur', 'Tissu Technique Noir', 'Bleu Foudre', 'Démarrage sans clé', 'Interface Media', 'Longueur : 4.08 m', 'Volume du coffre : 338 L']",31,69108708694,Garantie 6 mois ,Professionnel,, oui,, 41 kWh,,,, ,,, oui, 400 V,,,6826.0,RENAULT ZOE,RENAULT
59 jours,"
    VOLKSWAGEN PASSAT 8
",29190.0,2019.0, 21/06/2019, non requis, 39 689 Km, Hybride essence électrique, automatique, blanc,4.0,5.0, 12 mois, oui,1.0, 6 CV, 218 ch,1.0, 38 g/kmA,, EURO6,"['Airbags rideaux', 'airbags frontaux', 'ESP', 'Airbags latéraux', 'AFU', '3 ceintures ar. 3 points', 'fixations ISOFIX', 'phares av. de jour à LED', 'phares av. de jour', 'contrôle de pression des pneus', 'jantes alu', 'frein de parking automatique', 'aide parking av/ar', 'caméra de recul', 'Ordinateur de bord', 'climatisation automatique', 'Bluetooth', 'Accoudoir central arrière', 'écran tactile', 'prise 12V', 'trappe à skis', 'carte main libre', 'Régulateur de vitesse', 'direction assistée', '5 places', 'Générateur de son (haut-parleur derrière le pare-brise)', 'Eclairage de signalisation à LED dans la partie inférieure des portes AV', 'Console centrale avec bac de rangement et 2 porte-gobelets', ""Freins à disque ventilés à l'AV"", ""Inscription ''BlueMotion Technology'' à l'AR"", 'Aumônières au dos des sièges conducteur et passager AV', 'Baguette de calandre supérieure chromée avec liseré bleu', 'Feux AR à LED Premium', 'Lumière d?ambiance bleue soulignant les applic', ""Appuis-tête à sécurité optimisée à l'AV"", ""ventilés à l'AV avec étriers bleus"", 'appuis-tête arrière', 'Sieges arrières rabattable', 'Indicateur de température extérieure avec avertisseur de gel', 'Boîte à gants verrouillable', 'Câble de recharge pour prise de courant domestique (2', ""Disques de frein à l'AV et à l'AR"", ""carnet d'entretien"", ""Active Info Display : combiné d'instruments entièrement digital haute résolution couleur"", 'Grille de calandre noire avec lamelles chromées', 'Câble de recharge pour borne domestique Wallbox ou borne publique compatible (3', 'Fatigue Détection : système de détection de fatigue du conducteur', '3 kW) (mode 2', 'commandes vocales', 'Entourage chromé des vitres latérales', ""Disques de frein 16 à l'AV et à l'AR (ventilés à l'AV)"", ""Essuie-glace AV avec commande d'intermittence"", 'Badge GTE sur les ailes AV et sur la calandre', ""freins à disque à l'AR"", 'Horloge analogique', ""Kit de dépannage : compresseur 12 V et produit d'étanchéité de pneu"", 'Buses de lave-glace AV chauffantes', 'Baguettes latérales et de pare-chocs AV et AR inférieures chromées', 'Longueur : 4.77 m', 'Volume du coffre : 402 L']",66,69109502504,Garantie 12 mois ,Professionnel,, oui, 50 Km, 9.9 kWh, 13 kWh/100km,,, ,,, oui, 353 V,,,39689.0,VOLKSWAGEN PASSAT 8,VOLKSWAGEN
35 jours,"
    TOYOTA COROLLA 12
",29480.0,2022.0, 17/11/2022, non requis, 7 894 Km, Hybride essence électrique, automatique, blanc,5.0,5.0, 12 mois, oui,1.0, 5 CV, 122 ch,1.0,,, EURO6,"['airbags frontaux', 'ESP', 'fixations ISOFIX', 'détecteur de pluie', 'phares av. de jour à LED', 'airbag frontal', 'ABS', 'aide parking', 'frein de parking automatique', 'rétroviseurs rabattables', 'caméra de recul', 'Système audio CD', 'climatisation automatique', 'Bluetooth', 'prise audio USB', 'volant multifonctions', 'Android Auto', 'Régulateur de vitesse', 'vitres électriques', 'GPS', 'Apple CarPlay', 'Équipement main libre', 'Siège conducteur chauffant', 'Airbag passager latéral', 'Système anti-franchissement de ligne', 'Assistant de feux de route automatique', 'Siège passager chauffant', 'Système anti-collision', 'Feux de croisement LED', 'Syst. de reconnaissance de panneaux de signal.', 'feux de brouillard LED', 'Système de parking autonome', 'Activation automatique des feux de croisement', 'système Start & Stop', 'Système de conduite autonome', 'commandes vocales', 'Feux arrières LED', 'Rétroviseurs régl. Intérieur', 'Longueur : 4.37 m', 'Volume du coffre : 361 L']",78,69109627467,Garantie 12 mois ,Professionnel,, non,, 0.7 kWh,,,,, en cours,, oui, 207 V, 3.6 A,,7894.0,TOYOTA COROLLA 12,TOYOTA
6 jours,"
    VOLVO XC60 (2E GENERATION)
",60390.0,2022.0, 03/01/2023, non requis, 13 415 Km, Hybride essence électrique, automatique, Gris tonnerre (Gris),5.0,5.0, 24 mois, non,, 15 CV, 298 ch,1.0,,, EURO6,"['Gris Tonnerre', 'Longueur : 4.71 m', 'Volume du coffre : 468 L']",78,69109786785,Garantie 24 mois ,Professionnel, Volvo Selekt, oui,,,, [],,,,, oui,,,,13415.0,VOLVO XC60 (2E GENERATION),VOLVO
13 jours,"
    PEUGEOT PARTNER 2 FOURGON
",16320.0,2018.0, 10/09/2018, non requis, 26 893 Km, Electrique, automatique, BLANC BANQUISE,3.0,2.0, 12 mois, non,, 6 CV,,0.0, 0 g/kmA,, EURO6,"['Airbags latéraux', 'AFU', 'airbag frontal', 'ABS', 'aide parking', 'volant réglable en hauteur et profondeur', 'volant 3 branches', 'climatisation', 'direction assistée', 'Roues 15 pouces Tôle avec enjoliveurs ATACAMA', 'Câble de recharge de 5 mètres', 'WIP Sound Radio CD MP3 + Wip Bluetooth + Pack Plus', 'Charge rapide', 'Porte latérale droite coulissante tôlée', ""Trappe de charge batterie sur l'aile AV droite"", ""Tapis PVC dans l'habitacle"", 'Boîte à gants', 'Tapis PVC dans la zone de chargement', 'ESC + Aide au démarrage en pente', 'kit de réparation crevaison', 'Pack Plus', 'Revêtement moquette dans la cabine', 'Echelle arrêt de charge', 'Batterie et chaine de traction électrique', 'Capucine transversale ouverte', 'Portes AR battantes asymétriques tôlées', ""2 sièges en rang 1 avec siège passager à dossier repliable sur l'assise"", 'Longueur : 4.38 m']",33,69109754562,Garantie 12 mois ,Professionnel,, oui,,,, ???? ????,, ,,, oui,,,,26893.0,PEUGEOT PARTNER 2 FOURGON,PEUGEOT
60 jours,"
    PEUGEOT 3008 (2E GENERATION)
",48620.0,2022.0, 06/08/2022, non requis, 2 912 Km, Hybride essence électrique, automatique, NOIR PERLA NERA,5.0,5.0, 12 mois, oui,, 10 CV, 225 ch,1.0, 31 g/kmA, 1.4 l/100km, EURO6,"['Airbags rideaux', ""avertisseur d'angle mort"", 'kit téléphone main libre bluetooth', 'ESP', 'AFU', 'airbags front. + lat.', 'feux automatiques', 'EBV', 'fixations ISOFIX', 'alerte franchissement ligne', 'phares av. de jour à LED', 'essuie-glaces automatiques', 'airbag frontal', 'anti patinage', 'contrôle de pression des pneus', 'radar anti-collision', 'ABS', 'feux ar. à LED', 'Aide au démarrage en côte', 'rétroviseurs électriques', 'aide parking', 'jantes alu', 'frein de parking automatique', 'rétroviseurs dégivrants', 'Rétroviseurs rabattables électriquement', 'caméra de recul', 'Système audio CD', 'banquette rabattable', 'climatisation automatique multi zone', 'système audio MP3', 'vitres ar. surteintées', 'Accoudoir central arrière', 'boite à gants réfrigérée', 'fermeture électrique automatique', 'Régulateur de vitesse adaptatif', 'écran tactile', 'sièges réglables en hauteur', 'prise 12V', 'prise audio USB', 'Volant cuir', 'fermeture électrique', 'volant réglable en hauteur et profondeur', 'banquette 1/3 - 2/3', 'volant multifonctions', 'régulateur limiteur de vitesse', 'carte main libre', 'Régulateur de vitesse', 'vitres électriques', 'Accoudoir central avant', 'direction assistée', 'siège conducteur réglable hauteur', 'rétroviseur int. jour/nuit auto', 'GPS', 'Alarme', 'Chargeur embarqué 7,4kW', 'Siège passager avec dossier repliable', 'Ouverture des vitres séquentielle', 'Commandes vocales', ""Système d'éclairage intelligent"", 'Inserts de porte carbone', 'Pack City 2', 'TEP & Alcantara Greval', ""Appel d'Assistance Localisé"", 'Ceintures avant ajustables en hauteur', 'Pédalier sport', 'Chargeur embarqué 3,7kW', ""AVAS : système d'alerte sonore"", 'Commandes du système audio au volant', 'Condamnation sécurité enfants électrique', '6 Haut parleurs', 'Démarrage sans clé', 'Miroir de courtoisie conducteur éclairé', 'Eclairage au sol', 'Miroir de courtoisie passager éclairé', 'Interface Media', 'Siège conducteur avec réglage lombaire', 'Plafonnier central AV et AR à LED', 'Ceinture de vitrage chromée', ""Appel d'Urgence Localisé"", 'Hayon motorisé mains libres', 'Toit Black Diamond Noir Perla Nera', ""Peugeot i-Cockpit + écran tactile 10''HD"", 'Appuis-tête avant actifs', 'Reconnaissance panneaux de signalisation', 'Boite à gants fermée', 'Inserts de tableau de bord carbone', ""Poches d'aumonières"", 'Vitrage latéral feuilleté', 'Dispositif freinage automatique', 'Longueur : 4.45 m', 'Volume du coffre : 395 L']",17,69109449825,Garantie 12 mois ,Professionnel, Occasions du Lion PREMIUM, oui, 55 Km, 13.2 kWh,,,,, en cours,, oui, 300 V, 44 A,,2912.0,PEUGEOT 3008 (2E GENERATION),PEUGEOT
60 jours,"
    AUDI Q3 (2E GENERATION)
",80350.0,2021.0, 14/06/2021, non requis, 12 226 Km, Hybride essence électrique, automatique, noir,5.0,5.0, 12 mois, non,2.0, 8 CV, 150 ch,1.0, 47 g/kmA,, EURO6,"['attelage', 'toit ouvrant panoramique', 'jantes alu 20""', 'vitres ar. surteintées', 'Bluetooth', 'pack alu', 'sièges électriques', 'Régulateur de vitesse', 'sièges chauffants', 'rétroviseur int. jour/nuit auto', 'GPS', 'système audio Bang & Olufsen', 'pack assistance', 'phone box', 'caméras panoramiques', 'direction progressive', 'assistance au parking AV/AR avec park assist', 'pack rangement', 'rampes de pavillon aluminium', 'Audi connect', ""pack éclairage d'ambiance"", 'Cockpit numérique', 'projecteurs Matrix LED', 'smartphone interface', 'pack intérieur Alcantara gris', 'amortissement piloté incluant le Drive select', 'clé confort', 'pack sécurité enfants', 'Longueur : 4.48 m', 'Volume du coffre : 380 L']",67,69109280027,Garantie 12 mois ,Professionnel,, oui,, 13 kWh, 14 kWh/100km, noir,,, en cours,, oui, 224 V, 58 A,,12226.0,AUDI Q3 (2E GENERATION),AUDI
26 jours,"
    TOYOTA RAV 4 (5E GENERATION)
",45180.0,2020.0, 01/07/2020, non requis, 22 487 Km, Hybride essence électrique, automatique, GRIS C,5.0,5.0,, oui,, 9 CV,,1.0, 100 g/kmA, 4.5 l/100km, EURO6,"[""avertisseur d'angle mort"", 'kit téléphone main libre bluetooth', 'alerte franchissement ligne', 'phares av. de jour à LED', 'BAS', 'système de détection de somnolence', 'radar anti-collision', 'Aide au démarrage en côte', 'rétroviseurs électriques', 'aide parking', 'différentiel arrière à glissement limité', 'jantes alu', 'becquet', 'rétroviseurs dégivrants', 'Rétroviseurs rabattables électriquement', 'blocage de différentiel', 'caméra de recul', 'climatisation automatique multi zone', 'vitres ar. surteintées', 'Régulateur de vitesse adaptatif', 'Volant cuir', 'carte main libre', 'vitres électriques', 'siège conducteur réglable hauteur', 'rétroviseur int. jour/nuit auto', 'GPS', 'Siège conducteur chauffant', '9 Haut parleurs', ""Système d'éclairage intelligent"", 'Siège passager chauffant', 'Siège conducteur électrique', ""Système avancé de détection d'obstacles"", 'Démarrage sans clé', 'Banquette arrière 3 places', 'Caméra vue panoramique 360°', 'Rétroviseurs rabattables automatique', 'Gris Atlas', 'Echappement à double sortie', 'Système de prévention des collisions AR', 'Siège conducteur à mémoire', 'JBL Hi-Fi Surround', 'Longueur : 4.60 m', 'Volume du coffre : 1690 L']",51,69109678071,Garantie constructeur,Professionnel,, non,,,, NOIR, 163 kW,, en cours,, oui, 650 V, 6.5 A,,22487.0,TOYOTA RAV 4 (5E GENERATION),TOYOTA
60 jours,"
    PEUGEOT 3008 (2E GENERATION)
",44070.0,2022.0, 21/02/2022, non requis, 5 336 Km, Hybride essence électrique, automatique, GRIS ARTENSE,5.0,5.0, 12 mois, oui,, 10 CV, 225 ch,1.0, 31 g/kmA, 1.4 l/100km, EURO6,"['Airbags rideaux', ""avertisseur d'angle mort"", 'kit téléphone main libre bluetooth', 'ESP', 'AFU', 'airbags front. + lat.', 'feux automatiques', 'EBV', 'fixations ISOFIX', 'alerte franchissement ligne', 'phares av. de jour à LED', 'essuie-glaces automatiques', 'airbag frontal', 'anti patinage', 'contrôle de pression des pneus', 'radar anti-collision', 'ABS', 'feux ar. à LED', 'Aide au démarrage en côte', 'rétroviseurs électriques', 'aide parking', 'jantes alu', 'frein de parking automatique', 'rétroviseurs dégivrants', 'Rétroviseurs rabattables électriquement', 'caméra de recul', 'Système audio CD', 'banquette rabattable', 'climatisation automatique multi zone', 'système audio MP3', 'vitres ar. surteintées', 'Accoudoir central arrière', 'boite à gants réfrigérée', 'fermeture électrique automatique', 'Régulateur de vitesse adaptatif', 'écran tactile', 'sièges réglables en hauteur', 'prise 12V', 'prise audio USB', 'Volant cuir', 'fermeture électrique', 'volant réglable en hauteur et profondeur', 'banquette 1/3 - 2/3', 'volant multifonctions', 'régulateur limiteur de vitesse', 'carte main libre', 'Régulateur de vitesse', 'vitres électriques', 'Accoudoir central avant', 'direction assistée', 'siège conducteur réglable hauteur', 'rétroviseur int. jour/nuit auto', 'GPS', 'Alarme', 'Chargeur embarqué 7,4kW', 'Siège passager avec dossier repliable', 'Ouverture des vitres séquentielle', 'Commandes vocales', ""Système d'éclairage intelligent"", 'Inserts de porte carbone', 'Pack City 2', 'TEP & Alcantara Greval', ""Appel d'Assistance Localisé"", 'Ceintures avant ajustables en hauteur', 'Pédalier sport', 'Chargeur embarqué 3,7kW', ""AVAS : système d'alerte sonore"", 'Commandes du système audio au volant', 'Condamnation sécurité enfants électrique', '6 Haut parleurs', 'Démarrage sans clé', 'Miroir de courtoisie conducteur éclairé', 'Eclairage au sol', 'Miroir de courtoisie passager éclairé', 'Interface Media', 'Siège conducteur avec réglage lombaire', 'Plafonnier central AV et AR à LED', 'Ceinture de vitrage chromée', ""Appel d'Urgence Localisé"", 'Hayon motorisé mains libres', 'Toit Black Diamond Noir Perla Nera', ""Peugeot i-Cockpit + écran tactile 10''HD"", 'Appuis-tête avant actifs', 'Reconnaissance panneaux de signalisation', 'Boite à gants fermée', 'Inserts de tableau de bord carbone', ""Poches d'aumonières"", 'Vitrage latéral feuilleté', 'Dispositif freinage automatique', 'Longueur : 4.45 m', 'Volume du coffre : 395 L']",17,69109220915,Garantie 12 mois ,Professionnel, Occasions du Lion PREMIUM, oui, 55 Km, 13.2 kWh,,,,, en cours,, oui, 300 V, 44 A,,5336.0,PEUGEOT 3008 (2E GENERATION),PEUGEOT
60 jours,"
    PEUGEOT 508 (2E GENERATION) SW
",46610.0,2021.0, 16/11/2021, non requis, 28 905 Km, Hybride essence électrique, automatique, blanc,5.0,5.0, 24 mois, oui,1.0, 10 CV, 181 ch,1.0, 34 g/kmA, 1.5 l/100km, EURO6,"['Airbags rideaux', 'ESP', 'Détection panneaux signalisation', 'Airbags latéraux', 'AFU', 'fixations ISOFIX', 'détecteur de pluie', 'phares av. de jour à LED', 'Capot à soulèvement pour choc piéton', 'anti patinage', 'contrôle de pression des pneus', 'Aide au démarrage en côte', 'Bouton démarrage', 'Bluetooth', 'Accoudoir central arrière', 'écran tactile', 'prise 12V', 'démarrage sans clef', 'régulateur limiteur de vitesse', 'Régulateur de vitesse', 'climatisation', '5 places', 'Tapis de sol', 'GPS', 'Gestion de la batterie à distance inclut contrôle statut batterie', 'Ouverture hayon main-libre', 'Aide au stationnement AR type écran de guidage', 'Applications intégrées', 'Airbags nombre de 6', 'Avertisseur de franchissement de ligne action sur la direction', 'Vitres opaques lunette AR', 'Recharge smartphone sans fil', 'Peinture nacrée Blanc nacré', 'Rechargeable', 'Miroir de courtoisie passager éclairé éclairé', 'Conduite autonome alerte franchissement ligne niveau 2', 'Réglage mémorisable rétroviseurs extérieurs', 'contrôle système multimedia Ecran tactile', 'Alerte ceinture sécurité nombre 4', 'kit de réparation crevaison', 'Programme de stabilité de remorque', 'Interface mobile Android Auto Apple CarPlay', 'Contrôle des Applications', 'Distribution électronique du freinage', 'Capteurs de distance au stationnement AV type radar et caméra type radar', 'Commande vent. add. siège passager affichage digital', 'système Start & Stop', 'Suspension active sélection conducteur type électronique', 'Freinage multi-collision', 'Carburant supplémentaire sans plomb 95', 'panneaux de portes et façade de console centrale en boisnaturel de chêne gris', 'Décors de planche de bord', 'Rangement réfrigéré boîte à gants', 'Airbags avant passager intelligent intelligent interrupteur', 'Reconnaissance vocale inclut système audio navigation téléphone', 'Siège AV passager chauffant chauffant', 'Appuis-tête sièges AV nombre 3 réglage en hauteur nombre 2 réglage en hauteur', 'éclairage ambiance', 'Longueur : 4.79 m', 'Volume du coffre : 530 L']",34,69109284982,Garantie 24 mois ,Professionnel,, oui,, 11.8 kWh,,,, , en cours,, oui,,,,28905.0,PEUGEOT 508 (2E GENERATION) SW,PEUGEOT
30 jours,"
    CITROEN C-ZERO
",13630.0,2018.0, 03/06/2018, non requis, 17 351 Km, Electrique, automatique, BLANC ANTARCTIQUE,5.0,4.0, 12 mois, non,, 1 CV, 67 ch,0.0, 0 g/kmA,, EURO6,"['Airbags rideaux', 'kit téléphone main libre bluetooth', 'ESP', 'AFU', 'airbags front. + lat.', 'feux automatiques', 'fixations ISOFIX', 'phares av. de jour', 'airbag frontal', 'projecteurs antibrouillard', 'anti patinage', 'contrôle de pression des pneus', 'EBD', 'ABS', 'rétroviseurs électriques', 'jantes alu', 'becquet', 'Rétroviseurs rabattables électriquement', 'système audio CD MP3', 'Ordinateur de bord', 'prises audio auxiliaires', 'banquette rabattable', 'vitres ar. surteintées', 'climatisation automatique', 'banquette fractionnable', 'prise 12V', 'prise audio USB', 'Volant cuir', 'fermeture électrique', 'volant réglable en hauteur et profondeur', 'cache bagages', 'vitres teintées', 'vitres électriques', 'siège conducteur réglable hauteur', 'Phares halogènes', 'Boucliers AV et AR couleur caisse', 'Ceintures avant ajustables en hauteur', 'kit de réparation crevaison', 'Banquette 2 places', 'Bacs de portes avant', 'Services connectés', 'Pommeau de levier vitesse en cuir', 'Compte tours', 'Filtre à Pollen', 'Sièges rang 2 inclinables', 'Essuie-glace arrière', 'Boite à gants fermée', 'Longueur : 3.48 m', 'Volume du coffre : 166 L']",84,69109658366,Garantie 12 mois ,Professionnel, CITROEN select, oui, 150 Km, 14.5 kWh, 12 kWh/100km, D,, ,,, oui, 300 V,,,17351.0,CITROEN C-ZERO,CITROEN
24 jours,"
    PEUGEOT 508
",13910.0,2014.0, 18/09/2014, requis, 138 921 Km, Hybride diesel électrique, automatique, NOIR,4.0,5.0, 3 mois, oui,, 8 CV, 163 ch,2.0, 88 g/kmA, 3.6 l/100km, EURO5,"['kit téléphone main libre bluetooth', 'ESP', '3 ceintures ar. 3 points', 'airbags front. + lat.', 'feux automatiques', 'essuie-glaces automatiques', 'airbag frontal', 'ABS', 'rétroviseurs électriques', 'radar de recul', 'frein de parking automatique', 'aide parking av/ar', 'système audio CD MP3', 'Ordinateur de bord', 'prises audio auxiliaires', 'climatisation automatique multi zone', 'Accoudoir central arrière', 'prise audio USB', 'Volant cuir', 'fermeture électrique', 'banquette 1/3 - 2/3', 'volant multifonctions', 'régulateur limiteur de vitesse', 'sièges électriques', 'vitres électriques', 'direction assistée', '5 places', 'GPS', 'Porte-gobelets avant', 'Boucliers AV et AR couleur caisse', 'Porte-gobelets arrière', 'Boite à gant fermée', 'Sellerie cuir & tissu', 'Bacs de portes arrière', 'Démarrage sans clé', 'Banquette arrière 3 places', 'Bacs de portes avant', 'rétro rab élect', 'Radar AV-AR mesure pl', 'Noir Perla Nera', 'Longueur : 4.79 m', 'Volume du coffre : 515 L']",31,69109690007,Garantie 3 mois ,Professionnel,, non,,,,,,,,, oui,,,,138921.0,PEUGEOT 508,PEUGEOT
60 jours,"
    BMW I3
",35530.0,2020.0, 22/03/2020, non requis, 30 230 Km, Electrique, automatique, fluid black pour black,5.0,4.0, 24 mois, oui,, 3 CV, 170 ch,0.0, 0 g/kmA,, EURO6,"['feux et essuie-glaces automatiques', 'contrôle de pression des pneus', 'aide parking', 'Rétroviseurs rabattables électriquement', 'caméra de recul', 'climatisation automatique', 'volant multifonctions', 'Régulateur de vitesse', 'Accoudoir central avant', 'Tapis de sol', 'GPS', 'Airbag passager desactivable via la cle', 'Services ConnectedDrive (BMW Online 3 ans + BMW Apps)', 'Ceinture de securite bleue', 'Alimentation electrique renforcee', '""Fluid Black""', 'Kit de mobilite', 'Triangle de presignalisation et trousse de premiers secours', 'Porte-boissons', 'Services eDrive Connected', ""Appel d'Urgence Intelligent"", 'Kit rangement', 'Edition 360', 'Longueur : 4.01 m', 'Volume du coffre : 260 L']",31,69107157779,Garantie 24 mois ,Professionnel, BMW Premium Sélection, oui, 359 Km, 42.2 kWh, 13 kWh/100km, Tissu 'Neutronic' Aragats Grey, 135 kW, ,,, oui, 352 V, 120 A,,30230.0,BMW I3,BMW
60 jours,"
    AUDI A3 (4E GENERATION) SPORTBACK
",53880.0,2021.0, 06/04/2021, non requis, 11 400 Km, Hybride essence électrique, automatique, gris,5.0,2.0, 24 mois, oui,, 8 CV, 204 ch,1.0, 24 g/kmA,, EURO6,"['airbags frontaux', 'Airbags latéraux', 'fixations ISOFIX', 'détecteur de pluie', 'phares av. de jour à LED', 'contrôle de pression des pneus', 'rétroviseurs électriques', 'jantes alu', 'jantes alu 18""', ""freinage à récupération d'énergie"", 'caméra de recul', 'vitres surteintées', 'climatisation automatique', 'Bluetooth', 'sièges sport', 'prise audio USB', 'accoudoir central', 'pack alu', 'Régulateur de vitesse', 'direction assistée', 'sièges chauffants', '5 places', 'Alarme', 'boulons antivol de roues', 'Dispositif de limitation de vitesse', 'Audi Connect Navigation et Divertissement Plus', 'Appui lombaire à 4 axes pour les sièges avant : réglage électrique', 'Sièges AV réglables manuellement', 'Applications décoratives en aluminium Spectre foncé', 'Pack Esthétique noir', 'Phares Matrix LED avec clignotants dynamiques (AV et AR)', 'Audi sound system : 10 HP incluant un HP central et un subwoofer', 'Sièges AV classiques', 'Sieges arrières rabattable', 'marche arrière enclenchée) et fonction jour/nuit automatique des deux côtés', 'Banquette AR variable', 'Outillage de bord', 'kit de réparation crevaison', ""Audi Connect Appel d'urgence & Service"", 'Audi Pre Sense Basic', 'Boitiers de rétroviseurs extérieurs en Noir', 'Audi smartphone interface', 'radio numérique', ""avec porte-gobelet dans l'accoudoir de la place centrale"", 'I-Size et Top Tether pour les sièges AR extérieurs', 'Pack extérieur Advanced', 'Sellerie cuir/similicuir monopur 550 avec Sièges Standard [Q1A]', ""Appel d'urgence Audi connect"", ""carnet d'entretien"", 'Sécurité enfant électrique', 'triangle de présignalisation et 2 vestes de sécurité', 'Ciel de pavillon en tissu Noir', 'système Start & Stop', 'Câble de recharge HH Type E (8A)', '(côté passager avant', ""Combiné d'instruments entièrement numérique 12"", '6 HP (passifs)', 'Navigation MMI plus avec MMI touch', 'Cockpit numérique', 'Direction progressive', 'Trousse de secours', 'rabattables électriquement avec fonction rabat automatique', 'Rétroviseur intérieur jour/nuit automatique sans encadrement', 'Audi pre sense front', ""Rappel de ceinture de sécurité avec dispositif AR de détection d'occupation du siège"", 'calcule le créneau idéal et gère le braquage automatiquement.', 'Pack Assistance', 'Alerte de sortie de voie', ""Pack Eclairage d'ambiance multicolore"", 'Pack Brillance Extérieur', ""Tapis de sol à l'AV et à l'AR"", 'Audi Drive Select', 'Pare-brise à vitrage acoustique', 'Longueur : 4.34 m', 'Volume du coffre : 380 L']",1,69109440128,Garantie 24 mois ,Professionnel, Audi occasions , oui,, 12.8 kWh,,,,, en cours,, oui,,,,11400.0,AUDI A3 (4E GENERATION) SPORTBACK,AUDI
60 jours,"
    TOYOTA COROLLA 12 TOURING SPORTS
",38330.0,2022.0, 26/02/2022, non requis, 8 260 Km, Hybride essence électrique, automatique, Gris Chrome Bi-ton,5.0,5.0, 36 mois, non,, 8 CV, 184 ch,1.0,,, EURO6,"['Airbags rideaux', 'kit téléphone main libre bluetooth', 'ESP', 'AFU', 'airbag genoux anti sous-marinage', 'airbags front. + lat.', 'feux automatiques', 'fixations ISOFIX', 'alerte franchissement ligne', 'phares av. de jour à LED', 'essuie-glaces automatiques', 'airbag frontal', 'projecteurs antibrouillard', 'système de détection de somnolence', 'anti patinage', 'contrôle de pression des pneus', 'EBD', 'radar anti-collision', 'ABS', 'feux ar. à LED', 'Aide au démarrage en côte', 'rétroviseurs électriques', ""sorties d'échappement chromées"", 'jantes alu', 'rétroviseurs dégivrants', 'Rétroviseurs rabattables électriquement', 'caméra de recul', 'Ordinateur de bord', 'prises audio auxiliaires', 'banquette rabattable', 'climatisation automatique multi zone', 'système audio MP3', 'Palettes au volant', 'vitres ar. surteintées', 'Accoudoir central arrière', 'sièges sport', 'Régulateur de vitesse adaptatif', 'écran tactile', 'sièges réglables en hauteur', 'prise audio USB', 'Volant cuir', 'fermeture électrique', 'volant réglable en hauteur et profondeur', 'banquette 1/3 - 2/3', 'volant multifonctions', 'régulateur limiteur de vitesse', 'carte main libre', 'vitres électriques', 'Accoudoir central avant', 'siège conducteur réglable hauteur', 'rétroviseur int. jour/nuit auto', 'système audio', 'Ecran multifonction couleur', ""Eclairage d'ambiance"", 'Ouverture des vitres séquentielle', ""Fonction appel d'urgence"", 'Commandes vocales', ""Système d'éclairage intelligent"", 'Poignées ton carrosserie', 'Syst. intelligent gestion des cylindres', 'Mi-cuir Noir inserts tissus spq rge/gris', 'Commandes du système audio au volant', 'Calandre chromée', '6 Haut parleurs', 'Démarrage sans clé', 'FAP', 'Rétroviseurs rabattables automatique', 'Toit ouvrant panoramique ouverture élec', 'Gris Chrome Bi-ton', 'Services connectés', ""Appel d'Urgence Localisé"", 'Echappement à double sortie', 'Pommeau de levier vitesse en cuir', 'Filtre à Pollen', 'Reconnaissance panneaux de signalisation', 'Boite à gants fermée', 'Longueur : 4.65 m', 'Volume du coffre : 581 L']",91,69109474376,Garantie 36 mois ,Professionnel, Toyota Occasion, non,, 1.4 kWh,,,,, en cours,, oui, 216 V, 6.5 A,,8260.0,TOYOTA COROLLA 12 TOURING SPORTS,TOYOTA
20 jours,"
    TOYOTA COROLLA 12
",26320.0,2021.0, 31/08/2021, non requis, 14 874 Km, Hybride essence électrique, automatique, noir,5.0,5.0, 12 mois, oui,1.0, 5 CV,,1.0,,, EURO6,"['airbags frontaux', 'ESP', 'fixations ISOFIX', 'phares av. de jour à LED', 'airbag frontal', 'ABS', 'aide parking', 'caméra de recul', 'Ordinateur de bord', 'climatisation automatique', 'Bluetooth', 'Régulateur de vitesse adaptatif', 'prise audio USB', 'fermeture électrique', 'volant multifonctions', 'vitres électriques', 'Accoudoir central avant', 'GPS', 'système audio', 'Équipement main libre', 'Airbag passager latéral', 'Système anti-franchissement de ligne', 'Assistant de feux de route automatique', 'Système anti-collision', 'Feux de croisement LED', 'Syst. de reconnaissance de panneaux de signal.', 'feux de brouillard LED', 'Activation automatique des feux de croisement', 'Limitation de vitesse', 'système Start & Stop', 'Feux arrières LED', 'Rétroviseurs régl. Intérieur']",78,69109714237,Garantie 12 mois ,Professionnel,,,,,,,,,,,,,,,14874.0,TOYOTA COROLLA 12,TOYOTA
60 jours,"
    BMW SERIE 2 F45 ACTIVE TOURER
",28330.0,2018.0, 15/08/2018, non requis, 36 703 Km, Hybride essence électrique, automatique, Saphirschwarz,5.0,5.0, 24 mois, non,, 5 CV, 224 ch,1.0, 42 g/kmA, 1.9 l/100km, EURO6,"['Pneus roulage à plat', 'projecteurs antibrouillard', 'aide parking', 'pack M', 'Rétroviseurs rabattables électriquement', 'caméra de recul', 'Système audio CD', 'Volant cuir', 'volant multifonctions', 'Régulateur de vitesse', 'rétroviseur int. jour/nuit auto', 'GPS', 'Shadow Line M brillant', 'Inserts decoratifs M Aluminium Hexagon soulignes de chrome perle', 'Suppression des éléments de design extérieur', 'Avertisseur de risque de collision et système anti collision à basse vitesse', 'Projecteurs LED', ""Cuir 'Dakota' avec perforation Schwarz/accentuation Bleu"", 'jantes en alliage leger 18""style 486 M doubles-rayons', 'Sièges Advanced pour conducteur et passager avant', 'Finition M Sport', 'Services ConnectedDrive (Apps vehicule 3 ans)', 'Kit rangement', 'Pack SimpliCity', 'Saphirschwarz métallisé', 'Ciel de pavillon M anthracite', 'Longueur : 4.35 m', 'Volume du coffre : 400 L']",31,69108985336,Garantie 24 mois ,Professionnel, BMW Premium Sélection, oui, 41 Km, 7.6 kWh, 11 kWh/100km,,, ,,, oui,,,,36703.0,BMW SERIE 2 F45 ACTIVE TOURER,BMW
3 jours,"
    MERCEDES GLC
",40100.0,2017.0, 17/06/2017, requis, 84 975 Km, Hybride essence électrique, automatique, BLEU,5.0,5.0, 6 mois, non,, 10 CV, 211 ch,1.0, 59 g/kmA,, EURO6,"['kit téléphone main libre bluetooth', 'ESP', 'AFU', 'airbag genoux anti sous-marinage', '3 ceintures ar. 3 points', 'airbags front. + lat.', 'feux automatiques', 'fixations ISOFIX', 'phares av. de jour à LED', 'essuie-glaces automatiques', 'airbag frontal', 'système de détection de somnolence', 'anti patinage', 'contrôle de pression des pneus', 'radar anti-collision', 'ABS', 'feux ar. à LED', 'Aide au démarrage en côte', 'rétroviseurs électriques', 'aide parking', 'jantes alu', 'rétroviseurs dégivrants', 'Rétroviseurs rabattables électriquement', 'Système audio CD', 'Ordinateur de bord', 'banquette rabattable', 'climatisation automatique multi zone', 'intérieur tout cuir', 'système audio MP3', 'Palettes au volant', 'vitres ar. surteintées', 'sièges sport', 'fermeture électrique automatique', 'volant sport', 'sièges réglables en hauteur', 'prise 12V', 'prise audio USB', 'Volant cuir', 'fermeture électrique', 'volant réglable en hauteur et profondeur', 'volant multifonctions', 'cache bagages', 'régulateur limiteur de vitesse', 'Régulateur de vitesse', 'vitres électriques', 'Accoudoir central avant', 'sièges chauffants', 'siège conducteur réglable hauteur', 'rétroviseur int. jour/nuit auto', 'GPS', 'système audio', 'Ecran multifonction couleur', ""Eclairage d'ambiance"", 'Boucliers AV et AR couleur caisse', 'Ouverture des vitres séquentielle', ""Fonction appel d'urgence"", 'Commandes vocales', 'Câble charge prise dom. Type E/F', 'Répétiteurs de clignotant dans rétro ext', 'Inserts de porte métal', 'Ciel de pavillon en tissu noir', ""Lampes de lecture à l'avant"", 'Pédalier sport', 'Siège cond. avec réglage lombaire électr', 'Siège conducteur électrique', 'Démarrage sans clé', 'Banquette arrière 3 places', 'Miroir de courtoisie conducteur éclairé', 'Alarme antivol/anti-soulev./volum.', ""Lampes de lecture à l'arrière"", 'Bacs de portes avant', 'Miroir de courtoisie passager éclairé', ""crochet d'attelage électrique"", 'Inserts de tableau de bord métal', 'Ceinture de vitrage chromée', 'Banquette 40/20/40', 'Compte tours', 'Pack Exclusif extérieur', 'Température extérieure', 'Boite à gants fermée', 'Commande du comportement dynamique', 'Siège passager à réglages électriques', 'Navigateur Internet', 'TMC', 'Longueur : 4.66 m', 'Volume du coffre : 395 L']",51,69109807206,Garantie 6 mois ,Professionnel,, oui,,, 13 kWh/100km, NOIR,,,,, oui,,,,84975.0,MERCEDES GLC,MERCEDES
60 jours,"
    PORSCHE TAYCAN
",133730.0,2022.0, 12/02/2022, non requis, 4 398 Km, Electrique, automatique, noir metal,4.0,4.0, 20 mois, oui,, 8 CV, 530 ch,0.0, 0 g/kmA,, EURO6,"['Airbags latéraux', 'Aide au démarrage en côte', 'Avertisseur de franchissement de ligne', 'Antipatinage', 'ESP', 'Détection panneaux signalisation', 'Capot à soulèvement pour choc piéton', '8 airbags', 'Essuie glace capteur de pluie', 'Airbags rideaux', 'Indicateur de sous-gonflage des pneus', 'Système détection de collision', 'ABS', 'Ampoules de phares LED', 'Phares à allumage automatique', 'Freins régénérateurs', 'Phares directionnels', 'Feux de croisement automatiques', 'Rétroviseurs extérieurs réglage électrique', 'Rétroviseurs extérieurs chauffants', 'Bluetooth inclut musique en streaming, connexion téléphone', 'Air conditionné auto', 'Volant multi-fonction', 'Système de navigation info trafic', 'Bouton démarrage', 'Siège avant électrique', '10 haut-parleurs', 'Système de navigation', 'Régulateur de vitesse', 'Réglage du volant en hauteur, en profondeur', 'Bluetooth', 'Pré-équipement téléphone', 'Accoudoir central arrière, avant', 'Air conditionné 2 zones', 'Reconnaissance vocale', 'Smart card / Smart key', 'Fermerture électrique du coffre', 'Tapis de sol', 'Volant cuir', 'Limiteur de vitesse', 'Système audio écran tactile', 'Ordinateur de bord', 'Alarme', 'Pack fumeur', 'Ecran passager', 'Feux de route à LED', 'Pack SportDesign', 'Accès Confort', 'Pack Mémoire conducteur', 'Jantes Mission E Design 21 pouces', 'Sport Chrono Paket', 'Taille écran multi-fonctions 10.9 pouces', 'Ventilation des sièges avant', 'BOSE® Surround Sound-System', 'Taille écran navigation 10.9 pouces', 'Porte-documents du véhicule en cuir', 'Assistance parking avant et arrière avec caméra de recul et vue 360°', 'Toit panoramique fixe', ""Rétroviseurs extérieurs rabattables électriquement avec éclairage d'alentour"", ""Volant Chauffant (en combinaision avec le Pack Sport Chrono et l'intérieur cuir)"", 'Longueur : 4.96 m', 'Volume du coffre : 488 L']",69,87102104815,Garantie 20 mois ,Professionnel,, oui,, 79.2 kWh, 24 kWh/100km, cuir ivoire, 390 kW,, en cours,,, 800 V,,,4398.0,PORSCHE TAYCAN,PORSCHE
35 jours,"
    LAND ROVER RANGE ROVER SPORT 2
",136680.0,2021.0, 06/12/2021, non requis, 8 245 Km, Hybride essence électrique, automatique, bleu marine metal,5.0,5.0, 24 mois, oui,1.0, 19 CV, 301 ch,1.0, 85 g/kmA,, EURO6,"['Airbags latéraux', 'Aide au démarrage en côte', 'Avertisseur de franchissement de ligne', ""Assistance au freinage d'urgence"", 'Antipatinage', 'ESP', 'Détection panneaux signalisation', '6 airbags', 'Contrôle de freinage en courbe', ""Capteur d'angle mort"", 'Essuie glace capteur de pluie', 'Airbags rideaux', 'Indicateur de sous-gonflage des pneus', 'Kit anticrevaison', 'Lave-phares', 'Système détection de collision', 'ABS', 'Ampoules de phares LED', 'Antibrouillards avant', 'Phares à allumage automatique', 'Freins régénérateurs', 'Toit ouvrant panoramique', 'Feux de croisement à LED', 'Peinture métallisée', 'Feux arrières à LED', 'Rétroviseurs extérieurs indexés marche arrière', 'Rétroviseurs extérieurs réglage électrique', 'Rétroviseurs rabattables électriquement', 'Rétroviseurs extérieurs chauffants', 'Différentiel à glissement limité avant', 'Feux de route actifs', 'Bluetooth inclut musique en streaming, connexion téléphone', 'Air conditionné auto', 'Volant multi-fonction', 'Toit vitré', 'Système de navigation info trafic', 'Bouton démarrage', 'Réglage du volant en hauteur, électrique, en profondeur', 'Système de navigation', 'Régulateur de vitesse', 'Bluetooth', 'Volant alu & cuir', 'Réseau Wifi', 'Accoudoir central arrière, avant', 'Siège avant chauffant', 'Siège avant ventilé, climatisé, électrique', 'Palettes au volant', 'Volant chauffant', 'Air conditionné 2 zones', 'Reconnaissance vocale', 'Ouverture du coffre à distance', 'Taille écran navigation 10 pouces', 'Smart card / Smart key', '19 haut-parleurs', 'Fermerture électrique du coffre', 'Tapis de sol', 'Rétroviseur jour/nuit', 'Aide au stationnement arrière', 'Pare-brise chauffant', 'Limiteur de vitesse', 'Système audio écran tactile', 'Ordinateur de bord', 'Taille écran multi-fonctions 12.3 pouces', 'Vitres latérales feuilletées', 'Alarme', 'Feux de route à LED', 'Prise domestique', 'Réfrigérateur dans la console centrale avant', 'Secure Tracker pendant 2 ans supplémentaires', 'Phares Pixel-Laser LED avec signature LED', 'Jantes 21"" Gloss Black Style 9011', 'Fermeture assistée des portières', 'Sièges avant réglables électriquement en 22x22 directions avec mémorisation, massage et appuie-tête enveloppants', 'Télévision numérique', 'Phares Pixel-LED adaptatifs avec signature LED', 'Vitrage arrière fumé', 'Pare-soleil doubles', 'Seuils des portes avant chromés et illuminés avec marquage Range Rover', ""Ionisation de l'air dans l'habitacle"", 'Feux clignotants à LED', 'Affichage tête haute à LED', 'Finition fibre de carbone', 'Pack Driver Assist', 'Longueur : 4.88 m', 'Volume du coffre : 489 L']",60,87102207791,Garantie 24 mois ,Professionnel, JAGUAR APPROVED, oui,, 13.1 kWh,, cuir bleu, 297 kW,, en cours,,, 389 V, 33.7 A,,8245.0,LAND ROVER RANGE ROVER SPORT 2,LAND
60 jours,"
    OPEL CORSA 6
",27280.0,2021.0, 24/07/2021, non requis, 8 800 Km, Electrique, automatique, blanc,5.0,5.0,, oui,, 4 CV, 78 ch,0.0, 0 g/kmA,, EURO6,"['Airbags rideaux', 'airbags frontaux', 'Airbags latéraux', 'phares av. de jour à LED', 'projecteurs antibrouillard', 'contrôle de pression des pneus', 'ABS', 'pack visibilité', 'aide parking', 'jantes alu', 'rétroviseurs électriques et dégivrants', 'Ordinateur de bord', 'climatisation automatique', 'prise audio USB', 'accoudoir central', 'fermeture électrique', 'volant multifonctions', 'vitres électriques', 'direction assistée', '5 places', ""Rappel de bouclage de ceinture intelligent à l'AV et à l'AR"", 'phares halogènes', 'Banquette AR 60/40 séparés', 'Feux AV LED', '8 KW', 'Sellerie Mixte Imagination Captain Blue/Mistral', 'Grille de calandre noire', 'Plafonnier AR avec double spot de lecture', 'Pack Style Noir', 'Pack Vision', 'réglables en 6 positions', 'Alerte anti-somnolence', 'Phares AV halogènes', '3ème appui-tête', 'Poches aumonières au dos des sièges AV', 'kit de réparation crevaison', ""Pack Advanced City 180° (avec écran digital 7'' ou 10'' avec ou sans Navigation)"", 'Câble Mode 2 / 1', 'Pare-soleil côté conducteur et passager AV avec miroir de courtoisie', 'radio numérique', 'dimension des jantes : 16 pouces', 'Feux AR halogène', 'FAP', 'Clé Opel mains libres : démarrage sans clé', ""Sièges conducteur et passager type ''confort''"", 'Peinture brillante Blanc Jade', ""Module Opel Connect : appel d'urgence"", ""Lumière d'ambiance LED"", 'Ligne de vitrage noire', 'détection des panneaux routiers', 'Pilier B Noir laqué', 'Pack Driver Assist', 'Longueur : 4.06 m', 'Volume du coffre : 267 L']",84,69109472535,Garantie constructeur,Professionnel, Opel Sélection Premium, oui,, 50 kWh,,,, , en cours,, oui,,,,8800.0,OPEL CORSA 6,OPEL
30 jours,"
    LAND ROVER RANGE ROVER SPORT 2
",113220.0,2021.0, 25/04/2021, non requis, 21 090 Km, Hybride essence électrique, automatique, noir metal,5.0,5.0, 6 mois, oui,, 18 CV, 404 ch,1.0,,, EURO6,"['Airbags latéraux', 'Aide au démarrage en côte', 'Avertisseur de franchissement de ligne', ""Assistance au freinage d'urgence"", 'Antipatinage', 'ESP', '6 airbags', 'Contrôle de freinage en courbe', 'Essuie glace capteur de pluie', 'Airbags rideaux', 'Indicateur de sous-gonflage des pneus', 'Kit anticrevaison', 'Lave-phares', 'Système détection de collision', 'ABS', 'Ampoules de phares LED', 'Antibrouillards avant', 'Phares à allumage automatique', 'Freins régénérateurs', 'Toit ouvrant panoramique', 'Feux arrières à LED', 'Rétroviseurs extérieurs indexés marche arrière', 'Rétroviseurs extérieurs réglage électrique', 'Rétroviseurs rabattables électriquement', 'Rétroviseurs extérieurs chauffants', 'Différentiel à glissement limité avant', 'Feux de route actifs', 'Bluetooth inclut musique en streaming, connexion téléphone', 'Air conditionné auto', 'Volant multi-fonction', 'Toit vitré', 'Système de navigation info trafic', 'Bouton démarrage', 'Réglage du volant en hauteur, électrique, en profondeur', 'Siège avant électrique', 'Système de navigation', 'Régulateur de vitesse', 'Bluetooth', 'Volant alu & cuir', 'Réseau Wifi', 'Accoudoir central arrière, avant', 'Siège avant chauffant', 'Palettes au volant', 'Volant chauffant', 'Air conditionné 2 zones', 'Reconnaissance vocale', 'Ouverture du coffre à distance', 'Taille écran navigation 10 pouces', 'Smart card / Smart key', '19 haut-parleurs', 'Fermerture électrique du coffre', 'Rétroviseur jour/nuit', 'Aide au stationnement arrière', 'Pare-brise chauffant', 'Limiteur de vitesse', 'Système audio écran tactile', 'Ordinateur de bord', 'Taille écran multi-fonctions 12.3 pouces', 'Vitres latérales feuilletées', 'Alarme', 'Caméras panoramiques', 'Feux de route à LED', 'Pavillon Morzine Ebony', 'Pack Drive Pro (Grands Axes 2)', ""Rétroviseurs extérieurs photosensibles, rabattables électriquement, chauffants, à mémoire avec éclairage d'approche"", ""Eclairage d'ambiance configurable"", 'Jantes 21"" Gloss Black Diamond Turned Style 5007', 'Audio Meridian Surround 825 W', 'Vitrage arrière fumé', 'Sièges avant / arrière chauffants', 'Climatisation automatique 4 zones', 'Longueur : 4.88 m', 'Volume du coffre : 489 L']",75,87102213599,Garantie 6 mois ,Professionnel,, oui,, 13.1 kWh,, cuir noir, 297 kW,, en cours,,, 389 V,,,21090.0,LAND ROVER RANGE ROVER SPORT 2,LAND
60 jours,"
    MERCEDES CLASSE C 4
",49950.0,2020.0, 18/07/2020, non requis, 32 330 Km, Hybride diesel électrique, automatique, Noir obsidienne,4.0,5.0, 24 mois, non,, 9 CV, 317 ch,1.0, 38 g/kmA, 1.2 l/100km, EURO6,"['Airbags rideaux', 'kit téléphone main libre bluetooth', 'ESP', 'AFU', 'airbag genoux anti sous-marinage', 'airbags front. + lat.', 'feux automatiques', 'fixations ISOFIX', 'phares av. de jour à LED', 'essuie-glaces automatiques', 'BAS', 'airbag frontal', 'système de détection de somnolence', 'anti patinage', 'contrôle de pression des pneus', 'EBD', 'radar anti-collision', 'ABS', 'feux ar. à LED', 'Aide au démarrage en côte', 'rétroviseurs électriques', 'aide parking', 'jantes alu', 'toit ouvrant panoramique', 'châssis sport', 'rétroviseurs dégivrants', 'Rétroviseurs rabattables électriquement', 'caméra de recul', 'Système audio CD', 'Ordinateur de bord', 'banquette rabattable', 'climatisation automatique multi zone', 'système audio MP3', 'vitres ar. surteintées', 'Accoudoir central arrière', 'sièges sport', 'fermeture électrique automatique', 'système audio carte SD', 'volant sport', 'sièges réglables en hauteur', 'prise audio USB', 'Volant cuir', 'fermeture électrique', 'volant réglable en hauteur et profondeur', 'volant multifonctions', 'régulateur limiteur de vitesse', 'Régulateur de vitesse', 'vitres électriques', 'Accoudoir central avant', 'siège conducteur réglable hauteur', 'rétroviseur int. jour/nuit auto', 'GPS', 'système audio', 'Ecran multifonction couleur', 'Noir obsidienne', 'Porte-gobelets avant', ""Eclairage d'ambiance"", 'Boucliers AV et AR couleur caisse', 'Ouverture des vitres séquentielle', 'Porte-gobelets arrière', 'Inserts de porte métal', 'Rétroviseurs ext. indexés à la marche AR', ""Lampes de lecture à l'avant"", 'Pédalier sport', 'Siège passager avec réglage lombaire', 'Siège conducteur électrique', 'Commandes du système audio au volant', 'Calandre chromée', 'Bacs de portes arrière', 'Démarrage sans clé', 'Miroir de courtoisie conducteur éclairé', 'FAP', 'Eclairage au sol', ""Lampes de lecture à l'arrière"", 'Miroir de courtoisie passager éclairé', 'Services connectés', 'système Start & Stop', 'Siège conducteur avec réglage lombaire', 'Inserts de tableau de bord métal', 'Ceinture de vitrage chromée', ""Appel d'Urgence Localisé"", 'Banquette 40/20/40', 'Pack Premium', 'Echappement à double sortie', 'Compte tours', 'Température extérieure', 'Boite à gants fermée', 'Commande du comportement dynamique', 'Siège passager à réglages électriques', ""Poches d'aumonières"", '4 Haut parleurs', 'TMC', 'Longueur : 4.69 m', 'Volume du coffre : 300 L']",38,69109225720,Garantie 24 mois ,Professionnel, Mercedes-Benz Certified, oui, 51 Km, 13.5 kWh, 18 kWh/100km,,, ,,, oui,,,,32330.0,MERCEDES CLASSE C 4,MERCEDES
48 jours,"
    TOYOTA RAV 4
",40580.0,2022.0, 03/01/2023, non requis, 8 091 Km, Hybride diesel électrique, automatique, gris,5.0,5.0, 12 mois, non,, 9 CV,,1.0,,, EURO6,"['airbags frontaux', 'ESP', 'fixations ISOFIX', 'détecteur de pluie', 'phares av. de jour à LED', 'airbag frontal', 'projecteurs antibrouillard', 'aide parking', 'peinture métallisée', 'frein de parking automatique', 'rétroviseurs rabattables', 'caméra de recul', 'Ordinateur de bord', 'climatisation automatique', 'Bluetooth', 'prise audio USB', 'volant multifonctions', 'Android Auto', 'Régulateur de vitesse', 'vitres électriques', 'Accoudoir central avant', 'Apple CarPlay', 'Airbag passager latéral', 'Verr.cent. Commande dist.', 'Système anti-franchissement de ligne', 'Assistant de feux de route automatique', 'Système anti-collision', 'Feux de croisement LED', 'Syst. de reconnaissance de panneaux de signal.', 'Activation automatique des feux de croisement', 'Pommeau de vitesses cuir', 'système Start & Stop', 'commandes vocales', 'Feux arrières LED']",78,69109559928,Garantie 12 mois ,Professionnel,,,,,, anthracite, 160 kW,,,,,,,,8091.0,TOYOTA RAV 4,TOYOTA
60 jours,"
    BMW I8 ROADSTER
",152200.0,2021.0, 12/08/2021, non requis, 1 344 Km, Hybride essence électrique, automatique, gris metal,2.0,2.0, 12 mois, oui,, 11 CV, 374 ch,1.0, 50 g/kmA, 2.2 l/100km, EURO6,"['Airbags latéraux', 'Avertisseur de franchissement de ligne', ""Assistance au freinage d'urgence"", 'Antipatinage', 'ESP', 'Contrôle de freinage en courbe', '4 airbags', 'Essuie glace capteur de pluie', 'Indicateur de sous-gonflage des pneus', 'Lave-phares', 'Système détection de collision', 'ABS', 'Capote électrique', 'Ampoules de phares LED', ""Caméra d'aide au stationnement à 360°"", 'Phares à allumage automatique', 'Freins régénérateurs', 'Phares directionnels', 'Aide parking avec caméra de recul', 'Feux de croisement à LED', 'Peinture métallisée', 'Frein de parking automatique', 'Rétroviseurs électriques et dégivrants', 'Feux de croisement automatiques', 'Feux arrières à LED', 'Rétroviseurs extérieurs réglage électrique', 'Rétroviseurs rabattables électriquement', 'Rétroviseurs extérieurs chauffants', 'Différentiel à glissement limité avant', 'Prise audio USB', 'Air conditionné auto', 'Volant multi-fonction', 'Système de navigation info trafic', 'Bouton démarrage', 'Siège avant électrique', 'Système de navigation', 'Réglage du volant en hauteur, en profondeur', 'Système audio CD', 'Bluetooth', 'Pré-équipement téléphone', 'Volant alu & cuir', 'Régulateur de vitesse adaptatif', 'Boite automatique', 'Siège avant chauffant', 'Palettes au volant', 'Air conditionné 2 zones', '7 haut-parleurs', 'Reconnaissance vocale', 'Ouverture du coffre à distance', 'Taille écran multi-fonctions 8.8 pouces', 'Smart card / Smart key', 'Taille écran navigation 8.8 pouces', 'Tapis de sol', 'Rétroviseur jour/nuit', 'Aide au stationnement arrière', 'Climatisation automatique multi zone', 'Bluetooth inclut musique en streaming', 'Limiteur de vitesse', 'Intérieur tout cuir', 'Pack cuir', 'Accoudoir central avant', 'Ordinateur de bord', 'GPS', 'Alarme', 'Accaro sellerie cuir exclusif étendu avec empiècements en tissu', 'Télécommande universelle intégrée', 'Feux de route à LED', 'Shadow Line', 'Jantes alliage 20"" style 625 Turbine', 'Pack Travel', 'Inserts décoratifs Dry Carbon', 'Système Hi-Fi Harman Kardon', 'Applications en céramique', 'Feux clignotants à LED', 'Connectivité avancée sans fil avec recharge par induction', 'Teinte de carrosserie métallisée', 'Longueur : 4.69 m', 'Volume du coffre : 88 L']",74,87102183843,Garantie 12 mois ,Professionnel,, oui, 52 Km, 11.6 kWh, 14 kWh/100km, cuir fauve, 275 kW,, en cours, Importé,, 353 V, 33 A,,1344.0,BMW I8 ROADSTER,BMW
60 jours,"
    OPEL GRANDLAND X
",47720.0,2021.0, 25/02/2021, non requis, 7 688 Km, Hybride essence électrique, automatique, gris,5.0,5.0, 10 mois, oui,1.0, 10 CV, 224 ch,1.0,,, EURO6,"['airbags frontaux', ""avertisseur d'angle mort"", 'ESP', 'fixations ISOFIX', 'phares av. de jour à LED', 'contrôle de pression des pneus', 'ABS', 'Aide au démarrage en côte', 'pack visibilité', 'aide parking', 'peinture métallisée', 'jantes alu', 'rampes de pavillon alu', 'peinture intégrale', 'rétroviseurs électriques et dégivrants', 'jantes alu 19""', 'caméra de recul', 'Ordinateur de bord', 'climatisation automatique multi zone', 'vitres ar. surteintées', 'climatisation automatique', 'Bluetooth', 'Accoudoir central arrière', 'écran tactile', 'prise audio USB', 'fermeture électrique', 'trappe à skis', 'cache bagages', 'régulateur limiteur de vitesse', 'Régulateur de vitesse', 'vitres électriques', '5 places', ""Sabots de protection AV/AR ''Silver''"", 'Aide au stationnement avancée : détection et avertissement des emplacements', '5 ceintures de sécurité 3 points à enrouleur', 'Chargeur embarqué 3', 'Volant à méplat avec palettes de changement de rapport', 'alerte anticollision', 'calcul de la trajectoire et gestion automatique de la direction', 'Opel CONNECT', 'Pack Park & Go 1', 'Sieges arrières rabattable', 'avec indicateur de ceintures attachées', 'Clé Opel mains-libres ouverture et démarrage sans clé', 'rangement fermé et 2 porte-gobelet (seulement 1 avec Pack All Road)', 'kit de réparation crevaison', '7 kW et câble de recharge mode 2', 'Console centrale avec accoudoir', 'radio numérique', 'Hayon motorisé avec ouverture mains-libres (détection des mouvements du pied sous le pare-chocs)', 'Sélection du mode de conduite', '6 HP', 'Rétroviseur intérieur Frameless', 'Pack Caméra Opel Eye avec fonctions étendues', 'Spots de lecture AV', 'intérieur : tissu', 'Ligne de vitrage chromée', 'indicateur de distance', 'Poignées de portes couleur carrosserie', 'commandes vocales', 'Toit et coques de rétroviseurs extérieurs noires', 'Spots de lecture AR', ""système d'alerte anti-somnolence)"", ""Lumière d'ambiance dans la console centrale et les portes AV"", 'Sellerie MixteTissu/effet cuir Harlequin/Nemo Noir avec siège conducteur AGR', ""freinage automatique d'urgence avec détection piéton"", 'Miroirs de courtoisie', 'Eléments de décoration Gris Toba', 'latéraux sur sièges AV et rideaux (déconnectable côté passager AV)', '3 Appuis-tête sur banquette AR', 'Siège confort avec réglage en hauteur du siège conducteur', 'Longueur : 4.48 m', 'Volume du coffre : 390 L']",7,69107481335,Garantie 10 mois ,Professionnel,, oui,, 13.2 kWh, 17 kWh/100km, noir, 165 kW, , en cours,, oui, 300 V,,,7688.0,OPEL GRANDLAND X,OPEL
20 jours,"
    DS DS 7 CROSSBACK
",58380.0,2021.0, 19/05/2021, non requis, 15 210 Km, Hybride essence électrique, automatique, blanc nacre,5.0,5.0,, oui,1.0, 11 CV, 300 ch,1.0, 34 g/kmA, 1.5 l/100km, EURO6,"['Airbags latéraux', 'Aide au démarrage en côte', 'Avertisseur de franchissement de ligne', ""Assistance au freinage d'urgence"", 'Antipatinage', 'ESP', 'Détection panneaux signalisation', '6 airbags', 'Essuie glace capteur de pluie', 'Airbags rideaux', 'Indicateur de sous-gonflage des pneus', 'Kit anticrevaison', 'Système détection de collision', 'ABS', 'Ampoules de phares LED', 'Antibrouillards avant', 'Phares à allumage automatique', 'Freins régénérateurs', 'Phares directionnels', 'Toit ouvrant panoramique', 'Feux arrières à LED', 'Rétroviseurs extérieurs indexés marche arrière', 'Rétroviseurs extérieurs réglage électrique', 'Rétroviseurs rabattables électriquement', 'Rétroviseurs extérieurs chauffants', 'Feux de route actifs', 'Bluetooth inclut musique en streaming, connexion téléphone', 'Air conditionné auto', 'Volant multi-fonction', 'Système de navigation info trafic', 'Bouton démarrage', 'Siège avant électrique', 'Système de navigation', 'Régulateur de vitesse', 'Réglage du volant en hauteur, en profondeur', 'Bluetooth', 'Pré-équipement téléphone', 'Taille écran multi-fonctions 12 pouces', 'Accoudoir central arrière, avant', 'Taille écran navigation 12 pouces', 'Palettes au volant', 'Air conditionné 2 zones', '8 haut-parleurs', 'Reconnaissance vocale', 'Ouverture du coffre à distance', 'Smart card / Smart key', 'Fermerture électrique du coffre', 'Tapis de sol', 'Volant cuir', 'Rétroviseur jour/nuit', 'Aide au stationnement arrière', 'Pare-brise chauffant', 'Limiteur de vitesse', 'Système audio écran tactile', 'Ordinateur de bord', 'Vitres latérales feuilletées', 'Pack DS Night Vision', 'Feux de route à LED', ""Freinage d'urgence automatique jusqu'à 140km/h avec DS CONNECTED PILOT pour E-TENSE 4x4"", 'Sièges avant chauffants', 'Pack Modularité', 'Eclairage PolyAmbient', 'HiFi FOCAL Electra', 'Longueur : 4.57 m', 'Volume du coffre : 555 L']",47,87102221878,Garantie constructeur,Professionnel,, oui,, 13.2 kWh,, cuir/tissu noir, 221 kW, , en cours,,,,,,15210.0,DS DS 7 CROSSBACK,DS
60 jours,"
    LEXUS UX
",33480.0,2021.0, 25/11/2021, non requis, 37 037 Km, Hybride essence électrique, automatique, Blanc Nova,5.0,, 36 mois, non,, 8 CV,,,,,,"['Airbags rideaux', 'kit téléphone main libre bluetooth', 'ESP', 'AFU', 'airbag genoux anti sous-marinage', '3 ceintures ar. 3 points', 'airbags front. + lat.', 'feux automatiques', 'fixations ISOFIX', 'alerte franchissement ligne', 'phares av. de jour à LED', 'essuie-glaces automatiques', 'airbag frontal', 'anti patinage', 'contrôle de pression des pneus', 'EBD', 'phares adaptatifs', 'Lave-phares', 'radar anti-collision', 'ABS', 'feux ar. à LED', 'Aide au démarrage en côte', 'rétroviseurs électriques', 'aide parking', 'toit ouvrant', 'toit ouvrant électrique', 'jantes alu', 'becquet', 'rétroviseurs dégivrants', 'Rétroviseurs rabattables électriquement', 'caméra de recul', 'Système audio CD', 'Ordinateur de bord', 'prises audio auxiliaires', 'banquette rabattable', 'climatisation automatique multi zone', 'Palettes au volant', 'vitres ar. surteintées', 'Accoudoir central arrière', 'sièges sport', 'fermeture électrique automatique', 'Régulateur de vitesse adaptatif', 'écran tactile', 'volant sport', 'sièges réglables en hauteur', 'prise 12V', 'prise audio USB', 'Volant cuir', 'fermeture électrique', 'volant réglable en hauteur et profondeur', 'banquette 1/3 - 2/3', 'volant multifonctions', 'carte main libre', 'vitres électriques', 'Accoudoir central avant', 'siège conducteur réglable hauteur', 'rétroviseur int. jour/nuit auto', 'GPS', 'système audio', 'Alarme', 'Ecran multifonction couleur', 'Lunette arrière', 'Ouverture des vitres séquentielle', 'Siège conducteur chauffant', 'Commandes vocales', 'Blanc Nova', ""Système d'éclairage intelligent"", 'Poignées ton carrosserie', 'Porte-gobelets arrière', 'Répétiteurs de clignotant dans rétro ext', 'Vitrage calorifuge', 'Toit ouvrant rang 1 entrebaillant', 'Volume automatique de la radio', 'Pédalier sport', 'Siège passager chauffant', 'Siège cond. avec réglage lombaire électr', 'Siège conducteur électrique', 'Commandes du système audio au volant', 'Calandre chromée', 'Bacs de portes arrière', '6 Haut parleurs', 'Démarrage sans clé', 'Eclairage au sol', 'Bacs de portes avant', 'Services connectés', 'Phares antibrouillard LED', 'Interface Media', 'système Start & Stop', ""Appel d'Urgence Localisé"", ""Eclairage statique d'intersection"", 'Pommeau de levier vitesse en cuir', 'Filtre à Pollen', 'Reconnaissance panneaux de signalisation', 'Témoin de bouclage des ceintures AV', 'Boite à gants fermée', 'Commande du comportement dynamique', 'Siège passager à réglages électriques', 'TMC']",10,69109334784,Garantie 36 mois ,Professionnel, Toyota Occasion,,,,,,,,,,,,,,37037.0,LEXUS UX,LEXUS
12 jours,"
    AUDI A3 (3E GENERATION) SPORTBACK
",41460.0,2021.0, 10/09/2021, non requis, 14 225 Km, Hybride essence électrique, automatique, blanc metal,5.0,5.0, 18 mois, oui,, 6 CV, 204 ch,1.0, 124 g/kmC,, EURO6,"['Airbags latéraux', 'Aide au démarrage en côte', ""Assistance au freinage d'urgence"", 'Antipatinage', 'ESP', '6 airbags', 'Pack Sécurité', 'Capot à soulèvement pour choc piéton', 'Essuie glace capteur de pluie', 'Airbags rideaux', 'Indicateur de sous-gonflage des pneus', 'Kit anticrevaison', 'Système détection de collision', 'ABS', 'Ampoules de phares LED', 'Phares à allumage automatique', 'Freins régénérateurs', 'Feux arrières à LED', 'Rétroviseurs extérieurs réglage électrique', 'Rétroviseurs rabattables électriquement', 'Rétroviseurs extérieurs chauffants', 'Différentiel à glissement limité avant', 'Bluetooth inclut musique en streaming, connexion téléphone', 'Air conditionné auto', 'Volant multi-fonction', 'Système de navigation info trafic', 'Bouton démarrage', 'Système audio carte digitale', 'Système de navigation', 'Taille écran multi-fonctions 3.5 pouces', 'Régulateur de vitesse', 'Réglage du volant en hauteur, en profondeur', 'Bluetooth', 'Réseau Wifi', 'Palettes au volant', 'Air conditionné 2 zones', 'Sièges Sport', '8 haut-parleurs', 'Reconnaissance vocale', 'Ouverture du coffre à distance', 'Taille écran navigation 7 pouces', 'Smart card / Smart key', 'Chargeur 1 CD', 'Tapis de sol', 'Volant cuir', 'Système audio lecteur CD et MP3', 'Rétroviseur jour/nuit', 'Aide au stationnement arrière', 'Accoudoir central avant', 'Ordinateur de bord', 'DVD/VCD', 'Pack aluminium intérieur', ""Airbags latéraux à l'arrière"", 'Projecteurs Audi Matrix LED avec clignotants dynamiques (avant et arrière)', 'Adaptive cruise control avec Audi pre sense front', 'Audi active lane assist + Audi side assist', 'Application Aluminium Mistral', 'Feux de route à LED', 'Appui lombaire à 4 axes', 'Audi Phone Box', 'Pack assistance avec Audi Side Assist', 'Rétroviseurs extérieurs escamotables électriquement, dégivrants, jour/nuit automatiques des deux\xa0côtés et buses de lave-glaces dégivrantes.', 'Audi active lane assist', 'Audi smartphone interface', 'Sièges avant chauffants', 'Audi pre sense basic', 'Pack Eclairage', 'Audi park Assist', 'Pack assistance', 'Volant en cuir multifonction à 3 branches', 'Audi pre sense front', 'Feux de route assistés', 'Alarme antivol + advanced key', ""Jantes en alliage coulé 16'' style étoile 5 branches Pneus : 205/55 R16"", 'Longueur : 4.31 m', 'Volume du coffre : 280 L']",69,87102229675,Garantie 18 mois ,Professionnel,, oui,, 8.8 kWh, 12 kWh/100km, tissu noir, 150 kW, , en cours, Importé,,, 44 A,,14225.0,AUDI A3 (3E GENERATION) SPORTBACK,AUDI
58 jours,"
    TESLA MODEL X
",118680.0,2020.0, 16/11/2020, non requis, 21 480 Km, Electrique, automatique, BLANC NACRE,5.0,5.0,, oui,, 10 CV, 772 ch,0.0, 0 g/kmA,, EURO6,"[""avertisseur d'angle mort"", 'ESP', 'AFU', 'airbags front. + lat.', 'feux automatiques', 'fixations ISOFIX', 'alerte franchissement ligne', 'phares av. de jour à LED', 'essuie-glaces automatiques', 'airbag frontal', 'anti patinage', 'contrôle de pression des pneus', 'EBD', 'radar anti-collision', 'feux ar. à LED', 'rétroviseurs électriques', 'aide parking', 'aide parking avec caméra de recul', 'becquet', 'rétroviseurs dégivrants', 'Rétroviseurs rabattables électriquement', 'caméra de recul', 'Système audio CD', 'Ordinateur de bord', 'banquette rabattable', 'climatisation automatique multi zone', 'système audio MP3', 'écran tactile', 'sièges réglables en hauteur', 'prise 12V', 'prise audio USB', 'Volant cuir', 'fermeture électrique', 'volant multifonctions', 'régulateur limiteur de vitesse', 'carte main libre', 'Régulateur de vitesse', 'vitres électriques', 'siège conducteur réglable hauteur', 'rétroviseur int. jour/nuit auto', 'GPS', 'système audio', 'Alarme', 'Ecran multifonction couleur', 'Ouverture des vitres séquentielle', 'Siège conducteur chauffant', '9 Haut parleurs', 'Pré-équipement Kit Bluetooth', 'Capacité conduite entièrement autonome', 'Colonne de direction électrique', 'Blanc Nacré Multicouches', 'Siège passager chauffant', 'Siège conducteur électrique', 'Pare-brise thermique', 'Commandes du système audio au volant', 'Démarrage sans clé', 'Pack de remorquage', 'Siège passager à mémoire', 'Miroir de courtoisie conducteur éclairé', 'Rétroviseurs rabattables automatique', 'Miroir de courtoisie passager éclairé', 'Services connectés', 'Pilotage automatique', 'Température extérieure', 'Intérieur Premium', 'Siège passager à réglages électriques', 'Siège conducteur à mémoire', 'Configuration 6 places', 'Longueur : 5.05 m']",31,69109509091,Garantie constructeur,Professionnel,, oui, 540.74 Km, 100 kWh,, BEIGE,,, en cours,, oui, 350 V, 286 A,,21480.0,TESLA MODEL X,TESLA
60 jours,"
    MERCEDES CLASSE A 4
",44630.0,2022.0, 27/01/2023, non requis, 14 061 Km, Hybride essence électrique, automatique, Blanc polaire,5.0,5.0, 24 mois, non,, 8 CV, 218 ch,1.0, 24 g/kmA, 1.1 l/100km, EURO6,"['Airbags rideaux', 'kit téléphone main libre bluetooth', 'ESP', 'AFU', 'airbag genoux anti sous-marinage', '3 ceintures ar. 3 points', 'airbags front. + lat.', 'feux automatiques', 'fixations ISOFIX', 'alerte franchissement ligne', 'phares av. de jour à LED', 'essuie-glaces automatiques', 'BAS', 'airbag frontal', 'système de détection de somnolence', 'anti patinage', 'contrôle de pression des pneus', 'EBD', 'radar anti-collision', 'ABS', 'feux ar. à LED', 'Aide au démarrage en côte', 'rétroviseurs électriques', 'aide parking', ""sorties d'échappement chromées"", 'jantes alu', 'frein de parking automatique', 'rétroviseurs dégivrants', 'Rétroviseurs rabattables électriquement', 'caméra de recul', 'Système audio CD', 'Ordinateur de bord', 'prises audio auxiliaires', 'banquette rabattable', 'Palettes au volant', 'climatisation automatique', 'sièges sport', 'fermeture électrique automatique', 'écran tactile', 'volant sport', 'sièges réglables en hauteur', 'prise 12V', 'prise audio USB', 'Volant cuir', 'fermeture électrique', 'volant réglable en hauteur et profondeur', 'volant multifonctions', 'cache bagages', 'vitres teintées', 'régulateur limiteur de vitesse', 'Régulateur de vitesse', 'vitres électriques', 'Accoudoir central avant', 'direction assistée', 'siège conducteur réglable hauteur', 'rétroviseur int. jour/nuit auto', 'GPS', 'Ecran multifonction couleur', 'Porte-gobelets avant', 'Boucliers AV et AR couleur caisse', 'Ouverture des vitres séquentielle', 'Commandes vocales', 'Inserts déco alu clair stries longitudin', 'Poignées ton carrosserie', 'Intégration pour smartphone', 'Porte-gobelets arrière', 'Répétiteurs de clignotant dans rétro ext', 'Syst. intelligent gestion des cylindres', ""Appel d'Assistance Localisé"", ""Lampes de lecture à l'avant"", 'Similicuir ARTICO/DINAMICA noir', 'Pédalier sport', ""Feux de freinage d'urgence"", 'Commandes du système audio au volant', 'Bacs de portes arrière', 'Démarrage sans clé', 'Banquette arrière 3 places', 'Miroir de courtoisie conducteur éclairé', ""Lampes de lecture à l'arrière"", 'Bacs de portes avant', 'Miroir de courtoisie passager éclairé', 'système Start & Stop', 'Ecran LCD', 'Ceinture de vitrage chromée', ""Appel d'Urgence Localisé"", 'Banquette 40/20/40', 'Pack Premium', 'Echappement à double sortie', 'Commande Mode ECO', 'Compte tours', 'Filtre à Pollen', 'Blanc polaire', 'Température extérieure', 'Vitrage athermique foncé', 'Reconnaissance panneaux de signalisation', 'Essuie-glace arrière', 'Témoin de bouclage des ceintures AV', 'Boite à gants fermée', 'Commande du comportement dynamique', 'Navigateur Internet', ""Poches d'aumonières"", 'TMC', 'Longueur : 4.42 m', 'Volume du coffre : 310 L']",38,69109466471,Garantie 24 mois ,Professionnel, Mercedes-Benz Certified, oui, 71 Km, 15.6 kWh, 15 kWh/100km,,,, en cours,, oui,,,,14061.0,MERCEDES CLASSE A 4,MERCEDES
60 jours,"
    TOYOTA C-HR
",34110.0,2022.0, 27/09/2022, non requis, 6 300 Km, Hybride essence électrique, automatique, Gris Platinium bi-ton,5.0,5.0, 36 mois, non,, 5 CV, 122 ch,1.0,,, EURO6,"['Airbags rideaux', ""avertisseur d'angle mort"", 'kit téléphone main libre bluetooth', 'ESP', 'AFU', 'airbag genoux anti sous-marinage', 'airbags front. + lat.', 'feux automatiques', 'fixations ISOFIX', 'alerte franchissement ligne', 'phares av. de jour à LED', 'essuie-glaces automatiques', 'airbag frontal', 'système de détection de somnolence', 'anti patinage', 'contrôle de pression des pneus', 'EBD', 'phares adaptatifs', 'radar anti-collision', 'ABS', 'feux ar. à LED', 'Aide au démarrage en côte', 'rétroviseurs électriques', 'aide parking', 'jantes alu', 'becquet', 'rétroviseurs dégivrants', 'Rétroviseurs rabattables électriquement', 'caméra de recul', 'Système audio CD', 'Ordinateur de bord', 'prises audio auxiliaires', 'banquette rabattable', 'climatisation automatique multi zone', 'système audio MP3', 'vitres ar. surteintées', 'sièges sport', 'Régulateur de vitesse adaptatif', 'écran tactile', 'sièges réglables en hauteur', 'prise audio USB', 'Volant cuir', 'Volant chauffant', 'fermeture électrique', 'volant réglable en hauteur et profondeur', 'volant multifonctions', 'régulateur limiteur de vitesse', 'carte main libre', 'vitres électriques', 'Accoudoir central avant', 'siège conducteur réglable hauteur', 'rétroviseur int. jour/nuit auto', 'GPS', 'système audio', 'Ecran multifonction couleur', 'Boucliers AV et AR couleur caisse', 'Ouverture des vitres séquentielle', 'Siège conducteur chauffant', 'Commandes vocales', '9 Haut parleurs', ""Système d'éclairage intelligent"", 'Poignées ton carrosserie', 'Répétiteurs de clignotant dans rétro ext', 'Siège passager chauffant', 'Siège cond. avec réglage lombaire électr', 'Siège conducteur électrique', ""Système avancé de détection d'obstacles"", 'Cuir/Alcantara Noir', 'Commandes du système audio au volant', 'Démarrage sans clé', 'Banquette arrière 3 places', 'FAP', 'Rétroviseurs rabattables automatique', 'Services connectés', 'Phares antibrouillard LED', 'Interface Media', 'système Start & Stop', 'Ceinture de vitrage chromée', ""Appel d'Urgence Localisé"", ""Système d'éclairage intelligent à LED"", 'Gris Platinium bi-ton', 'Compte tours', 'Filtre à Pollen', 'Température extérieure', 'Reconnaissance panneaux de signalisation', 'Boite à gants fermée', 'Système de prévention des collisions AR', ""Poches d'aumonières"", 'TMC', 'Longueur : 4.39 m', 'Volume du coffre : 377 L']",10,69108770171,Garantie 36 mois ,Professionnel, Toyota Occasion, non,, 0.7 kWh,,,,, en cours,, oui, 207 V, 3.6 A,,6300.0,TOYOTA C-HR,TOYOTA
60 jours,"
    DS DS 7 CROSSBACK
",55480.0,2022.0, 16/02/2022, non requis, 10 778 Km, Hybride essence électrique, automatique, gris,5.0,5.0, 12 mois, non,2.0, 11 CV, 300 ch,1.0, 35 g/kmA, 1.5 l/100km, EURO6,"['5 places', ""Pack Sécurité Etendue et DS CONNECTED PILOT avec freinage d'urgence automatique jusqu'à 140km/h"", 'Sièges AV ventilés', 'Eclairage PolyAmbient', 'Teinte Caisse métallisée Gris Platinium', 'HiFi FOCAL Electra', 'Longueur : 4.57 m', 'Volume du coffre : 555 L']",31,69109440455,Garantie 12 mois ,Professionnel, Audi occasions , oui, 58 Km, 13.2 kWh,,,, , en cours,, oui,,,,10778.0,DS DS 7 CROSSBACK,DS
60 jours,"
    PORSCHE CAYENNE 3 COUPE
",162900.0,2022.0, 22/06/2022, non requis, 1 140 Km, Hybride essence électrique, automatique, noir metal,5.0,5.0, 24 mois, oui,, 22 CV, 462 ch,1.0, 91 g/kmA, 4 l/100km, EURO6,"['affichage tête haute', 'feux automatiques', 'fixations ISOFIX', 'phares av. de jour à LED', 'Freins céramique', 'contrôle de pression des pneus', 'phares adaptatifs', 'Lave-phares', 'feux ar. à LED', 'pack design', '4 roues motrices', 'projecteurs xénon', 'aide parking', 'pare-brise athermique', 'peinture métallisée', 'PSM', 'projecteurs bi-xénon', 'aide parking avec caméra de recul', 'suspension sport', 'toit panoramique', 'suspension pneumatique', 'étriers de freins jaunes', 'pack chrono', '4 roues directrices', 'échappement sport', 'pack sport', 'becquet', 'châssis sport surbaissé', 'hayon électrique', 'jantes anthracites', ""système de récupération d'énergie au freinage"", 'châssis sport', 'suspension magnétique', 'Rétroviseurs rabattables électriquement', 'rétroviseurs électriques et dégivrants', 'aide parking av/ar', 'régulateur adaptatif', 'rétroviseurs rabattables', 'caméra de recul', 'APPLE CAR PLAY', 'Ordinateur de bord', 'climatisation automatique multi zone', 'intérieur tout cuir', 'Palettes au volant', 'pack chrome', 'sièges électrique à mémoire', 'climatisation automatique', 'pack confort', 'Bluetooth', 'boussole intégrée', 'sièges sport', 'fermeture électrique automatique', 'volant sport', 'prise 12V', 'kit téléphone main libre', 'fermeture électrique', 'démarrage sans clef', 'pack carbone', 'volant multifonctions', 'GPS 16/9', 'vitres teintées', 'baguettes de seuil de porte alu', 'Android Auto', 'régulateur limiteur de vitesse', 'sièges électriques', 'pack clim', 'Régulateur de vitesse', '4 vitres électriques', 'vitres électriques', 'Accoudoir central avant', 'direction assistée', 'sièges chauffants', 'siège conducteur réglable hauteur', 'boite automatique', 'Tapis de sol', 'ouverture du coffre électrique', 'GPS', 'ciel de pavillon noir', ""système d'entrée sans clef"", 'Alarme', 'boulons antivol de roues', 'gravage des vitres', 'Longueur : 4.93 m', 'Volume du coffre : 500 L']",92,87102114692,Garantie 24 mois ,Professionnel,, oui, 36 Km,, 18 kWh/100km, cuir noir,,, en cours,,,,,,1140.0,PORSCHE CAYENNE 3 COUPE,PORSCHE
60 jours,"
    OPEL GRANDLAND X
",58490.0,2021.0, 05/04/2021, non requis, 7 502 Km, Hybride essence électrique, automatique, gris,5.0,5.0, 13 mois, oui,1.0, 9 CV, 301 ch,, 36 g/kmA,, EURO6,"['airbags frontaux', ""avertisseur d'angle mort"", 'ESP', 'fixations ISOFIX', 'phares av. de jour à LED', 'projecteurs antibrouillard', 'contrôle de pression des pneus', 'ABS', 'Aide au démarrage en côte', 'pack visibilité', 'aide parking', 'peinture métallisée', 'jantes alu', 'rampes de pavillon alu', 'peinture intégrale', 'rétroviseurs électriques et dégivrants', 'jantes alu 19""', 'caméra de recul', 'Ordinateur de bord', 'climatisation automatique multi zone', 'vitres ar. surteintées', 'climatisation automatique', 'Bluetooth', 'écran tactile', 'prise audio USB', 'fermeture électrique', 'cache bagages', 'régulateur limiteur de vitesse', 'Régulateur de vitesse', 'vitres électriques', 'pédalier alu', 'intérieur cuir', 'sièges chauffants', '5 places', 'Pack Flexibilité', 'Siège passager AV ergonomique AGR : réglable dans 6 directions', ""Sabots de protection AV/AR ''Silver''"", 'Aide au stationnement avancée : détection et avertissement des emplacements', 'Miroirs de courtoisie éclairés', '5 ceintures de sécurité 3 points à enrouleur', 'Chargeur embarqué 3', '3 kW', 'Volant à méplat avec palettes de changement de rapport', 'alerte anticollision', 'calcul de la trajectoire et gestion automatique de la direction', 'Opel CONNECT', 'Pack Park & Go 1', 'Sieges arrières rabattable', 'avec indicateur de ceintures attachées', 'Clé Opel mains-libres ouverture et démarrage sans clé', 'rangement fermé et 2 porte-gobelet (seulement 1 avec Pack All Road)', 'Sellerie Cuir Siena Noir avec Pack Sièges cuir Siena noir', 'kit de réparation crevaison', 'Console centrale avec accoudoir', 'réglage lombaire et soutien pour les cuisses', 'Hayon motorisé avec ouverture mains-libres (détection des mouvements du pied sous le pare-chocs)', 'Sélection du mode de conduite', '6 HP', 'Rétroviseur intérieur Frameless', 'Pack Caméra Opel Eye avec fonctions étendues', 'Spots de lecture AV', 'Ligne de vitrage chromée', 'indicateur de distance', 'Poignées de portes couleur carrosserie', 'Nombre de roues motrices : 4', 'commandes vocales', 'Toit et coques de rétroviseurs extérieurs noires', 'Spots de lecture AR', ""système d'alerte anti-somnolence)"", ""Lumière d'ambiance dans la console centrale et les portes AV"", ""freinage automatique d'urgence avec détection piéton"", 'Eléments de décoration Gris Toba', 'latéraux sur sièges AV et rideaux (déconnectable côté passager AV)', '3 Appuis-tête sur banquette AR', 'Longueur : 4.48 m', 'Volume du coffre : 390 L']",26,69106078071,Garantie 13 mois ,Professionnel,, oui, 69 Km, 13.2 kWh, 16 kWh/100km, noir, 221 kW, , en cours,, oui, 300 V,,,7502.0,OPEL GRANDLAND X,OPEL
6 jours,"
    DS DS 7 CROSSBACK
",62700.0,2022.0, 07/09/2022, non requis, 14 063 Km, Hybride essence électrique, automatique, GRIS PLATINIUM,5.0,5.0,, oui,1.0, 11 CV, 300 ch,1.0, 35 g/kmA, 1.5 l/100km, EURO6,"['Toit ouvrant panoramique Comprend les barres de toit aluminium.', 'Climatisation automatique bizone étendue', 'Eclairage PolyAmbient', 'Inspiration DS OPERA Noir Art Basalte', 'Teinte Caisse métallisée Gris Platinium', 'HiFi FOCAL Electra', 'Longueur : 4.57 m', 'Volume du coffre : 555 L']",33,69109792394,Garantie constructeur,Professionnel,, oui, 58 Km, 13.2 kWh,, ???? ????,, , en cours,, oui,,,,14063.0,DS DS 7 CROSSBACK,DS
5 jours,"
    DS DS 9
",61410.0,2022.0, 29/11/2022, non requis, 34 955 Km, Hybride essence électrique, automatique, NOIR,4.0,5.0, 24 mois, oui,1.0, 10 CV,,1.0, 34 g/kmA, 1.5 l/100km, EURO6,"[""avertisseur d'angle mort"", 'AFU', 'feux automatiques', 'phares av. de jour à LED', 'anti patinage', 'contrôle de pression des pneus', 'Aide au démarrage en côte', 'aide parking', 'toit ouvrant', 'frein de parking automatique', 'Rétroviseurs rabattables électriquement', 'aide parking av/ar', 'caméra de recul', 'Ordinateur de bord', 'Palettes au volant', 'Accoudoir central arrière', 'fermeture électrique automatique', 'prise 12V', 'Reconnaissance vocale', 'volant réglable en hauteur et profondeur', 'régulateur limiteur de vitesse', 'sièges électriques', 'Accoudoir central avant', 'direction assistée', 'sièges chauffants', 'Tapis de sol', 'rétroviseur int. jour/nuit auto', 'GPS', 'Chargeur embarqué de 7,4 kW', 'Chargeur embarqué monophasé de 7,4 kW', 'Zones De Danger (inclus avec NAVIGATION pendant 3 ans)', 'Eclairage de la plaque de police AR à LED', 'Alerte Attention Conducteur par caméra', 'DS CORNETS', 'Sabre finition Clous de Paris', 'Avertisseur bi-ton', 'Système sonore polyphonique à 8 HP', 'Pack Auto Confort', 'Banquette AR 2/3 - 1/3 et 3 appuie-tete', 'Essuie-vitre AV à déclenchement et cadencement automatiques', 'Contrôle dynamique de stabilité (ESP) avec antipatinage des roues (ASR)', ""Seuil de portes en métal Trame DS avec rétroéclairage à LED à l'AV"", 'Planche de bord en cuir Nappa Noir Basalte', 'Vitres latérales AV et AR feuilletées', 'Panneaux de portes en cuir Nappa Noir Basalte', 'Tablette AR en tissu', 'Indicateur de rapports engagés', 'Radio analogique', 'Poignées de portes affleurantes couleurs carrosserie', 'Entourage des vitres latérales Chromé', 'Prédisposition pour attelage de remorquage', 'Sièges AV réglables en hauteur électriquement', 'Sièges AV avec réglage lombaire', 'Pack DS SENSORIAL DRIVE', 'Toit Noir Perla Nera', 'Lécheurs de vitres chromés', ""Freinage d'urgence automatique jusqu?à 140 km/h avec Pack Sécurité Etendue et DS DRIVER ATTENTION MONITORING"", 'Pack Sièges AV Electriques Haut de Gamme', 'DS Drive Assist', 'Airbags latéraux de type ""thorax"" aux places AV', 'Badge de planche de bord RIVOLI', 'Airbags rideaux aux places AV et AR', ""Préconditionnement thermique de l'habitacle"", 'Sélecteur de mode de conduite', 'Rétroviseur intérieur électrochrome sans cadre', 'Filtre à charbon actif', 'Ecran tactile 12""', 'Pack Sécurité Etendue avec DS DRIVE ASSIST et DS DRIVER ATTENTION MONITORING', 'Clignotants impulsionnels 3 coups', 'Teinte Caisse nacrée Noir Perla Nera', 'Prédisposition pour roue de secours galette', 'DS ACTIVE LED VISION', 'Câble mode 3 monophasé 7,4 kW', 'Poignées de maintien', 'Filet de rangement au dos des sièges AV', 'Pare-brise teinté et acoustique', ""Volant en Cuir gainé et coussin d'airbag gainé de Cuir"", 'Chargeur sans fil', 'SOS & Assistance', 'Montre B.R.M. R180', 'Jonc sur volet Chromé', 'Reconnaissance des panneaux de vitesse et préconisation', 'Pédalier et le repose-pied aluminium', 'Pieds de rétroviseurs extérieurs couleur carrosserie', 'Banquette AR avec trappe à skis', 'Reconnaissance étendue des panneaux', 'Airbags rideaux aux places AV', ""Double canule d'échappement chromée"", 'Plafonnier tactile à LED, liseuses arrière à LED éclairage de cave à pieds à LED', ""ABS avec répartiteur électronique de freinage (REF) et Aide au Freinage d'Urgence (AFU)"", 'Rangements latéraux', 'Pack Sécurité Etendue DS CONNECTED PILOT et DS DRIVER ATTENTION MONITORING', ""Eclairage d'accueil automatique"", 'Ciel de pavillon en tissu Noir', 'Témoin et alerte sonore de non-bouclage des ceintures de sécurité AV et AR', 'Pare Soleil rembourrés en tissu avec éclairage à LED', 'DS DRIVER ATTENTION MONITORING', 'Pack Sièges AV electriques', 'Combiné numérique 12""', 'Intérieur Cuir Noir Basalte', 'Pack Sièges AR Confort', 'DS Sensorial Drive', 'Vitres latéralles AR surteintées', 'Banquette AR fractionnable 2/3-1/3 avec trappe à skis', 'DS Wings Chromé', 'Eclairage PolyAmbient', 'Pack Sécurité Etendue', 'Montant de baie Noir mat', ""Jantes alliage 19'' VERSAILLES"", ""Airbags frontaux aux places AV avec désactivation par clé de l'airbag passager"", 'Coques de rétroviseurs extérieurs Noir Perla Nera', 'Siège conducteur avec mémorisation de position de conduite', ""Prise USB Data à l'AV"", ""Vérins d'ouverture et de maintien du capot moteur"", 'Lunette AR chauffante', '3ème feux stop full LED ""Cil""', 'Kit de dépannage provisoire', 'Sièges AV massants et ventilés', 'Commande Cristal', 'Prises USB x2 aux places AR', 'Fixations ISOFIX à la place passager et aux places latérales AR', 'Alerte Active de Franchissement Involontaire de Ligne (AAFIL)', 'Vitres latérales AV et AR surteintées et feuilletées', 'Avertisseur de risque de collision des flancs lors de manoeuvre de stationnement', ""Contrôle de stabilité de l'attelage"", 'DS ACTIVE SCAN SUSPENSION Système de suspension pilotée par caméra', 'Grille de calandre AV 3D Paramétrique.', 'Radio numérique', 'Filtre à charbon actif avec filtre anti-allergènes', '360° Vision', 'Pack Sièges AR Haut de Gamme', 'Alerte Attention Conducteur', 'Ouverture et fermeture des vitres à distance', 'Feux AR 3D (traitement écailles)', 'Antenne radio intégrée dans la lunette AR', ""Eclairage d'accompagnement automatique"", 'Guide utilisateur numérique', 'Câble mode 2 standard monophasé 1,8 kW (8 A)', 'Système audio Analogique à 8HP avec prise USB et Bluetooth', 'Lève-vitres AV et AR électriques, séquentiels et antipincement', 'Rétroviseurs extérieurs indexés à la marche AR', 'Longueur : 4.93 m']",24,69109795655,Garantie 24 mois ,Professionnel,, oui,,,, **********, 165 kW, , en cours,, oui,,,,34955.0,DS DS 9,DS
24 jours,"
    DS DS 7 CROSSBACK
",60400.0,2022.0, 02/10/2022, non requis, 11 Km, Hybride essence électrique, automatique, NOIR,5.0,5.0,, non,, 10 CV, 225 ch,1.0, 36 g/kmA, 1.6 l/100km, EURO6,"['Airbags rideaux', 'ESP', 'AFU', 'airbags front. + lat.', 'feux automatiques', 'EBV', 'fixations ISOFIX', 'alerte franchissement ligne', 'phares av. de jour à LED', 'essuie-glaces automatiques', 'airbag frontal', 'projecteurs antibrouillard', 'système de détection de somnolence', 'anti patinage', 'contrôle de pression des pneus', 'ABS', 'feux ar. à LED', 'Aide au démarrage en côte', 'rétroviseurs électriques', 'frein de parking automatique', 'rétroviseurs dégivrants', 'Ordinateur de bord', 'banquette rabattable', 'climatisation automatique multi zone', 'Palettes au volant', 'vitres ar. surteintées', 'pack confort', 'Accoudoir central arrière', 'boite à gants réfrigérée', 'écran tactile', 'support lombaires', 'sièges réglables en hauteur', 'prise 12V', 'prise audio USB', 'Volant cuir', 'fermeture électrique', 'volant réglable en hauteur et profondeur', 'banquette 1/3 - 2/3', 'régulateur limiteur de vitesse', 'carte main libre', 'vitres électriques', 'pédalier alu', 'Accoudoir central avant', 'siège conducteur réglable hauteur', 'Tapis de sol', 'rétroviseur int. jour/nuit auto', 'système audio', 'Ecran couleur', ""Freinage d'urg. auto. + Pk Sécu. Etendue"", 'JA 19"" ROMA', ""Eclairage d'ambiance"", 'logo DS au sol', 'Commandes vocales', ""Système d'éclairage intelligent"", 'Poignées ton carrosserie', 'Répétiteurs de clignotant dans rétro ext', ""Appel d'Assistance Localisé"", 'Aide au stat. AV et AR + Caméra de recul', 'Montre B.R.M R180', 'Banquette AR rabattable automatiquement', ""Feux de freinage d'urgence"", 'Bacs de portes arrière', 'DS ACTIVE SCAN SUSPENSION', 'Vitres-lunette AR surteint.+feuilletées', 'Chargeur sans fil', 'Miroir de courtoisie conducteur éclairé', 'Bacs de portes avant', 'Rétro, rab. élect., ind. marche AR', 'Miroir de courtoisie passager éclairé', 'Services connectés', 'Phares antibrouillard LED', 'Climatisation automatique bizone étendue', 'Combiné numérique 12""', 'Intérieur Cuir Noir Basalte', 'Pack Modularité', 'Ceinture de vitrage chromée', ""Appel d'Urgence Localisé"", 'DS Active LED Vision', 'Echappement à double sortie', ""Eclairage statique d'intersection"", 'DS CONNECT NAV avec radio numérique', 'ind. marche AR', 'Filtre à Pollen', 'Reconnaissance panneaux de signalisation', 'Témoin de bouclage des ceintures AV', 'Pare-brise acoustique', 'Rétro. ext. rab. élect.', 'Blanc Banquise (O)', 'Pack Sièges Electriques', 'Barres de toit noires brillantes', ""Poches d'aumonières"", 'Noire Perla Nera (N)', 'Vitrage latéral feuilleté', 'Rétro. ext. rab. élect., logo DS au sol', ""Eclairage d'ambiance intégral à LED"", 'Longueur : 4.57 m', 'Volume du coffre : 555 L']",31,69109695020,Garantie constructeur,Professionnel,, oui, 55 Km, 13.2 kWh,, NOIR,, , en cours,, oui, 300 V, 44 A,,11.0,DS DS 7 CROSSBACK,DS
50 jours,"
    TOYOTA YARIS 4
",24170.0,2022.0, 09/09/2022, non requis, 12 Km, Hybride essence électrique, automatique, MARRON,5.0,5.0,, non,, 5 CV, 116 ch,1.0,,, EURO6,"['Airbags rideaux', 'kit téléphone main libre bluetooth', 'ESP', 'AFU', '3 ceintures ar. 3 points', 'airbags front. + lat.', 'feux automatiques', 'EBV', 'fixations ISOFIX', 'alerte franchissement ligne', 'phares av. de jour à LED', 'essuie-glaces automatiques', 'airbag frontal', 'projecteurs antibrouillard', 'anti patinage', 'contrôle de pression des pneus', 'radar anti-collision', 'ABS', 'feux ar. à LED', 'Aide au démarrage en côte', 'rétroviseurs électriques', 'rétroviseurs dégivrants', 'caméra de recul', 'Système audio CD', 'Ordinateur de bord', 'vitres ar. surteintées', 'climatisation automatique', 'Régulateur de vitesse adaptatif', 'écran tactile', 'prise audio USB', 'Volant cuir', 'fermeture électrique', 'volant réglable en hauteur et profondeur', 'volant multifonctions', 'cache bagages', 'régulateur limiteur de vitesse', 'vitres électriques', 'Accoudoir central avant', 'siège conducteur réglable hauteur', 'Ecran multifonction couleur', ""Système d'éclairage intelligent"", ""Appel d'Assistance Localisé"", ""Système avancé de détection d'obstacles"", 'Commandes du système audio au volant', 'Services connectés', 'Interface Media', 'Bronze Impérial', ""Appel d'Urgence Localisé"", 'Compte tours', 'Filtre à Pollen', 'Reconnaissance panneaux de signalisation', '4 Haut parleurs', 'Longueur : 3.94 m', 'Volume du coffre : 286 L']",31,69109551132,Garantie constructeur,Professionnel,, non,, 0.8 kWh,, NOIR,,, en cours,, oui, 178 V, 4.3 A,,12.0,TOYOTA YARIS 4,TOYOTA
25 jours,"
    LAND ROVER RANGE ROVER EVOQUE 2
",53160.0,2020.0, 07/09/2020, non requis, 28 467 Km, Hybride diesel électrique, automatique, Santorini Black,5.0,5.0, 24 mois, oui,, 10 CV, 180 ch,2.0, 150 g/kmD, 5.7 l/100km, EURO6,"['Airbags rideaux', 'kit téléphone main libre bluetooth', 'ESP', 'AFU', 'airbags front. + lat.', 'feux automatiques', 'fixations ISOFIX', 'alerte franchissement ligne', 'phares av. de jour à LED', 'essuie-glaces automatiques', 'airbag frontal', 'système de détection de somnolence', 'anti patinage', 'contrôle de pression des pneus', 'EBD', 'radar anti-collision', 'ABS', 'feux ar. à LED', 'Aide au démarrage en côte', 'rétroviseurs électriques', 'aide parking', 'jantes alu', 'becquet', 'lunette arrière dégivrante', 'rétroviseurs dégivrants', 'Rétroviseurs rabattables électriquement', 'caméra de recul', 'Système audio CD', 'Ordinateur de bord', 'banquette rabattable', 'climatisation automatique multi zone', 'système audio MP3', 'Accoudoir central arrière', 'fermeture électrique automatique', 'Régulateur de vitesse adaptatif', 'écran tactile', 'sièges réglables en hauteur', 'prise 12V', 'prise audio USB', 'Volant cuir', 'fermeture électrique', 'volant réglable en hauteur et profondeur', 'volant multifonctions', 'régulateur limiteur de vitesse', 'Régulateur de vitesse', 'vitres électriques', 'Accoudoir central avant', 'siège conducteur réglable hauteur', 'rétroviseur int. jour/nuit auto', 'GPS', 'système audio', 'traceur GPS', 'Ecran multifonction couleur', 'Cuir grainé Ebony', 'Porte-gobelets avant', 'Borne Wi-Fi', ""Système d'assistance à la descente"", ""Eclairage d'ambiance"", 'Ouverture des vitres séquentielle', 'Commandes vocales', ""Système d'éclairage intelligent"", 'Inserts de porte métal', 'Siège passager avec réglage lombaire', 'Siège conducteur électrique', 'Commandes du système audio au volant', '6 Haut parleurs', 'Démarrage sans clé', 'Caméra vue panoramique 360°', 'Siège passager à mémoire', 'Miroir de courtoisie conducteur éclairé', 'FAP', 'Eclairage au sol', 'Rétroviseurs extérieurs à mémoire', 'Miroir de courtoisie passager éclairé', 'Services connectés', 'Interface Media', 'système Start & Stop', 'Santorini Black', 'Siège conducteur avec réglage lombaire', 'Inserts de tableau de bord métal', ""Appel d'Urgence Localisé"", 'Banquette 40/20/40', 'Compte tours', 'Contrôle de couple en courbe', 'Reconnaissance panneaux de signalisation', 'Boite à gants fermée', 'Commande du comportement dynamique', 'Siège passager à réglages électriques', 'Système de prévention des collisions AR', 'Siège conducteur à mémoire', 'TMC', 'Longueur : 4.37 m', 'Volume du coffre : 591 L']",78,69109685693,Garantie 24 mois ,Professionnel, JAGUAR APPROVED, non,, 0.2 kWh,,,,, en cours,, oui, 46 V,,,28467.0,LAND ROVER RANGE ROVER EVOQUE 2,LAND
39 jours,"
    MERCEDES CLASSE C 4
",49660.0,2020.0, 31/10/2020, non requis, 34 020 Km, Hybride diesel électrique, automatique, gris,4.0,5.0,, non,2.0, 9 CV, 195 ch,1.0, 38 g/kmA, 1.2 l/100km, EURO6,"['Airbags rideaux', 'airbags frontaux', 'ESP', 'Airbags latéraux', 'détecteur de pluie', 'contrôle de pression des pneus', 'ASR', 'ABS', 'Aide au démarrage en côte', 'rétroviseurs électriques', 'jantes alu', 'frein de parking automatique', 'jantes alu 19""', 'caméra de recul', 'Ordinateur de bord', 'climatisation automatique', 'pack confort', 'Accoudoir central arrière', 'système audio carte SD', 'prise audio USB', 'fermeture électrique', 'volant réglable en hauteur et profondeur', 'régulateur limiteur de vitesse', 'Régulateur de vitesse', 'vitres électriques', '5 places', 'GPS', 'Réservoir AdBlue', 'Boîte de vitesses automatique à 9 rapports 9GTRONIC', 'Véhicule français avec un suivi complet Mercedes', 'Tapis de sol AMG', 'Boîte à gants éclairée', 'DYNAMIC SELECT', ""Indicateur d'usure des garnitures de frein"", ""Train de roulement AGILITY CONTROL avec système d'amortissement sélectif"", 'Attention Assist: Système de détection de somnolence', 'Pack Stationnement avec caméra de recul', 'Norme EURO 6', 'Système de freinage avec disques de frein de plus grande dimension sur les essieux AV', 'Projecteurs LED hautes performances', 'Peinture non métallisée Noir', ""Module de communication LTE pour l'utilisation des services Mercedes connect me"", 'Sieges arrières rabattable', 'Fixation de siège enfant iSize aux places AR extérieur', 'Vitres latérales AR et lunette AR teintées foncées', 'Assistant de stabilisation en cas de vent latéral', 'Réglages du véhicule à distance', ""Combiné d'instruments avec écran couleur de 14 cm (5"", 'Clignotants à commande confort par impulsions', 'kit de réparation crevaison', 'KEYLESSGO Fonction de démarrage sans clé', 'Préinstallation pour MercedesBenz Link', 'Réservoir de carburant haute capacité 80 l', 'Rangelunettes', 'Ecran média haute résolution 10', 'Pack Rangement', 'radio numérique', ""Mode d'emploi en français"", 'Pack Rétroviseurs', 'Pack Standard 2', 'Pack Navigation connectée', 'Inserts décoratifs en aluminium clair et en laque noire', ""carnet d'entretien"", 'Pack Eclairage', 'Capot moteur actif pour la protection des piétons', 'Pavé tactile avec sélecteur', 'enfants avec verrouillage manuel des portes AR et électrique des vitres AR', 'Système de sonorisation avec 4 HP de médiums dans les contreportes et un Frontbass', ""Freinage d'urgence assisté actif"", 'Indicateur de température extérieure', 'Câble de charge pour boîtier mural et bornes de recharge publiques', 'Pack Advantage', 'Protection piétons', 'Dispositif de courroies Top Tether pour les sièges enfants', 'Garniture Similicuir ARTICO/DINAMICA Noir', 'Feux stop adaptatifs', 'Pneumatiques été', 'Paresoleil avec miroir de courtoisie éclairé', 'Suivi du véhicule à distance', 'Pack AMG Line extérieur et intérieur', ""Ceintures de sécurité 3 points avec rétracteur et limiteur d'effort (4)"", 'Eclairage des feux AR intégralement à LED', 'Pack Standard 1', ""Fonction d'arrêt / redémarrage '' Stop / Start ECO '' avec commutateur de désactivation manuelle"", 'Véhicule ayant de la TVA', 'Longueur : 4.69 m', 'Volume du coffre : 300 L']",33,69109603118,,Professionnel,, oui, 51 Km, 13.5 kWh, 18 kWh/100km, noir,, ,,, oui,,,,34020.0,MERCEDES CLASSE C 4,MERCEDES
51 jours,"
    VOLKSWAGEN GOLF 7
",31980.0,2021.0, 03/04/2021, non requis, 10 379 Km, Hybride essence électrique, automatique, blanc verni,5.0,5.0, 24 mois, oui,1.0, 6 CV, 204 ch,1.0, 36 g/kmA,, EURO6,"['Airbags latéraux', 'Aide au démarrage en côte', ""Assistance au freinage d'urgence"", 'Antipatinage', 'ESP', '7 airbags', 'Essuie glace capteur de pluie', 'Airbags rideaux', 'Indicateur de sous-gonflage des pneus', 'Kit anticrevaison', 'Lave-phares', 'Système détection de collision', 'ABS', 'Ampoules de phares LED', 'Phares à allumage automatique', 'Freins régénérateurs', 'Feux arrières à LED', 'Rétroviseurs extérieurs réglage électrique', 'Rétroviseurs rabattables électriquement', 'Rétroviseurs extérieurs chauffants', 'Différentiel à glissement limité avant', 'Bluetooth inclut musique en streaming, connexion téléphone', 'Air conditionné auto', 'Volant multi-fonction', 'Système audio écran tactile, carte digitale', 'Système de navigation info trafic', 'Bouton démarrage', 'Système de navigation', 'Réglage du volant en hauteur, en profondeur', 'Bluetooth', 'Volant alu & cuir', 'Réseau Wifi', 'Régulateur de vitesse adaptatif', 'Accoudoir central arrière, avant', 'Palettes au volant', 'Air conditionné 2 zones', '8 haut-parleurs', 'Ouverture du coffre à distance', 'Taille écran navigation 8 pouces', 'Chargeur 1 CD', 'Tapis de sol', 'Système audio lecteur CD et MP3', 'Rétroviseur jour/nuit', 'Limiteur de vitesse', 'Ordinateur de bord', 'Taille écran multi-fonctions 12.3 pouces', 'Feux de route à LED', 'Jantes en alliage léger 17"" Rio de Janeiro', 'Peinture unie Blanc Pur', 'Générateur de son à basse vitesse', 'Projecteurs 100% LED directionnels', 'Longueur : 4.28 m', 'Volume du coffre : 272 L']",62,87102193749,Garantie 24 mois ,Professionnel, Das WeltAuto. Premium, oui, 50 Km, 8.7 kWh, 11 kWh/100km, tissu noir, 150 kW, , en cours,,, 352 V,,,10379.0,VOLKSWAGEN GOLF 7,VOLKSWAGEN
60 jours,"
    VOLVO XC60 (2E GENERATION)
",60300.0,2021.0, 19/11/2021, non requis, 7 743 Km, Hybride essence électrique, automatique, noir metal,5.0,5.0, 12 mois, non,, 15 CV, 340 ch,1.0,, 2.3 l/100km, EURO6,"['Airbags latéraux', 'Aide au démarrage en côte', 'Avertisseur de franchissement de ligne', ""Assistance au freinage d'urgence"", 'Antipatinage', 'ESP', 'Détection panneaux signalisation', '7 airbags', 'Essuie glace capteur de pluie', 'Airbags rideaux', 'Indicateur de sous-gonflage des pneus', 'Kit anticrevaison', 'Système détection de collision', 'ABS', 'Ampoules de phares LED', 'Phares à allumage automatique', 'Freins régénérateurs', 'Feux de croisement automatiques', 'Feux arrières à LED', 'Rétroviseurs extérieurs réglage électrique', 'Rétroviseurs rabattables électriquement', 'Rétroviseurs extérieurs chauffants', 'Différentiel à glissement limité avant', 'Bluetooth inclut musique en streaming, connexion téléphone', 'Air conditionné auto', 'Volant multi-fonction', 'Toit vitré', 'Système de navigation info trafic', 'Taille écran navigation 9 pouces', 'Bouton démarrage', 'Siège avant électrique', '10 haut-parleurs', 'Système de navigation', 'Régulateur de vitesse', 'Réglage du volant en hauteur, en profondeur', 'Bluetooth', 'Volant alu & cuir', 'Réseau Wifi', 'Air conditionné 2 zones', 'Reconnaissance vocale', 'Ouverture du coffre à distance', 'Smart card / Smart key', 'Fermerture électrique du coffre', 'Tapis de sol', 'Rétroviseur jour/nuit', 'Aide au stationnement arrière', 'Limiteur de vitesse', 'Système audio écran tactile', 'Accoudoir central avant', 'Ordinateur de bord', 'Taille écran multi-fonctions 12.3 pouces', 'Feux de route à LED', 'Longueur : 4.69 m', 'Volume du coffre : 468 L']",95,87102164692,Garantie 12 mois ,Professionnel, Volvo Selekt, oui,, 11.6 kWh, 16 kWh/100km, cuir noir, 250 kW, , en cours,,,,,,7743.0,VOLVO XC60 (2E GENERATION),VOLVO
58 jours,"
    VOLKSWAGEN TOUAREG 3
",99210.0,2021.0, 15/03/2021, non requis, 11 681 Km, Hybride essence électrique, automatique, gris,5.0,5.0, 1 mois, non,2.0, 22 CV, 340 ch,1.0, 65 g/kmA,, EURO6,"['affichage tête haute', 'Airbags latéraux', 'alerte franchissement ligne', 'contrôle de pression des pneus', 'suspension pneumatique', 'toit ouvrant panoramique', 'rétroviseurs rabattables', 'sièges électrique à mémoire', 'Bluetooth', 'carte main libre', 'Régulateur de vitesse', 'sièges chauffants', 'GPS', 'Alarme', 'sièges AV Ergo Confort', 'lave glace chauffant', 'park assist Plus', 'caméras panoramiques Area View', 'DYNAUDIO Sound System', 'Side assist', 'Dynamic Light Assist', ""JA 21'p. Suzuka"", 'homelink', 'Mod 2021', 'pare soleil AR', ""éclairage d'ambiance"", 'projecteurs Matrix LED IQ Light', 'assistant de manoeuvre avec remorque', 'Longueur : 4.88 m', 'Volume du coffre : 665 L']",67,69109509824,Garantie 1 mois ,Professionnel,, oui,, 17.8 kWh, 21 kWh/100km, gris,,, en cours,, oui,,,,11681.0,VOLKSWAGEN TOUAREG 3,VOLKSWAGEN
51 jours,"
    PEUGEOT 3008 (2E GENERATION)
",54100.0,2022.0, 27/01/2023, non requis, 11 283 Km, Hybride essence électrique, automatique, GRIS ARTENSE,5.0,5.0, 12 mois, oui,, 10 CV, 225 ch,1.0, 31 g/kmA, 1.4 l/100km, EURO6,"['Airbags rideaux', ""avertisseur d'angle mort"", 'kit téléphone main libre bluetooth', 'ESP', 'AFU', 'airbags front. + lat.', 'feux automatiques', 'EBV', 'fixations ISOFIX', 'alerte franchissement ligne', 'phares av. de jour à LED', 'essuie-glaces automatiques', 'airbag frontal', 'anti patinage', 'contrôle de pression des pneus', 'radar anti-collision', 'ABS', 'feux ar. à LED', 'Aide au démarrage en côte', 'rétroviseurs électriques', 'aide parking', 'aide parking avec caméra de recul', 'jantes alu', 'frein de parking automatique', 'rétroviseurs dégivrants', 'Rétroviseurs rabattables électriquement', 'caméra de recul', 'Système audio CD', 'banquette rabattable', 'climatisation automatique multi zone', 'système audio MP3', 'vitres ar. surteintées', 'Accoudoir central arrière', 'boite à gants réfrigérée', 'fermeture électrique automatique', 'Régulateur de vitesse adaptatif', 'écran tactile', 'sièges réglables en hauteur', 'prise 12V', 'prise audio USB', 'Volant cuir', 'fermeture électrique', 'volant réglable en hauteur et profondeur', 'banquette 1/3 - 2/3', 'volant multifonctions', 'régulateur limiteur de vitesse', 'carte main libre', 'Régulateur de vitesse', 'vitres électriques', 'Accoudoir central avant', 'direction assistée', 'siège conducteur réglable hauteur', 'rétroviseur int. jour/nuit auto', 'GPS', 'système audio', 'Siège passager avec dossier repliable', 'Ouverture des vitres séquentielle', 'Siège conducteur chauffant', 'Commandes vocales', ""Système d'éclairage intelligent"", 'Inserts de porte carbone', 'TEP & Alcantara Greval', ""Appel d'Assistance Localisé"", '10 Haut parleurs', 'Ceintures avant ajustables en hauteur', 'Pédalier sport', 'Siège passager chauffant', 'Chargeur embarqué 3,7kW', ""AVAS : système d'alerte sonore"", 'Siège conducteur électrique', 'Commandes du système audio au volant', 'Condamnation sécurité enfants électrique', 'Sièges avant massants', 'Démarrage sans clé', 'Miroir de courtoisie conducteur éclairé', 'Eclairage au sol', 'Miroir de courtoisie passager éclairé', 'Interface Media', 'Siège conducteur avec réglage lombaire', 'Plafonnier central AV et AR à LED', 'Ceinture de vitrage chromée', ""Appel d'Urgence Localisé"", 'Toit Black Diamond Noir Perla Nera', ""Peugeot i-Cockpit + écran tactile 10''HD"", 'Appuis-tête avant actifs', 'Reconnaissance panneaux de signalisation', 'Boite à gants fermée', 'Siège passager à réglages électriques', 'Siège conducteur à mémoire', 'Inserts de tableau de bord carbone', ""Poches d'aumonières"", 'Vitrage latéral feuilleté', 'Dispositif freinage automatique', 'Longueur : 4.45 m', 'Volume du coffre : 395 L']",33,69109547149,Garantie 12 mois ,Professionnel, Occasions du Lion PREMIUM, oui, 55 Km, 13.2 kWh,,,,, en cours,, oui,,,,11283.0,PEUGEOT 3008 (2E GENERATION),PEUGEOT
60 jours,"
    RENAULT ARKANA
",38420.0,2022.0, 11/03/2022, non requis, 4 232 Km, Hybride essence électrique, automatique, blanc,5.0,5.0, 19 mois, non,, 5 CV, 145 ch,1.0,,, EURO6,"['airbags frontaux', 'aide parking', 'Roue de secours', 'pack hiver', 'jantes alu', 'jantes alu 18""', 'caméra de recul', 'vitres ar. surteintées', 'climatisation automatique', 'Bluetooth', 'écran tactile', 'sièges réglables en hauteur', 'accoudoir central', 'vitres électriques', '5 places', 'GPS', 'LUNETTE AR CHAUFFANTE', 'RENAULT MULTI-SENSE', 'COQUES DE RETROVISEURS EXTERIEURES NOIRES (AVEC TOIT NOIR)', 'PEINTURE BLANC PERLE', 'INDICATEUR DE CHANGEMENT DE VITESSE', 'TOIT NOIR', 'PROJECTEURS AV FULL LED PURE VISION', 'Longueur : 4.57 m', 'Volume du coffre : 480 L']",69,69109338911,Garantie 19 mois ,Professionnel,, non,, 1.2 kWh,,,,, en cours,, oui, 230 V,,,4232.0,RENAULT ARKANA,RENAULT
60 jours,"
    MERCEDES CLASSE B 3
",53550.0,2022.0, 01/04/2022, non requis, 21 960 Km, Hybride essence électrique, automatique, Noir cosmos métallisé,5.0,5.0, 24 mois, non,, 8 CV, 218 ch,1.0, 27 g/kmA, 1.2 l/100km, EURO6,"['Airbags rideaux', ""avertisseur d'angle mort"", 'kit téléphone main libre bluetooth', 'ESP', 'AFU', 'airbag genoux anti sous-marinage', 'airbags front. + lat.', 'feux automatiques', 'alerte franchissement ligne', 'phares av. de jour à LED', 'essuie-glaces automatiques', 'airbag frontal', 'système de détection de somnolence', 'anti patinage', 'contrôle de pression des pneus', 'EBD', 'ABS', 'feux ar. à LED', 'rétroviseurs électriques', 'aide parking', ""sorties d'échappement chromées"", 'jantes alu', 'barres de toit', 'rétroviseurs dégivrants', 'Rétroviseurs rabattables électriquement', 'caméra de recul', 'Système audio CD', 'Ordinateur de bord', 'banquette rabattable', 'climatisation automatique multi zone', 'système audio MP3', 'Palettes au volant', 'vitres ar. surteintées', 'Accoudoir central arrière', 'volant sport', 'sièges réglables en hauteur', 'prise 12V', 'prise audio USB', 'Volant cuir', 'fermeture électrique', 'volant réglable en hauteur et profondeur', 'volant multifonctions', 'régulateur limiteur de vitesse', 'Régulateur de vitesse', 'vitres électriques', 'Accoudoir central avant', 'siège conducteur réglable hauteur', 'rétroviseur int. jour/nuit auto', 'GPS', 'système audio', 'Alarme', 'traceur GPS', 'alarme volumétrique', 'Ecran multifonction couleur', 'ARTICO/microfibre DINAMICA noir', 'Porte-gobelets avant', ""Système d'assistance à la descente"", ""Eclairage d'ambiance"", 'Ouverture des vitres séquentielle', 'Siège conducteur chauffant', 'Commandes vocales', ""Système d'éclairage intelligent"", 'Inserts de porte métal', ""Appel d'Assistance Localisé"", 'Rétroviseurs ext. indexés à la marche AR', 'Pédalier sport', 'Siège passager chauffant', ""Feux de freinage d'urgence"", 'Siège conducteur électrique', 'Commandes du système audio au volant', 'Calandre chromée', 'Démarrage sans clé', 'Miroir de courtoisie conducteur éclairé', 'FAP', 'Eclairage au sol', 'Miroir de courtoisie passager éclairé', 'Services connectés', 'Intégration smartphone', 'système Start & Stop', 'Inserts de tableau de bord métal', 'Ceinture de vitrage chromée', ""Appel d'Urgence Localisé"", 'Echappement à double sortie', ""Eclairage statique d'intersection"", 'Compte tours', 'Noir cosmos métallisé', 'Filtre à Pollen', 'Reconnaissance panneaux de signalisation', 'Boite à gants fermée', 'Commande du comportement dynamique', 'Siège passager à réglages électriques', 'TMC', 'Longueur : 4.42 m', 'Volume du coffre : 405 L']",38,69108121308,Garantie 24 mois ,Professionnel, Mercedes-Benz Certified, oui, 70 Km, 15.6 kWh, 14 kWh/100km,,,, en cours,, oui,,,,21960.0,MERCEDES CLASSE B 3,MERCEDES
60 jours,"
    PORSCHE CAYENNE 3 COUPE
",135870.0,2021.0, 01/01/2022, non requis, 5 726 Km, Hybride essence électrique, automatique, clair metal,5.0,4.0, 6 mois, oui,, 22 CV, 462 ch,1.0, 75 g/kmA, 4 l/100km, EURO6,"['Airbags latéraux', 'Aide au démarrage en côte', ""Assistance au freinage d'urgence"", 'Antipatinage', 'ESP', 'Capot à soulèvement pour choc piéton', '8 airbags', 'Essuie glace capteur de pluie', 'Airbags rideaux', 'Indicateur de sous-gonflage des pneus', 'Kit anticrevaison', 'Système détection de collision', 'ABS', 'Ampoules de phares LED', 'Phares à allumage automatique', 'Freins régénérateurs', 'Feux de croisement à LED', 'Feux arrières à LED', 'Rétroviseurs extérieurs réglage électrique', 'Rétroviseurs rabattables électriquement', 'Rétroviseurs extérieurs chauffants', 'Air conditionné auto', 'Volant multi-fonction', 'Système audio écran tactile, carte digitale', 'Toit vitré', 'Système de navigation info trafic', 'Siège avant électrique', '10 haut-parleurs', 'Système de navigation', 'Régulateur de vitesse', 'Réglage du volant en hauteur, en profondeur', 'Bluetooth', 'Volant alu & cuir', 'Taille écran navigation 12 pouces', 'Palettes au volant', 'Air conditionné 2 zones', 'Reconnaissance vocale', 'Ouverture du coffre à distance', 'Smart card / Smart key', 'Fermerture électrique du coffre', 'Aide au stationnement arrière', 'Bluetooth inclut musique en streaming', 'Limiteur de vitesse', 'Accoudoir central avant', 'Ordinateur de bord', 'Taille écran multi-fonctions 12.3 pouces', 'Alarme', 'Feux de route à LED', ""carnet d'entretien"", 'Feux clignotants à LED', 'Sièges sport adaptatifs avec Pack Mémoire (18 réglages)', 'Longueur : 4.93 m', 'Volume du coffre : 500 L']",69,87102095133,Garantie 6 mois ,Professionnel,, oui, 43 Km, 14.1 kWh, 18 kWh/100km, cuir noir, 340 kW,, en cours,,, 382 V,,,5726.0,PORSCHE CAYENNE 3 COUPE,PORSCHE
60 jours,"
    VOLVO XC60 (2E GENERATION)
",63600.0,2020.0, 01/12/2020, non requis, 57 963 Km, Hybride essence électrique, automatique, noir metal,5.0,5.0, 12 mois, oui,1.0, 17 CV, 303 ch,1.0, 48 g/kmA,, EURO6,"['Airbags latéraux', 'Aide au démarrage en côte', 'Avertisseur de franchissement de ligne', ""Assistance au freinage d'urgence"", 'Antipatinage', 'ESP', 'Détection panneaux signalisation', ""Capteur d'angle mort"", '7 airbags', 'Essuie glace capteur de pluie', 'Airbags rideaux', 'Indicateur de sous-gonflage des pneus', 'Kit anticrevaison', 'Système détection de collision', 'ABS', 'Ampoules de phares LED', 'Phares à allumage automatique', 'Freins régénérateurs', 'Feux de croisement automatiques', 'Feux arrières à LED', 'Rétroviseurs extérieurs indexés marche arrière', 'Rétroviseurs extérieurs réglage électrique', 'Rétroviseurs rabattables électriquement', 'Rétroviseurs extérieurs chauffants', 'Peinture Métallisée', 'Différentiel à glissement limité avant', 'Bluetooth inclut musique en streaming, connexion téléphone', 'Air conditionné auto', 'Volant multi-fonction', 'Toit vitré', 'Système de navigation info trafic', 'Taille écran navigation 9 pouces', 'Bouton démarrage', 'Siège avant électrique', '10 haut-parleurs', 'Système de navigation', 'Réglage du volant en hauteur, en profondeur', 'Bluetooth', 'Volant alu & cuir', 'Régulateur de vitesse adaptatif', 'Siège avant chauffant', 'Air conditionné 2 zones', 'Reconnaissance vocale', 'Ouverture du coffre à distance', 'Smart card / Smart key', 'Fermerture électrique du coffre', 'Tapis de sol', 'Rétroviseur jour/nuit', 'Limiteur de vitesse', 'Air conditionné arrière', 'Système audio écran tactile', 'Accoudoir central avant', 'Ordinateur de bord', 'Taille écran multi-fonctions 12.3 pouces', 'Vitres laterales arriere et du coffre sur-teintees', 'Feux de route à LED', 'Pavillon de toit Anthracite (pour selleries Anthracite)', 'non fumeur', ""carnet d'entretien"", ""Suspension pneumatique et châssis actif avec système d'amortissement piloté Four-C"", 'Caméras Surround View (vision panoramique à 360°) incluant caméra avant et caméra de recul', ""Alarme Volvo Guard avec capteurs de mouvements et d'inclinaison + Système Deadlock (système de verrouillage à pêne dormant)"", 'Longueur : 4.69 m', 'Volume du coffre : 505 L']",60,87102026475,Garantie 12 mois ,Professionnel, Volvo Selekt, oui, 45 Km, 11.8 kWh, 15 kWh/100km, cuir noir, 287 kW, ,,,,,,,57963.0,VOLVO XC60 (2E GENERATION),VOLVO
60 jours,"
    RENAULT SCENIC 4
",18850.0,2019.0, 30/06/2019, non requis, 44 737 Km, Hybride diesel électrique, mécanique, gris clair metal,5.0,5.0, 6 mois, non,1.0, 5 CV, 110 ch,2.0, 94 g/kmA, 3.4 l/100km, EURO6,"['Airbags latéraux', 'Aide au démarrage en côte', 'Avertisseur de franchissement de ligne', ""Assistance au freinage d'urgence"", 'Antipatinage', 'ESP', 'Détection panneaux signalisation', '6 airbags', 'Contrôle de freinage en courbe', 'Essuie glace capteur de pluie', 'Airbags rideaux', 'Indicateur de sous-gonflage des pneus', 'Kit anticrevaison', 'Système détection de collision', 'ABS', 'Antibrouillards avant', 'Ampoules de phares halogènes', 'Phares à allumage automatique', 'Freins régénérateurs', 'Peinture métallisée', 'Feux de croisement automatiques', 'Feux arrières à LED', 'Rétroviseurs extérieurs réglage électrique', 'Rétroviseurs rabattables électriquement', 'Rétroviseurs extérieurs chauffants', 'Bluetooth inclut musique en streaming, connexion téléphone', 'Air conditionné auto', 'Volant multi-fonction', 'Système de navigation info trafic', 'Bouton démarrage', 'Système de navigation', 'Régulateur de vitesse', 'Réglage du volant en hauteur, en profondeur', 'Bluetooth', 'Volant alu & cuir', 'Accoudoir central arrière, avant', 'Taille écran multi-fonctions 7 pouces', 'Air conditionné 2 zones', 'Reconnaissance vocale', 'Ouverture du coffre à distance', 'Taille écran navigation 7 pouces', 'Smart card / Smart key', '6 haut-parleurs', 'Limiteur de vitesse', 'Système audio écran tactile', 'Ordinateur de bord', 'Non fumeur', 'Tablettes aviation', 'Longueur : 4.41 m', 'Volume du coffre : 506 L']",47,87102062797,Garantie 6 mois ,Professionnel,, non,,,, tissu noir, 81 kW,,,,, 48 V,,,44737.0,RENAULT SCENIC 4,RENAULT
25 jours,"
    BMW SERIE 2 F45 ACTIVE TOURER
",26060.0,2018.0, 16/10/2018, non requis, 73 935 Km, Hybride essence électrique, automatique, Glaciersilber,5.0,5.0, 12 mois, oui,, 5 CV, 224 ch,1.0, 46 g/kmA, 2 l/100km, EURO6,"['Airbags rideaux', 'kit téléphone main libre bluetooth', 'ESP', 'AFU', '3 ceintures ar. 3 points', 'airbags front. + lat.', 'feux automatiques', 'fixations ISOFIX', 'phares av. de jour à LED', 'essuie-glaces automatiques', 'airbag frontal', 'système de détection de somnolence', 'anti patinage', 'contrôle de pression des pneus', 'EBD', 'radar anti-collision', 'ABS', 'Aide au démarrage en côte', 'rétroviseurs électriques', 'aide parking', ""sorties d'échappement chromées"", 'jantes alu', 'becquet', 'lunette arrière dégivrante', 'rétroviseurs dégivrants', 'blocage de différentiel', 'Ordinateur de bord', 'prises audio auxiliaires', 'banquette rabattable', 'climatisation automatique multi zone', 'système audio MP3', 'Accoudoir central arrière', 'boite à gants réfrigérée', 'fermeture électrique automatique', 'volant sport', 'sièges réglables en hauteur', 'prise 12V', 'prise audio USB', 'Volant cuir', 'fermeture électrique', 'volant réglable en hauteur et profondeur', 'volant multifonctions', 'vitres teintées', 'régulateur limiteur de vitesse', 'Régulateur de vitesse', 'vitres électriques', 'Accoudoir central avant', 'siège conducteur réglable hauteur', 'système audio', 'Ecran multifonction couleur', 'Lunette arrière', 'Porte-gobelets avant', 'Phares halogènes', 'Boucliers AV et AR couleur caisse', 'Ouverture des vitres séquentielle', 'Poignées ton carrosserie', 'Porte-gobelets arrière', 'Répétiteurs de clignotant dans rétro ext', 'Rangement sous siège conducteur', ""Appel d'Assistance Localisé"", ""Feux de freinage d'urgence"", ""Système avancé de détection d'obstacles"", 'Bacs de portes arrière', '6 Haut parleurs', 'Appui-tête passager réglable en hauteur', 'Démarrage sans clé', 'Banquette arrière 3 places', 'Bacs de portes avant', 'Services connectés', 'système Start & Stop', ""Appel d'Urgence Localisé"", 'Banquette 40/20/40', 'Chauffage auxiliaire', 'Compte tours', 'Filtre à Pollen', 'Sièges rang 2 inclinables', 'Appui-tête conducteur réglable hauteur', 'Température extérieure', ""Poches d'aumonières"", 'Longueur : 4.34 m', 'Volume du coffre : 400 L']",78,69109685701,Garantie 12 mois ,Professionnel,, oui, 41 Km, 5.7 kWh, 11 kWh/100km,,, ,,, oui,,,,73935.0,BMW SERIE 2 F45 ACTIVE TOURER,BMW
31 jours,"
    TOYOTA COROLLA 12 TOURING SPORTS
",21380.0,2020.0, 25/05/2020, non requis, 91 225 Km, Hybride essence électrique, automatique, blanc,5.0,5.0, 12 mois, oui,1.0, 4 CV, 122 ch,1.0, 76 g/kmA, 3.6 l/100km, EURO6,"['airbags frontaux', 'ESP', 'détecteur de pluie', 'phares av. de jour à LED', 'projecteurs antibrouillard', 'ABS', 'rétroviseurs électriques', 'frein de parking automatique', 'rétroviseurs dégivrants', 'caméra de recul', 'Ordinateur de bord', 'climatisation automatique', 'Bluetooth', 'Régulateur de vitesse adaptatif', 'prise audio USB', 'carte main libre', 'vitres électriques', 'Accoudoir central avant', 'GPS', 'Airbag conducteur genoux', 'Équipement main libre', 'Rétroviseur intérieur antiéblouissant automatique', 'Siège conducteur régl. haut.', 'Airbag passager latéral', 'Système anti-franchissement de ligne', 'Airbag conducteur latéral', 'Système de détection de fatigue', 'Système anti-collision', 'Airbag rideau', 'Syst. de reconnaissance de panneaux de signal.', 'Airbag Passager genoux', 'Activation automatique des feux de croisement', 'Pommeau de vitesses cuir', 'Feux arrières LED', 'Longueur : 4.65 m', 'Volume du coffre : 598 L']",69,69109653370,Garantie 12 mois ,Professionnel,, non,,,,,,, en cours,, oui, 207 V, 6.5 A,,91225.0,TOYOTA COROLLA 12 TOURING SPORTS,TOYOTA
24 jours,"
    PORSCHE CAYENNE 2
",40260.0,2017.0, 12/07/2017, requis, 235 320 Km, Hybride essence électrique, automatique, noir,5.0,5.0, 6 mois, non,, 20 CV, 416 ch,1.0, 75 g/kmA,, EURO6,"['Airbags rideaux', 'airbags frontaux', 'ESP', 'Airbags latéraux', 'feux automatiques', 'fixations ISOFIX', 'détecteur de pluie', 'phares av. de jour à LED', 'contrôle de pression des pneus', 'ABS', 'Aide au démarrage en côte', '4 roues motrices', 'aide parking', 'suspension pneumatique', 'jantes alu', 'échappement sport', 'toit ouvrant panoramique', 'hayon électrique', ""système de récupération d'énergie au freinage"", 'jantes noires', 'rétroviseurs électriques et dégivrants', 'caméra de recul', 'Ordinateur de bord', 'Palettes au volant', 'climatisation automatique', 'Bluetooth', 'écran tactile', 'prise audio USB', 'régulateur limiteur de vitesse', 'sièges électriques', 'Régulateur de vitesse', 'pack cuir', 'intérieur cuir', 'sièges chauffants', '5 places', 'boite automatique', 'GPS', 'ciel de pavillon noir', 'Alarme', 'anti démarrage', ""MCA Lyon Nord au 180 Allée des Tropiques 69380 Marcilly d'Azergues"", 'Sièges sport adaptatifs avec pack Mémoire Confort (18 positions)', ""radar avant de détection d'obstacles"", ""Porsche Entry & Drive  - Démarrage sans clé - Système d'accès sans clé"", '2ème Main', 'Pack Sport Chrono', ""radar arrière de détection d'obstacles"", 'système Start & Stop', 'Cardeal by MCA au 163 Avenue Franklin Roosevelt 69150 Décines-Charpieu', 'Nombre de roues motrices : 4', 'Historique du véhicule', 'Véhicule Origine France', 'Sièges AV Chauffants et Ventilés', 'MCA Lyon Est au 163 Avenue Franklin Roosevelt 69150 Décines-Charpieu', 'démarrage sans clé', 'Pack Bose', 'Phares Bi-Xénon en Noir avec Porsche Dynamic Light System (PDLS)', 'Longueur : 4.86 m', 'Volume du coffre : 580 L']",69,69109693857,Garantie 6 mois ,Professionnel,, oui,, 10.8 kWh, 20 kWh/100km, noir,,,,, oui,,,,235320.0,PORSCHE CAYENNE 2,PORSCHE
23 jours,"
    AUDI Q5 (2E GENERATION)
",68200.0,2021.0, 17/06/2021, non requis, 29 698 Km, Hybride essence électrique, automatique, NOIR MYTHIC,5.0,5.0, 24 mois, oui,, 16 CV, 367 ch,1.0, 35 g/kmA, 1.5 l/100km, EURO6,"['Airbags rideaux', 'kit téléphone main libre bluetooth', 'ESP', 'AFU', '3 ceintures ar. 3 points', 'airbags front. + lat.', 'feux automatiques', 'fixations ISOFIX', 'phares av. de jour à LED', 'essuie-glaces automatiques', 'airbag frontal', 'anti patinage', 'contrôle de pression des pneus', 'EBD', 'radar anti-collision', 'ABS', 'rétroviseurs électriques', 'aide parking', ""sorties d'échappement chromées"", 'jantes alu', 'barres de toit', 'lunette arrière dégivrante', 'rétroviseurs dégivrants', 'Rétroviseurs rabattables électriquement', 'blocage de différentiel', 'caméra de recul', 'Système audio CD', 'Ordinateur de bord', 'prises audio auxiliaires', 'banquette rabattable', 'climatisation automatique multi zone', 'système audio MP3', 'Palettes au volant', 'vitres ar. surteintées', 'Accoudoir central arrière', 'sièges sport', 'boite à gants réfrigérée', 'écran tactile', 'système audio carte SD', 'volant sport', 'sièges réglables en hauteur', 'prise 12V', 'prise audio USB', 'Volant cuir', 'fermeture électrique', 'volant multifonctions', 'cache bagages', 'banquette coulissante', 'régulateur limiteur de vitesse', 'carte main libre', 'Régulateur de vitesse', 'système DVD', 'vitres électriques', 'Accoudoir central avant', 'sièges chauffants', 'siège conducteur réglable hauteur', 'rétroviseur int. jour/nuit auto', 'GPS', 'système audio', 'Ecran multifonction couleur', 'Buses de lave-glace chauffantes', 'Porte-gobelets avant', 'Borne Wi-Fi', 'Boucliers AV et AR couleur caisse', 'Ouverture des vitres séquentielle', 'Commandes vocales', 'Poignées ton carrosserie', 'Porte-gobelets arrière', 'Répétiteurs de clignotant dans rétro ext', 'Vitrage calorifuge', 'Inserts de porte métal', ""Appel d'Assistance Localisé"", '10 Haut parleurs', 'Ceintures avant ajustables en hauteur', ""Lampes de lecture à l'avant"", 'Audi phone box', 'Siège passager avec réglage lombaire', 'Commandes du système audio au volant', 'Calandre chromée', 'Bacs de portes arrière', 'Appui-tête passager réglable en hauteur', 'Démarrage sans clé', 'Banquette arrière 3 places', 'Miroir de courtoisie passager', 'Bacs de portes avant', 'Services connectés', 'Interface Media', 'système Start & Stop', 'Siège conducteur avec réglage lombaire', 'Inserts de tableau de bord métal', 'Ceinture de vitrage chromée', ""Appel d'Urgence Localisé"", 'Banquette 40/20/40', 'Cuir/Tissu Séquence S Noir/Gris Roche', 'Echappement à double sortie', 'Sièges Av réglables élec', 'Compte tours', 'Filtre à Pollen', 'Appui-tête conducteur réglable hauteur', 'Température extérieure', 'Essuie-glace arrière', 'Commande Climatisation AR', 'Témoin de bouclage des ceintures AV', 'Pare-brise acoustique', 'Disque dur multimédia', 'Boite à gants fermée', 'Commande du comportement dynamique', 'Miroir de courtoisie conducteur', 'TMC', 'Longueur : 4.66 m', 'Volume du coffre : 550 L']",17,69109698944,Garantie 24 mois ,Professionnel,, oui,, 17.9 kWh,, NOIR,,, en cours,, oui, 381 V,,,29698.0,AUDI Q5 (2E GENERATION),AUDI
3 jours,"
    SMART FORFOUR 2
",16180.0,2020.0, 14/11/2020, non requis, 9 544 Km, Electrique, automatique, gris,5.0,4.0, 12 mois, oui,1.0, 1 CV, 56 ch,0.0, 0 g/kmA,, EURO6,"['airbags frontaux', 'ESP', 'fixations ISOFIX', 'phares av. de jour à LED', 'airbag frontal', 'peinture métallisée', 'jantes alu', 'jantes alu 15""', 'caméra de recul', 'climatisation automatique', 'prise audio USB', 'Régulateur de vitesse', 'vitres électriques', 'Accoudoir central avant', 'GPS', 'Siège conducteur régl. haut.', 'Verr.cent. Commande dist.', ""Assistant de freinage d'urgence"", 'Activation automatique des feux de croisement', 'commandes vocales', 'Feux arrières LED', 'Longueur : 3.50 m', 'Volume du coffre : 185 L']",35,69109808414,Garantie 12 mois ,Professionnel,, oui, 139 Km, 17.6 kWh, 14 kWh/100km,,, ,,, oui,,,,9544.0,SMART FORFOUR 2,SMART
30 jours,"
    NISSAN LEAF 2
",20860.0,2019.0, 18/06/2019, non requis, 48 378 Km, Electrique, automatique, blanc,5.0,5.0, 12 mois, oui,1.0, 4 CV, 122 ch,0.0,,, EURO6,"[""avertisseur d'angle mort"", 'ESP', '6 airbags', 'feux automatiques', 'EBV', 'essuie-glaces automatiques', 'projecteurs antibrouillard', 'contrôle de pression des pneus', 'ABS', 'Roue de secours', 'jantes alu', 'rétroviseurs électriques et dégivrants', 'aide parking av/ar', 'Système audio CD', 'système audio MP3', 'climatisation automatique', 'prise audio USB', 'carte main libre', 'Régulateur de vitesse', 'vitres électriques', '5 places', 'PEINTURE METALLISEE BLANC LUNAIRE', 'RIDEAUX', 'dimension des jantes : 16 pouces', 'détection des panneaux routiers', ""NISSAN CONNECT 7. 0''"", 'clignotants LED', 'Longueur : 4.49 m', 'Volume du coffre : 435 L']",69,69109659805,Garantie 12 mois ,Professionnel,, oui, 378 Km, 40 kWh, 14 kWh/100km,,, ,,, oui, 350 V,,,48378.0,NISSAN LEAF 2,NISSAN
26 jours,"
    PORSCHE PANAMERA 2 SPORT TURISMO
",95880.0,2019.0, 06/11/2019, non requis, 139 800 Km, Hybride essence électrique, automatique, gris metal,5.0,5.0, 6 mois, non,, 19 CV, 462 ch,1.0, 59 g/kmA,, EURO6,"['Airbags latéraux', 'Feux ar. à LED', 'Aide au démarrage en côte', ""Assistance au freinage d'urgence"", 'Antipatinage', 'Feux automatiques', 'ESP', 'Contrôle de pression des pneus', 'Capot à soulèvement pour choc piéton', '8 airbags', 'Phares av. de jour à LED', 'Essuie glace capteur de pluie', 'Airbags rideaux', 'Indicateur de sous-gonflage des pneus', 'Kit anticrevaison', 'Détecteur de pluie', 'ABS', 'Phares adaptatifs', 'Toit ouvrant électrique', '4 roues motrices', 'Ampoules de phares LED', 'Rétroviseurs électriques', 'Suspension pneumatique', 'Phares à allumage automatique', 'Jantes alu', 'Freins régénérateurs', 'Phares directionnels', 'Toit ouvrant panoramique', 'Pack chrono', 'Lunette arrière dégivrante', 'Aide parking avec caméra de recul', 'Aileron', 'Peinture métallisée', 'Feux arrières à LED', 'Jantes noires', 'Rétroviseurs extérieurs réglage électrique', 'Rétroviseurs rabattables électriquement', 'Rétroviseurs extérieurs chauffants', 'Hayon électrique', 'APPLE CAR PLAY', 'Démarrage sans clef', 'Pack carbone', 'Bluetooth inclut musique en streaming, connexion téléphone', 'Air conditionné auto', 'Volant multi-fonction', 'Système de navigation info trafic', 'Bouton démarrage', 'Siège avant électrique', '10 haut-parleurs', 'Système de navigation', 'Régulateur de vitesse', 'Réglage du volant en hauteur, en profondeur', 'Bluetooth', 'Pré-équipement téléphone', 'Réseau Wifi', 'Banquette fractionnable', 'Volant multifonctions', 'Taille écran multi-fonctions 12 pouces', 'Accoudoir central arrière, avant', 'Boite automatique', 'Connexion Internet', 'Taille écran navigation 12 pouces', 'Palettes au volant', 'Air conditionné 2 zones', 'Reconnaissance vocale', 'Ouverture du coffre à distance', 'Smart card / Smart key', 'Fermerture électrique du coffre', 'Système audio inclut DVD', 'Caméra de recul', 'Volant réglable en hauteur et profondeur', 'Tapis de sol', 'Volant cuir', 'Système audio lecteur CD et MP3', 'Régulateur limiteur de vitesse', 'Rétroviseur jour/nuit', 'Climatisation automatique multi zone', 'Système audio écran tactile, carte digitale, CD', 'Intérieur tout cuir', 'Boite séquentielle', 'Volant 3 branches', 'Ordinateur de bord', 'GPS', 'DVD/VCD', ""Système d'entrée sans clef"", 'Alarme périmétrique', 'Alarme', 'Pack fumeur', 'Suppression du monogramme', 'Sièges avant ventilés', 'Éclairage d’ambiance', 'Feux de route à LED', 'Jantes «\xa0Exclusive Design\xa0» 21\xa0pouces - Noire', 'Servotronic plus', 'Poignées de porte peintes en Noir (finition brillante)', 'Rétroviseurs extérieurs peints', 'Phares matriciels à DEL avec Porsche Dynamic Light System Plus (PDLS Plus)', 'Intérieur tout Cuir, en Cuir Club', 'Baguettes de seuil de porte en Carbone', 'Sièges avant chauffants', 'Sorties d’échappement Sport - Noir', 'Enjoliveurs de roue avec écusson Porsche en couleur', 'Système de toit panoramique', 'Chauffage du volant', 'Système Start & Stop', 'Pack intérieur cuir', 'Pack intérieur Carbone', 'Sorties d’air peintes', 'BOSE® Surround Sound System', 'Entourage des vitres latérales couleur Noir (finition brillante)', 'Climatisation automatique 4 zones', 'Accès confort', 'Assistance Parking avec caméra de recul', 'Longueur : 5.05 m', 'Volume du coffre : 425 L']",74,87102217262,Garantie 6 mois ,Professionnel,, oui, 51 Km, 14 kWh, 15 kWh/100km, cuir marron, 340 kW,,, Importé,,,,,139800.0,PORSCHE PANAMERA 2 SPORT TURISMO,PORSCHE
60 jours,"
    HYUNDAI IONIQ
",28870.0,2022.0, 13/11/2022, non requis, 734 Km, Hybride essence électrique, automatique, PHANTOM BLACK,5.0,5.0,, non,, 5 CV, 141 ch,1.0,,, EURO6,"['Airbags rideaux', 'kit téléphone main libre bluetooth', 'ESP', 'AFU', 'airbag genoux anti sous-marinage', 'airbags front. + lat.', 'feux automatiques', 'fixations ISOFIX', 'alerte franchissement ligne', 'phares av. de jour à LED', 'essuie-glaces automatiques', 'airbag frontal', 'système de détection de somnolence', 'contrôle de pression des pneus', 'EBD', 'ABS', 'feux ar. à LED', 'Aide au démarrage en côte', 'rétroviseurs électriques', 'aide parking', 'jantes alu', 'rétroviseurs dégivrants', 'Rétroviseurs rabattables électriquement', 'caméra de recul', 'Système audio CD', 'Ordinateur de bord', 'prises audio auxiliaires', 'banquette rabattable', 'climatisation automatique multi zone', 'système audio MP3', 'vitres ar. surteintées', 'Accoudoir central arrière', 'fermeture électrique automatique', 'Régulateur de vitesse adaptatif', 'écran tactile', 'sièges réglables en hauteur', 'prise 12V', 'prise audio USB', 'Volant cuir', 'fermeture électrique', 'volant réglable en hauteur et profondeur', 'banquette 1/3 - 2/3', 'volant multifonctions', 'cache bagages', 'régulateur limiteur de vitesse', 'carte main libre', 'vitres électriques', 'Accoudoir central avant', 'siège conducteur réglable hauteur', 'rétroviseur int. jour/nuit auto', 'GPS', 'système audio', 'traceur GPS', 'alarme périmétrique', 'Ecran multifonction couleur', 'Porte-gobelets avant', ""Eclairage d'ambiance"", 'Boucliers AV et AR couleur caisse', 'Ouverture des vitres séquentielle', 'Commandes vocales', ""Système d'éclairage intelligent"", 'Porte-gobelets arrière', 'Répétiteurs de clignotant dans rétro ext', '8 Haut parleurs', 'Ceintures avant ajustables en hauteur', 'Pédalier sport', 'Siège cond. avec réglage lombaire électr', ""Système avancé de détection d'obstacles"", 'Commandes du système audio au volant', 'Bacs de portes arrière', 'Appui-tête passager réglable en hauteur', 'Démarrage sans clé', 'Banquette arrière 3 places', 'Miroir de courtoisie conducteur éclairé', 'FAP', 'Eclairage au sol', 'Témoin de bouclage ceinture conducteur', 'Bacs de portes avant', 'Miroir de courtoisie passager éclairé', 'Services connectés', 'Interface Media', 'système Start & Stop', 'Ceinture de vitrage chromée', ""Appel d'Urgence Localisé"", 'Pommeau de levier vitesse en cuir', 'Commande Mode ECO', 'Compte tours', 'Filtre à Pollen', 'Appui-tête conducteur réglable hauteur', 'Phantom Black', 'Reconnaissance panneaux de signalisation', 'Boite à gants fermée', 'Commande du comportement dynamique', ""Poches d'aumonières"", 'TMC', 'Longueur : 4.47 m', 'Volume du coffre : 456 L']",39,69109438204,Garantie constructeur,Professionnel,, non,, 1.6 kWh,,,,, en cours,, oui, 240 V,,,734.0,HYUNDAI IONIQ,HYUNDAI
2 jours,"
    TOYOTA PROACE 2
",42000.0,2022.0, 21/05/2022, non requis, 4 200 Km, Electrique, automatique, Blanc Banquise,4.0,3.0, 36 mois, non,, 9 CV, 136 ch,0.0, 0 g/kmA, 6.3 l/100km, EURO6,"['kit téléphone main libre bluetooth', 'ESP', 'AFU', 'airbags front. + lat.', 'feux automatiques', 'essuie-glaces automatiques', 'phares av. de jour', 'airbag frontal', 'projecteurs antibrouillard', 'anti patinage', 'ABS', 'Aide au démarrage en côte', 'rétroviseurs électriques', 'aide parking', 'rétroviseurs dégivrants', 'Rétroviseurs rabattables électriquement', 'Système audio CD', 'Ordinateur de bord', 'système audio MP3', 'boite à gants réfrigérée', 'fermeture électrique automatique', 'écran tactile', 'prise 12V', 'prise audio USB', 'fermeture électrique', 'volant réglable en hauteur et profondeur', 'vitres teintées', 'régulateur limiteur de vitesse', 'carte main libre', 'Régulateur de vitesse', 'vitres électriques', 'Accoudoir central avant', 'climatisation', 'siège conducteur réglable hauteur', 'GPS', 'système audio', 'Ecran multifonction couleur', 'Porte-gobelets avant', 'Phares halogènes', 'Boucliers AV et AR couleur caisse', 'Siège passager avec dossier repliable', 'Ouverture des vitres séquentielle', 'Commandes vocales', 'Poignées ton carrosserie', 'Paroi séparation', 'Double portes arrière de chargement', 'Ceintures avant ajustables en hauteur', 'Blanc Banquise', 'Banquette AV 2 places monobloc', 'Porte latérale arrière droite', 'Siège passager rabattable', 'Plancher métal', 'Appui-tête passager réglable en hauteur', 'Démarrage sans clé', 'FAP', 'Cloison vitrée', 'Bacs de portes avant', 'Services connectés', 'Interface Media', 'système Start & Stop', 'Siège conducteur avec réglage lombaire', 'Compte tours', 'Filtre à Pollen', 'Appui-tête conducteur réglable hauteur', 'Cloison modulable', 'Témoin de bouclage des ceintures AV', 'Pare-brise acoustique', 'Enjoliveurs', 'Boite à gants fermée', '2 Haut parleurs', 'TMC', 'Longueur : 4.96 m']",94,69109810930,Garantie 36 mois ,Professionnel, Toyota Occasion, oui, 330 Km, 75 kWh,,,, , en cours,, oui,,,,4200.0,TOYOTA PROACE 2,TOYOTA
60 jours,"
    BMW I3
",37470.0,2020.0, 09/12/2020, non requis, 18 044 Km, Electrique, automatique, Fluid Black,5.0,4.0, 24 mois, oui,, 3 CV, 170 ch,0.0, 0 g/kmA,, EURO6,"['feux et essuie-glaces automatiques', 'contrôle de pression des pneus', 'aide parking', 'toit ouvrant', 'Rétroviseurs rabattables électriquement', 'caméra de recul', 'climatisation automatique', 'volant multifonctions', 'Régulateur de vitesse', 'Accoudoir central avant', 'Tapis de sol', 'GPS', 'Services ConnectedDrive (Apps véhicule 3 ans)', 'Airbag passager desactivable via la cle', 'Accès Confort', 'Alimentation electrique renforcee', '""Fluid Black""', 'Porte-boissons', 'Services eDrive Connected', ""Appel d'Urgence Intelligent"", 'Kit de mobilité', 'Avantage Client Edition 360', 'Triangle de présignalisation et trousse de premiers secours', 'Kit rangement', 'Edition 360', 'Longueur : 4.01 m', 'Volume du coffre : 260 L']",31,69109308015,Garantie 24 mois ,Professionnel, BMW Premium Sélection, oui, 359 Km, 42.2 kWh, 13 kWh/100km,,, ,,, oui, 353 V, 120 A,,18044.0,BMW I3,BMW
60 jours,"
    KIA XCEED
",37560.0,2021.0, 08/11/2021, non requis, 11 541 Km, Hybride essence électrique, automatique, argent,5.0,5.0, 67 mois, oui,, 5 CV, 141 ch,1.0, 38 g/kmA,, EURO6,"['airbags frontaux', 'ESP', 'AFU', 'feux automatiques', 'EBV', 'fixations ISOFIX', 'détecteur de pluie', 'phares av. de jour à LED', 'projecteurs antibrouillard', 'ABS', 'aide parking', 'toit panoramique', 'jantes alu', 'rampes de pavillon noires', 'frein de parking automatique', 'jantes alu 18""', 'rétroviseurs électriques et dégivrants', 'caméra de recul', 'Ordinateur de bord', 'climatisation automatique multi zone', 'système audio MP3', 'Palettes au volant', 'vitres ar. surteintées', 'climatisation automatique', 'Volant chauffant', 'Accoudoir central arrière', 'fermeture électrique automatique', 'écran tactile', 'prise 12V', 'prise audio USB', 'volant réglable en hauteur et profondeur', 'démarrage sans clef', 'régulateur limiteur de vitesse', 'vitres électriques', 'volant réglable', 'volant et pommeau cuir', 'direction assistée', 'sièges chauffants', '5 places', 'siège conducteur réglable hauteur', 'rétroviseur int. jour/nuit auto', 'GPS', 'Système de gestion intelligente des feux de route (HBA)', 'Système UVO Connect - services télématiques offerts pendant 7 ans', 'Prise 12 volts sur la partie inférieure de la planche de bord', 'avec rideau occultant électrique', 'Alerte de franchissement involontaire de ligne (LDW)', 'Sélecteur de conduite DRIVE MODE (Normal ou Sport)', 'Becquet AR avec troisième feu stop LED intégré', 'Reconnaissance des panneaux de limitation de vitesse (ISLW)', 'Siège conducteur à réglages électrique', 'Contrôle de la pression des pneumatiques (TPMS) avec affichage de la pression par pneumatique', 'Pédalier et repose-pieds finition aluminium', 'Spots de lecture AV et AR', 'Bacs de rangement dans les contre-portes AV et AR', 'Sièges AV à réglages lombaire électrique', ""Radar de parking AV et Système actif d'aide au stationnement (PA-PRL)"", 'Ligne de vitres finition chrome satiné', ""Appuis-tête AV et AR réglables en hauteur et en inclinaison (à l'AV uniquement)"", 'hayon arrière électrique', 'avec mémorisation (2 positions)', 'Sieges arrières rabattable', 'Alerte de vigilance du conducteur (DAW)', 'Système de surveillance des angles morts (BCW) avec détection de trafic AR (RCCW)', 'Poches aumonières au dos des sièges AV', 'kit de réparation crevaison', 'Aide au maintien dans la file (LKA)', 'Système de chargement du smartphone par induction', 'Compartiment range-lunettes', 'radio numérique', 'Contour de calandre aspect chrome et application noir chromé sur grille de calandre', 'Siège passager AV réglable en hauteur', 'Coques de rétroviseurs couleur noir laqué', 'Sièges AV ventilés', 'Accoudoir central AV coulissant avec compartiment de rangement', 'ouvrant / entrebâillant électriquement', ""Système de freinage d'urgence autonome avec détection des voitures et des piétons (FCA)"", 'Désembuage automatique du pare-brise', ""Combiné d'instrumentation 100 % digital 12.3''"", '4 axes', 'Témoin de niveau bas du liquide de lave-glace', 'Poignées de portes intérieures finition chrome', 'clignotants LED', 'Projecteurs AV Full LED', 'Longueur : 4.39 m', 'Volume du coffre : 426 L']",26,69109375744,Garantie 67 mois ,Professionnel,, oui, 54 Km, 8.9 kWh, 10 kWh/100km,,, , en cours,, oui, 360 V, 24.7 A,,11541.0,KIA XCEED,KIA
60 jours,"
    HONDA CR-V 5
",42160.0,2021.0, 25/06/2021, non requis, 1 166 Km, Hybride essence électrique, automatique, platine,5.0,5.0, 21 mois, non,2.0, 7 CV, 184 ch,1.0,,, EURO6,"['Airbags rideaux', 'airbags frontaux', 'Airbags latéraux', 'AFU', 'feux automatiques', 'EBV', 'fixations ISOFIX', 'détecteur de pluie', 'alerte franchissement ligne', 'phares av. de jour à LED', 'airbag frontal', 'projecteurs antibrouillard', 'contrôle de pression des pneus', 'Lave-phares', 'radar anti-collision', 'ABS', 'Aide au démarrage en côte', 'jantes alu', 'rampes de pavillon noires', 'jantes alu 18""', 'rétroviseurs électriques et dégivrants', 'aide parking av/ar', 'caméra de recul', 'Ordinateur de bord', 'vitres surteintées', 'intérieur tout cuir', 'climatisation automatique', 'Bluetooth', 'écran tactile', 'prise 12V', 'prise audio USB', 'volant réglable en hauteur et profondeur', 'volant multifonctions', 'régulateur limiteur de vitesse', 'Régulateur de vitesse', 'vitres électriques', 'volant réglable', 'intérieur cuir', 'direction assistée', 'sièges chauffants', '5 places', 'siège conducteur réglable hauteur', 'rétroviseur int. jour/nuit auto', 'Alarme', 'Accoudoirs conducteur et passager', 'Pneumatiques 235/60 R18', 'Ceintures de sécurité AV à prétensionneurs', 'Appuis-têtes AV anti coup-du-lapin', 'Réglage en hauteur manuel du siège passager', 'Accoudoir AV conducteur et passager', 'Banquette AR Magique (rabattable 60/40 en un seul geste)', 'Miroirs de courtoisie éclairés', 'Miroirs de courtoisie dans les pare-soleil', ""Système d'optimisation du comportement routier"", 'Réglage électrique du soutien lombaire côté passager', ""Eclairage d'ambiance (conducteur/passager/poignées de porte)"", 'Badge Hybrid', 'Compartiment pour lunettes avec miroir', ""Système d'alerte anticollision frontale"", ""Eclairage actif d'intersection"", 'Réglage électrique du soutien lombaire côté conducteur', 'Système de déverrouillage et de démarrage sans clé', 'Rétroviseur extérieur passager avec fonction recul', 'Poignées de portes couleur carroserie', ""Système d'assistance au maintien dans la voie de circulation"", 'Fonction ECON déconnectable', 'radio numérique', 'Liseuses AV et AR', 'Eclairage de courtoisie', 'Poche aumônière siège passager AV', 'Ventilation AR', ""Dégivrage d'essuie-glaces AV"", '2 Prises USB AV', 'Système de feux de route actifs', 'Fixations de filet à bagages', 'Eclairage de boîte à gants', 'Poignées de porte intérieures chromées', 'Navigation Garmin pour Honda Connect', ""système d'appel d'urgence"", 'Plage AR', ""Système de surveillance de l'angle mort avec alerte de véhicule en approche"", ""Signal de freinage d'urgence automatique"", 'Kit de réparation des crevaisons', 'Frein de parking électronique avec maintien de freinage', 'Suivi automatique à basse vitesse', 'Insert de tableau de bord façon bois', ""Système de temporisation de l'allumage/extinction des feux"", 'Système de Prévention des sorties de route', ""Système d'immobilisation électronique"", 'Ceintures de sécurité AR à prétensionneurs', 'Rétroviseurs extérieurs asphériques', 'détection des panneaux routiers', 'Palettes de changement de rapports au volant', 'Contrôle électronique de trajectoire', 'Antenne aileron de requin', 'Poche aumônière siège conducteur', 'Rétroviseurs réglables et chauffants électriquement', '9 HP avec subwoofer', 'Spoiler de hayon', 'Longueur : 4.60 m', 'Volume du coffre : 497 L']",60,69107880911,Garantie 21 mois ,Professionnel,, non,,,, noir,,, en cours,, oui,,,,1166.0,HONDA CR-V 5,HONDA
37 jours,"
    LAND ROVER RANGE ROVER EVOQUE 2
",74270.0,2021.0, 31/01/2022, non requis, 57 010 Km, Hybride essence électrique, automatique, gris anthracite metal,5.0,5.0, 24 mois, oui,1.0, 11 CV, 200 ch,1.0, 44 g/kmA, 2 l/100km, EURO6,"['Airbags latéraux', 'Aide au démarrage en côte', 'Avertisseur de franchissement de ligne', ""Assistance au freinage d'urgence"", 'Antipatinage', 'ESP', 'Détection panneaux signalisation', 'Contrôle de freinage en courbe', ""Capteur d'angle mort"", '7 airbags', 'Essuie glace capteur de pluie', 'Airbags rideaux', 'Indicateur de sous-gonflage des pneus', 'Kit anticrevaison', 'Lave-phares', 'Système détection de collision', 'ABS', 'Ampoules de phares LED', ""Caméra d'aide au stationnement à 360°"", 'Phares à allumage automatique', 'Freins régénérateurs', 'Feux de croisement à LED', 'Feux de croisement automatiques', 'Feux arrières à LED', 'Rétroviseurs extérieurs réglage électrique', 'Rétroviseurs rabattables électriquement', 'Rétroviseurs extérieurs chauffants', 'Bluetooth inclut musique en streaming, connexion téléphone', 'Air conditionné auto', 'Volant multi-fonction', 'Système de navigation info trafic', 'Bouton démarrage', 'Siège avant électrique', 'Système de navigation', 'Régulateur de vitesse', 'Réglage du volant en hauteur, en profondeur', 'Bluetooth', 'Accoudoir central arrière, avant', 'Palettes au volant', 'Air conditionné 2 zones', 'Reconnaissance vocale', 'Ouverture du coffre à distance', 'Smart card / Smart key', 'Fermerture électrique du coffre', '6 haut-parleurs', 'Tapis de sol', 'Volant cuir', 'Rétroviseur jour/nuit', 'Aide au stationnement arrière', 'Limiteur de vitesse', 'Taille écran navigation 10.2 pouces', 'Système audio écran tactile', 'Ordinateur de bord', 'Taille écran multi-fonctions 12.3 pouces', 'Alarme', 'Volant tout cuir perforé multifonction', ""Système d'entrée sans clé"", 'Prises supplémentaires', 'Câble de recharge mode 2 ( prise standard )', 'Feux de route à LED', 'Vitres arrière teintées', ""Ionisation de l'air"", 'Peinture métallisée Premium', 'Écrous de roues antivol', 'Jantes 20"" 5 branches doubles \'Style 5079\' Gloss Dark Grey finition Diamond Turned', 'Sièges avant chauffants, réglables électriquement en 14X14 directions, mémorisation du siège conducteur, accoudoir central arrière', 'caméra panoramique', 'Feux clignotants à LED', 'Toit panoramique fixe', 'Longueur : 4.37 m', 'Volume du coffre : 591 L']",95,87102206451,Garantie 24 mois ,Professionnel,, oui,, 15 kWh,, cuir noir, 227 kW, , en cours,,, 307 V, 48.8 A,,57010.0,LAND ROVER RANGE ROVER EVOQUE 2,LAND
5 jours,"
    TOYOTA C-HR
",22940.0,2020.0, 12/05/2020, non requis, 44 802 Km, Hybride essence électrique, automatique, BLEUGRAPHITE,5.0,5.0, 12 mois, non,, 4 CV, 122 ch,1.0, 86 g/kmA, 3.8 l/100km, EURO6,"['Airbags rideaux', ""avertisseur d'angle mort"", 'kit téléphone main libre bluetooth', 'ESP', 'AFU', 'airbags front. + lat.', 'feux automatiques', 'alerte franchissement ligne', 'essuie-glaces automatiques', 'phares av. de jour', 'BAS', 'airbag frontal', 'projecteurs antibrouillard', 'système de détection de somnolence', 'anti patinage', 'contrôle de pression des pneus', 'EBD', 'radar anti-collision', 'ABS', 'feux ar. à LED', 'rétroviseurs électriques', 'aide parking', 'jantes alu', 'becquet', 'rétroviseurs dégivrants', 'Rétroviseurs rabattables électriquement', 'caméra de recul', 'Système audio CD', 'Ordinateur de bord', 'prises audio auxiliaires', 'banquette rabattable', 'climatisation automatique multi zone', 'vitres ar. surteintées', 'Régulateur de vitesse adaptatif', 'écran tactile', 'prise audio USB', 'Volant cuir', 'fermeture électrique', 'banquette 1/3 - 2/3', 'volant multifonctions', 'carte main libre', 'vitres électriques', 'Accoudoir central avant', 'siège conducteur réglable hauteur', 'système audio', 'Ecran multifonction couleur', 'Phares halogènes', 'Ouverture des vitres séquentielle', 'Siège conducteur chauffant', ""Système d'éclairage intelligent"", 'Siège passager avec réglage lombaire', 'Siège passager chauffant', 'Siège cond. avec réglage lombaire électr', ""Système avancé de détection d'obstacles"", 'Commandes du système audio au volant', '6 Haut parleurs', 'Démarrage sans clé', 'Banquette arrière 3 places', 'Rétroviseurs rabattables automatique', 'Eclairage au sol', 'système Start & Stop', 'Ceinture de vitrage chromée', 'Filtre à Pollen', 'Reconnaissance panneaux de signalisation', 'Boite à gants fermée', 'Système de prévention des collisions AR', 'Longueur : 4.36 m', 'Volume du coffre : 377 L']",25,69109795922,Garantie 12 mois ,Professionnel, Hyundai Promise, non,,,,,,, en cours,, oui, 202 V, 6.5 A,,44802.0,TOYOTA C-HR,TOYOTA
3 jours,"
    PEUGEOT 508 (2E GENERATION) PSE
",60930.0,2022.0, 13/01/2023, non requis, 2 165 Km, Hybride essence électrique, automatique, GRIS SELEN,5.0,5.0,, non,, 11 CV, 360 ch,1.0, 46 g/kmA, 2 l/100km, EURO6,"[""avertisseur d'angle mort"", 'feux automatiques', 'phares av. de jour à LED', 'essuie-glaces automatiques', 'feux ar. à LED', 'rétroviseurs électriques', 'aide parking', 'jantes alu 20""', 'frein de parking automatique', 'rétroviseurs dégivrants', 'Rétroviseurs rabattables électriquement', 'caméra de recul', 'climatisation automatique multi zone', 'vitres ar. surteintées', 'Accoudoir central arrière', 'Régulateur de vitesse adaptatif', 'écran tactile', 'support lombaires', 'Volant cuir', 'fermeture électrique', 'volant réglable en hauteur et profondeur', 'vitres teintées', 'régulateur limiteur de vitesse', 'carte main libre', 'Régulateur de vitesse', 'vitres électriques', 'Accoudoir central avant', 'rétroviseur int. jour/nuit auto', 'Chargeur embarqué 7,4kW', 'Siège conducteur chauffant', 'Système Hi-Fi Focal', 'Pédalier sport', 'Siège passager chauffant', 'Siège conducteur électrique', 'Démarrage sans clé', 'Interface Media', 'Sellerie Cuir/Alcant noir et maille 3D', 'Gris Selenium', 'Siège passager à réglages électriques', 'Inserts de porte bois', 'Inserts de tableau de bord bois', 'Longueur : 4.75 m', 'Volume du coffre : 487 L']",81,69109806711,Garantie constructeur,Professionnel,, oui, 46 Km, 11.8 kWh,, NOIR ET MAILLE 3D,,, en cours,, oui, 300 V, 39 A,,2165.0,PEUGEOT 508 (2E GENERATION) PSE,PEUGEOT
18 jours,"
    BMW SERIE 2 F45 ACTIVE TOURER
",26530.0,2018.0, 31/12/2018, non requis, 55 101 Km, Hybride essence électrique, automatique, GRIS MÉTAL,5.0,5.0, 6 mois, oui,, 5 CV, 224 ch,1.0, 46 g/kmA, 2 l/100km, EURO6,"['kit téléphone main libre bluetooth', 'feux et essuie-glaces automatiques', 'fixations ISOFIX', 'contrôle de pression des pneus', 'hayon électrique', 'jantes alu 17""', 'Rétroviseurs rabattables électriquement', 'aide parking av/ar', 'caméra de recul', 'Système audio CD', 'Ordinateur de bord', 'climatisation automatique multi zone', 'sièges sport', 'volant sport', 'prise audio USB', 'volant multifonctions', 'régulateur limiteur de vitesse', 'Accoudoir central avant', 'boite automatique', 'rétroviseur int. jour/nuit auto', 'GPS', ""HISTORIQUE D'ENTRETIEN COMPLET BMW"", 'Bluetooth audio', 'Rétroviseur extérieur conducteur électrochrome', '6 mois de garantie nationale', 'Park assist', 'AVERTISSEUR DE PROXIMITE', 'Longueur : 4.34 m', 'Volume du coffre : 400 L']",59,69109723296,Garantie 6 mois ,Professionnel,, oui, 41 Km, 5.7 kWh, 11 kWh/100km, NOIR,, ,,, oui,,,,55101.0,BMW SERIE 2 F45 ACTIVE TOURER,BMW
19 jours,"
    CITROEN E-C4 (3E GENERATION)
",32740.0,2022.0, 12/06/2022, non requis, 887 Km, Electrique, automatique, BRUN CARAMEL,5.0,5.0,, oui,1.0, 4 CV, 136 ch,0.0, 0 g/kmA,, EURO6,"['ESP', 'AFU', 'feux automatiques', 'phares av. de jour à LED', 'essuie-glaces automatiques', 'contrôle de pression des pneus', 'ABS', 'Aide au démarrage en côte', 'aide parking', 'frein de parking automatique', 'rétroviseurs électriques et dégivrants', 'sièges réglables en hauteur', 'prise 12V', 'Volant cuir', 'Volant chauffant', 'volant réglable en hauteur et profondeur', 'banquette 1/3 - 2/3', 'siège conducteur réglable hauteur', 'Tapis de sol', 'Avertisseur sonore piéton', 'Ambiance Urban Grey: Tissu Chevrons Gris / Textile effet cuir Noir avec Sièges Advanced Comfort', 'Décor Bleu sur les panneaux intérieurs de porte', '2 prises USB au rang 2', 'Citroën Connect Radio numérique sur tablette tactile 10""', 'Combiné numérique couleur avec rétro-éclairage', 'Coques de rétroviseurs extérieurs Noir Brillant', '2 prises USB au rang 1', 'Siège conducteur à réglage lombaire', 'Tissu Meanwhile/Tissu Noir', 'Pack Safety 2', 'Chargeur embarqué 7,4 kW monophasé', 'Connect Assist - Citroen Connect Box + Pack SOS et assistance', ""Projecteurs antibrouillard LED avec éclairage statique d'intersection"", 'Poignées de portes noir brillant', 'Aérateurs centraux en rang 2', 'Poignées de portes extérieures Noir Brillant', 'Caméra de recul avec Top Rear Vision', 'Système audio numérique MP3 6 HP (DAB)', '1 prise 12V en rang 1', 'Jupe AR Noir Brilliant', 'e-Services Charge My Car: comprend les services ""Trip Planner"" et ""Charging Pass"" pendant 1 an', 'kit de réparation crevaison', 'Suspension Citroën Advanced Comfort', 'Aérateurs en rang 2', 'Elargisseurs d?aile et bas de caisse Noir Mat', 'Combiné numérique couleur', 'Projecteurs LED avec signature lumineuse en V', 'Console centrale haute avec rangements et accoudoir', 'Pack Safety', 'Teinte de caisse nacrée Brun Caramel', 'Câble de recharge Mode 2 renforcé 16A (pour prise type Green Up)', 'Banquette AR escamotable 2/3 - 1/3', 'Jantes alliage 18"" CROSSLIGHT Diamantées', '2 prises USB au rang 1 (1 type C + 1 type A)', 'Climatisation automatique bizone avec pompe à chaleur', 'Kit mains libres Bluetooth et prise USB', 'Connect Play - Mirror Screen', 'Garnissage Tissu Meanwhile/Tissu Noir', 'Kit mains libres Bluetooth et prise USB (type A)', 'Préconditionnement thermique', '2 prises USB au rang 2 (1 type C + 1 type A)', 'Lève-vitres électriques AV/AR séquentiels', '1 prise USB type C en rang 1', 'Ecran tactile 5"" noir&blanc', 'e-Services Charge My Car - services ""Trip Planner"" + ""Charging Pass""', 'Airbags frontaux, latéraux AV et rideaux', 'Suspensions avec Butées Hydrauliques Progressives', 'Pack Color Anodised Blue', 'Longueur : 4.36 m', 'Volume du coffre : 380 L']",33,69109722364,Garantie constructeur,Professionnel,, oui,, 50 kWh,, ???? ????,, , en cours,, oui, 400 V,,,887.0,CITROEN E-C4 (3E GENERATION),CITROEN
24 jours,"
    MERCEDES CLASSE A 4 BERLINE
",50680.0,2021.0, 27/05/2021, non requis, 26 812 Km, Hybride essence électrique, automatique, 2787 Gris montagne métallisé,4.0,5.0, 24 mois, non,, 8 CV, 218 ch,1.0, 23 g/kmA, 1 l/100km, EURO6,"['Airbags rideaux', 'kit téléphone main libre bluetooth', 'ESP', 'AFU', 'airbag genoux anti sous-marinage', '3 ceintures ar. 3 points', 'airbags front. + lat.', 'feux automatiques', 'fixations ISOFIX', 'alerte franchissement ligne', 'phares av. de jour à LED', 'essuie-glaces automatiques', 'BAS', 'airbag frontal', 'système de détection de somnolence', 'anti patinage', 'contrôle de pression des pneus', 'EBD', 'radar anti-collision', 'ABS', 'feux ar. à LED', 'Aide au démarrage en côte', 'rétroviseurs électriques', 'aide parking', ""sorties d'échappement chromées"", 'jantes alu', 'frein de parking automatique', 'rétroviseurs dégivrants', 'Rétroviseurs rabattables électriquement', 'caméra de recul', 'Système audio CD', 'Ordinateur de bord', 'prises audio auxiliaires', 'banquette rabattable', 'Palettes au volant', 'climatisation automatique', 'sièges sport', 'fermeture électrique automatique', 'écran tactile', 'volant sport', 'sièges réglables en hauteur', 'prise 12V', 'prise audio USB', 'Volant cuir', 'fermeture électrique', 'volant réglable en hauteur et profondeur', 'volant multifonctions', 'cache bagages', 'vitres teintées', 'régulateur limiteur de vitesse', 'Régulateur de vitesse', 'vitres électriques', 'Accoudoir central avant', 'direction assistée', 'siège conducteur réglable hauteur', 'rétroviseur int. jour/nuit auto', 'GPS', 'Ecran multifonction couleur', 'Porte-gobelets avant', 'Boucliers AV et AR couleur caisse', 'Ouverture des vitres séquentielle', 'Commandes vocales', 'Poignées ton carrosserie', 'Porte-gobelets arrière', 'Répétiteurs de clignotant dans rétro ext', 'Syst. intelligent gestion des cylindres', ""Appel d'Assistance Localisé"", 'Pack Sport Black', ""Lampes de lecture à l'avant"", 'Similicuir ARTICO/DINAMICA noir', 'Pédalier sport', ""Feux de freinage d'urgence"", 'Commandes du système audio au volant', 'Bacs de portes arrière', 'Démarrage sans clé', 'Banquette arrière 3 places', 'Miroir de courtoisie conducteur éclairé', ""Lampes de lecture à l'arrière"", 'Bacs de portes avant', 'Miroir de courtoisie passager éclairé', 'système Start & Stop', 'Ecran LCD', 'Ceinture de vitrage chromée', ""Appel d'Urgence Localisé"", 'Banquette 40/20/40', 'Pack Premium', 'Echappement à double sortie', 'Commande Mode ECO', 'Compte tours', 'Filtre à Pollen', 'Température extérieure', 'Reconnaissance panneaux de signalisation', 'Essuie-glace arrière', 'Témoin de bouclage des ceintures AV', 'Boite à gants fermée', 'Commande du comportement dynamique', 'Navigateur Internet', ""Poches d'aumonières"", 'TMC', 'Longueur : 4.55 m', 'Volume du coffre : 345 L']",95,69109690931,Garantie 24 mois ,Professionnel, Mercedes-Benz Certified, oui, 73 Km, 15.6 kWh, 14 kWh/100km, 4651 Similicuir ARTICO / microfibre DINAMICA noir,,, en cours,, oui,,,,26812.0,MERCEDES CLASSE A 4 BERLINE,MERCEDES
60 jours,"
    TOYOTA COROLLA 12
",24660.0,2021.0, 02/08/2021, non requis, 26 374 Km, Hybride essence électrique, automatique, BLANC,5.0,5.0,, non,, 5 CV, 122 ch,1.0,,, EURO6,"['Airbags rideaux', 'kit téléphone main libre bluetooth', 'ESP', 'AFU', 'airbag genoux anti sous-marinage', 'airbags front. + lat.', 'feux automatiques', 'fixations ISOFIX', 'alerte franchissement ligne', 'phares av. de jour à LED', 'airbag frontal', 'système de détection de somnolence', 'anti patinage', 'contrôle de pression des pneus', 'EBD', 'radar anti-collision', 'ABS', 'feux ar. à LED', 'Aide au démarrage en côte', 'rétroviseurs électriques', 'rétroviseurs dégivrants', 'Système audio CD', 'Ordinateur de bord', 'prises audio auxiliaires', 'banquette rabattable', 'climatisation automatique multi zone', 'système audio MP3', 'Régulateur de vitesse adaptatif', 'écran tactile', 'prise audio USB', 'Volant cuir', 'fermeture électrique', 'volant réglable en hauteur et profondeur', 'banquette 1/3 - 2/3', 'volant multifonctions', 'régulateur limiteur de vitesse', 'vitres électriques', 'Accoudoir central avant', 'siège conducteur réglable hauteur', 'système audio', 'Ecran multifonction couleur', ""Fonction appel d'urgence"", ""Système d'éclairage intelligent"", 'Poignées ton carrosserie', 'Syst. intelligent gestion des cylindres', 'Commandes du système audio au volant', '6 Haut parleurs', 'Démarrage sans clé', 'FAP', 'Services connectés', 'Interface Media', ""Appel d'Urgence Localisé"", 'Filtre à Pollen', 'Reconnaissance panneaux de signalisation', 'Enjoliveurs', 'Boite à gants fermée', 'Longueur : 4.37 m', 'Volume du coffre : 361 L']",33,69109406596,Garantie constructeur,Professionnel,, non,, 0.7 kWh,,,,, en cours,, oui, 207 V, 3.6 A,,26374.0,TOYOTA COROLLA 12,TOYOTA
41 jours,"
    TOYOTA C-HR
",32870.0,2022.0, 24/01/2023, non requis, 17 638 Km, Hybride essence électrique, automatique, Gris,5.0,5.0, 36 mois, non,, 5 CV, 122 ch,1.0,,, EURO6,"['Airbags rideaux', 'kit téléphone main libre bluetooth', 'ESP', 'AFU', 'airbag genoux anti sous-marinage', 'airbags front. + lat.', 'feux automatiques', 'fixations ISOFIX', 'alerte franchissement ligne', 'phares av. de jour à LED', 'essuie-glaces automatiques', 'airbag frontal', 'projecteurs antibrouillard', 'système de détection de somnolence', 'anti patinage', 'contrôle de pression des pneus', 'EBD', 'radar anti-collision', 'ABS', 'Aide au démarrage en côte', 'rétroviseurs électriques', 'aide parking', 'jantes alu', 'becquet', 'rétroviseurs dégivrants', 'Rétroviseurs rabattables électriquement', 'caméra de recul', 'Système audio CD', 'Ordinateur de bord', 'prises audio auxiliaires', 'banquette rabattable', 'climatisation automatique multi zone', 'système audio MP3', 'vitres ar. surteintées', 'sièges sport', 'Régulateur de vitesse adaptatif', 'écran tactile', 'sièges réglables en hauteur', 'prise audio USB', 'Volant cuir', 'fermeture électrique', 'volant réglable en hauteur et profondeur', 'volant multifonctions', 'régulateur limiteur de vitesse', 'carte main libre', 'vitres électriques', 'Accoudoir central avant', 'siège conducteur réglable hauteur', 'rétroviseur int. jour/nuit auto', 'GPS', 'système audio', 'Ecran multifonction couleur', 'Boucliers AV et AR couleur caisse', 'Ouverture des vitres séquentielle', ""Système d'éclairage intelligent"", 'Poignées ton carrosserie', 'Répétiteurs de clignotant dans rétro ext', 'Siège cond. avec réglage lombaire électr', ""Système avancé de détection d'obstacles"", 'Commandes du système audio au volant', '6 Haut parleurs', 'Démarrage sans clé', 'Banquette arrière 3 places', 'FAP', 'Rétroviseurs rabattables automatique', 'Services connectés', 'Interface Media', 'système Start & Stop', 'Ceinture de vitrage chromée', ""Appel d'Urgence Localisé"", 'Compte tours', 'Filtre à Pollen', 'Température extérieure', 'Tissu gris sombre surpiqures bleues', 'Reconnaissance panneaux de signalisation', 'Boite à gants fermée', ""Poches d'aumonières"", 'TMC', 'Longueur : 4.39 m', 'Volume du coffre : 377 L']",94,69109586374,Garantie 36 mois ,Professionnel, Toyota Occasion, non,, 0.7 kWh,,,,, en cours,, oui, 207 V, 3.6 A,,17638.0,TOYOTA C-HR,TOYOTA
31 jours,"
    VOLVO XC60 (2E GENERATION)
",44440.0,2019.0, 14/07/2019, non requis, 168 513 Km, Hybride essence électrique, automatique, noir,5.0,5.0, 12 mois, non,, 18 CV, 407 ch,1.0, 49 g/kmA,, EURO6,"['ESP', 'feux automatiques', 'fixations ISOFIX', 'détecteur de pluie', 'projecteurs xénon', 'toit ouvrant électrique', 'jantes alu', 'rétroviseurs électriques et dégivrants', 'Ordinateur de bord', 'climatisation automatique', 'Bluetooth', 'sièges réglables en hauteur', 'GPS tactile', 'accoudoir central', 'banquette 1/3 - 2/3', 'volant réglable en hauteur', 'volant multifonctions', 'Régulateur de vitesse', 'vitres électriques', 'volant réglable', '4 places', 'Verrouillage automatiques des portes en roulant', 'Longueur : 4.69 m', 'Volume du coffre : 468 L']",92,69109653461,Garantie 12 mois ,Professionnel,, oui, 45 Km, 10.4 kWh, 25 kWh/100km, noir,, ,,, oui,,,,168513.0,VOLVO XC60 (2E GENERATION),VOLVO
14 jours,"
    RENAULT ZOE
",14130.0,2020.0, 12/07/2020, non requis, 23 209 Km, Electrique, automatique, blanc,5.0,5.0, 12 mois, oui,, 1 CV, 92 ch,0.0, 0 g/kmA,, EURO6,"['airbags frontaux', 'ESP', 'Airbags latéraux', 'AFU', 'fixations ISOFIX', 'phares av. de jour à LED', 'ABS', 'rétroviseurs électriques et dégivrants', 'système audio MP3', 'Bluetooth', 'prise audio USB', 'régulateur limiteur de vitesse', 'carte main libre', 'Régulateur de vitesse', 'vitres électriques', 'climatisation', 'Flexi charger 6', 'Sellerie tissu fortunate noir', '2 appuie-têtes AR', 'Lunette AR chauffante', 'Détection pression des pneus', ""Alerte sonore d'oubli de ceinture de sécurité"", ""Enjoliveurs 15'' 'Arobase'"", 'Harmonie Gris Tropique Clair', 'Longueur : 4.08 m', 'Volume du coffre : 338 L']",94,69109746156,Garantie 12 mois ,Professionnel,, oui,, 41 kWh,, noir,, ,,,, 400 V,," non, batterie en location",23209.0,RENAULT ZOE,RENAULT
5 jours,"
    TOYOTA RAV 4 (4E GENERATION)
",29130.0,2018.0, 13/05/2018, non requis, 37 930 Km, Hybride essence électrique, automatique, Gris Atlas,5.0,5.0, 36 mois, non,, 8 CV,,1.0, 116 g/kmB, 5 l/100km, EURO6,"['Airbags rideaux', ""avertisseur d'angle mort"", 'kit téléphone main libre bluetooth', 'ESP', 'AFU', 'airbag genoux anti sous-marinage', 'airbags front. + lat.', 'feux automatiques', 'fixations ISOFIX', 'alerte franchissement ligne', 'phares av. de jour à LED', 'essuie-glaces automatiques', 'BAS', 'airbag frontal', 'projecteurs antibrouillard', 'anti patinage', 'contrôle de pression des pneus', 'EBD', 'radar anti-collision', 'ABS', 'feux ar. à LED', 'Aide au démarrage en côte', 'rétroviseurs électriques', 'aide parking', 'jantes alu', 'becquet', 'rétroviseurs dégivrants', 'Rétroviseurs rabattables électriquement', 'caméra de recul', 'Ordinateur de bord', 'prises audio auxiliaires', 'banquette rabattable', 'climatisation automatique multi zone', 'système audio MP3', 'vitres ar. surteintées', 'sièges sport', 'Régulateur de vitesse adaptatif', 'écran tactile', 'prise 12V', 'prise audio USB', 'Volant cuir', 'fermeture électrique', 'volant réglable en hauteur et profondeur', 'banquette 1/3 - 2/3', 'volant multifonctions', 'carte main libre', 'Régulateur de vitesse', 'vitres électriques', 'Accoudoir central avant', 'siège conducteur réglable hauteur', 'rétroviseur int. jour/nuit auto', 'GPS', 'système audio', 'Ecran multifonction couleur', 'Porte-gobelets avant', 'Ouverture des vitres séquentielle', 'Siège conducteur chauffant', 'Commandes vocales', ""Système d'éclairage intelligent"", 'Poignées ton carrosserie', 'Répétiteurs de clignotant dans rétro ext', 'Ceintures avant ajustables en hauteur', 'Siège passager chauffant', 'Inserts de tableau de bord cuir', 'Siège conducteur électrique', ""Système avancé de détection d'obstacles"", 'Commandes du système audio au volant', 'Démarrage sans clé', 'Banquette arrière 3 places', 'Caméra vue panoramique 360°', 'Bacs de portes avant', 'Services connectés', '11 Haut parleurs', 'système Start & Stop', 'Ceinture de vitrage chromée', 'Gris Atlas', 'Pommeau de levier vitesse en cuir', 'Filtre à Pollen', 'Température extérieure', 'Reconnaissance panneaux de signalisation', 'Boite à gants fermée', 'Système de prévention des collisions AR', 'Siège conducteur à mémoire', 'TMC']",75,69109795583,Garantie 36 mois ,Professionnel, Toyota Occasion, non,,,,, 145 kW,,,, oui, 245 V,,,37930.0,TOYOTA RAV 4 (4E GENERATION),TOYOTA
19 jours,"
    MERCEDES GLC
",64790.0,2021.0, 13/07/2021, non requis, 24 448 Km, Hybride essence électrique, automatique, Noir (Noir),5.0,5.0,, non,, 10 CV, 320 ch,1.0, 57 g/kmA, 2.5 l/100km, EURO6,"['Airbags rideaux', 'kit téléphone main libre bluetooth', 'ESP', 'AFU', 'airbag genoux anti sous-marinage', '3 ceintures ar. 3 points', 'airbags front. + lat.', 'feux automatiques', 'fixations ISOFIX', 'essuie-glaces automatiques', 'airbag frontal', 'système de détection de somnolence', 'anti patinage', 'contrôle de pression des pneus', 'EBD', 'radar anti-collision', 'ABS', 'feux ar. à LED', 'Aide au démarrage en côte', 'rétroviseurs électriques', 'aide parking', ""sorties d'échappement chromées"", 'jantes alu', 'rétroviseurs dégivrants', 'Rétroviseurs rabattables électriquement', 'caméra de recul', 'Système audio CD', 'Ordinateur de bord', 'banquette rabattable', 'climatisation automatique multi zone', 'système audio MP3', 'Palettes au volant', 'vitres ar. surteintées', 'Accoudoir central arrière', 'sièges sport', 'système audio carte SD', 'volant sport', 'sièges réglables en hauteur', 'prise audio USB', 'Volant cuir', 'fermeture électrique', 'volant multifonctions', 'cache bagages', 'régulateur limiteur de vitesse', 'Régulateur de vitesse', 'vitres électriques', 'Accoudoir central avant', 'siège conducteur réglable hauteur', 'rétroviseur int. jour/nuit auto', 'GPS', 'système audio', 'traceur GPS', 'Ecran multifonction couleur', 'Similicuir Artico/Dinamica Noir', 'Porte-gobelets avant', 'Borne Wi-Fi', 'Phares halogènes', ""Eclairage d'ambiance"", 'Boucliers AV et AR couleur caisse', 'Ouverture des vitres séquentielle', 'Commandes vocales', 'Porte-gobelets arrière', 'Répétiteurs de clignotant dans rétro ext', 'Inserts de porte métal', ""Appel d'Assistance Localisé"", 'Rétroviseurs ext. indexés à la marche AR', ""Lampes de lecture à l'avant"", 'Pédalier sport', 'Siège cond. avec réglage lombaire électr', 'Siège conducteur électrique', 'Commandes du système audio au volant', 'Bacs de portes arrière', 'Démarrage sans clé', 'Banquette arrière 3 places', 'Miroir de courtoisie conducteur éclairé', 'FAP', 'Rangement sous siège passager avant', 'Eclairage au sol', ""Lampes de lecture à l'arrière"", 'Bacs de portes avant', 'Miroir de courtoisie passager éclairé', 'Services connectés', 'système Start & Stop', 'Inserts de tableau de bord métal', 'Ceinture de vitrage chromée', ""Appel d'Urgence Localisé"", 'Banquette 40/20/40', 'Echappement à double sortie', 'Compte tours', 'Filtre à Pollen', 'Température extérieure', 'Boite à gants fermée', 'Commande du comportement dynamique', 'Siège passager à réglages électriques', ""Poches d'aumonières"", '5 Haut parleurs', 'TMC', 'Longueur : 4.66 m', 'Volume du coffre : 395 L']",78,69109715595,Garantie constructeur,Professionnel,, oui, 44 Km, 13.5 kWh, 16 kWh/100km, [],, , en cours,, oui, 48 V,,,24448.0,MERCEDES GLC,MERCEDES
4 jours,"
    TOYOTA C-HR
",23850.0,2020.0, 09/06/2020, non requis, 48 995 Km, Hybride essence électrique, automatique, Blanc Nacré,5.0,5.0, 36 mois, non,, 4 CV, 122 ch,1.0, 86 g/kmA, 3.8 l/100km, EURO6,"['Airbags rideaux', ""avertisseur d'angle mort"", 'kit téléphone main libre bluetooth', 'ESP', 'AFU', 'airbags front. + lat.', 'feux automatiques', 'alerte franchissement ligne', 'essuie-glaces automatiques', 'phares av. de jour', 'BAS', 'airbag frontal', 'projecteurs antibrouillard', 'système de détection de somnolence', 'anti patinage', 'contrôle de pression des pneus', 'EBD', 'radar anti-collision', 'ABS', 'feux ar. à LED', 'rétroviseurs électriques', 'aide parking', 'jantes alu', 'becquet', 'rétroviseurs dégivrants', 'Rétroviseurs rabattables électriquement', 'caméra de recul', 'Ordinateur de bord', 'prises audio auxiliaires', 'banquette rabattable', 'climatisation automatique multi zone', 'vitres ar. surteintées', 'Régulateur de vitesse adaptatif', 'écran tactile', 'prise audio USB', 'Volant cuir', 'fermeture électrique', 'banquette 1/3 - 2/3', 'volant multifonctions', 'carte main libre', 'vitres électriques', 'Accoudoir central avant', 'siège conducteur réglable hauteur', 'système audio', 'Ecran multifonction couleur', 'Phares halogènes', 'Ouverture des vitres séquentielle', 'Siège conducteur chauffant', ""Système d'éclairage intelligent"", 'Siège passager avec réglage lombaire', 'Siège passager chauffant', 'Siège cond. avec réglage lombaire électr', ""Système avancé de détection d'obstacles"", 'Commandes du système audio au volant', '6 Haut parleurs', 'Démarrage sans clé', 'Banquette arrière 3 places', 'Rétroviseurs rabattables automatique', 'Eclairage au sol', 'système Start & Stop', 'Filtre à Pollen', 'Mi-Cuir Chocolat', 'Reconnaissance panneaux de signalisation', 'Boite à gants fermée', 'Système de prévention des collisions AR', 'Blanc Nacré', 'Longueur : 4.36 m', 'Volume du coffre : 377 L']",77,69109800352,Garantie 36 mois ,Professionnel, Toyota Occasion, non,,,,,,, en cours,, oui, 202 V, 6.5 A,,48995.0,TOYOTA C-HR,TOYOTA
60 jours,"
    PEUGEOT 3008 (2E GENERATION)
",64480.0,2021.0, 20/02/2021, non requis, 105 Km, Hybride essence électrique, automatique, blanc,5.0,5.0, 24 mois, oui,1.0, 11 CV, 300 ch,1.0,, 1.2 l/100km, EURO6,"['Airbags rideaux', 'Détection panneaux signalisation', 'contrôle de pression des pneus', 'toit ouvrant panoramique', 'rétroviseurs rabattables', 'Bouton démarrage', 'Bluetooth', 'écran tactile', 'démarrage sans clef', 'régulateur limiteur de vitesse', 'Régulateur de vitesse', 'climatisation', 'pack cuir', 'intérieur cuir', '5 places', 'GPS', 'Gestion de la batterie à distance inclut contrôle statut batterie', 'Ouverture hayon main-libre', 'Rangement réfrigéré console', 'Aide au stationnement AR type écran de guidage', 'Applications intégrées', 'Avertisseur de franchissement de ligne action sur la direction', 'SystEme Hi-Fi Premium FOCALE', 'Rails de toit couleur chrome/argent', 'Peinture nacrée blanc', 'Recharge smartphone sans fil * + prise 220 Volts', 'FonctionDAB', 'Navigation via téléphone mobile', '4kW', 'Contrôle des Applications', 'Capteurs de distance au stationnement AV type radar et caméra type radar', 'système Start & Stop', 'Reconnaissance vocale inclut système audio navigation téléphone', 'Décors de planche de bord et panneaux de portes bois chêne gris', 'Chargeur embarqué 7', 'Longueur : 4.45 m', 'Volume du coffre : 395 L']",72,69108587319,Garantie 24 mois ,Professionnel,, oui,, 13.2 kWh,,,, , en cours,, oui,,,,105.0,PEUGEOT 3008 (2E GENERATION),PEUGEOT
35 jours,"
    BMW SERIE 3 G20
",58720.0,2022.0, 07/09/2022, non requis, 6 720 Km, Hybride essence électrique, automatique, Mineralgrau metallise,4.0,5.0,, non,, 9 CV,,1.0, 31 g/kmA, 1.4 l/100km, EURO6,"['projecteurs antibrouillard', 'toit ouvrant', 'pack M', 'Système audio CD', 'climatisation automatique multi zone', 'sièges électrique à mémoire', 'pack confort', 'Volant cuir', 'sièges chauffants', 'rétroviseur int. jour/nuit auto', 'Shadow Line M brillant', ""Eclairage d'ambiance"", 'Sellerie Combinaison Alcantara/Similicuir Sensatec Schwarz avec surpiqures bleue', 'Vitrage calorifuge', 'Boite de vitesses automatique Sport avec palettes au volant', 'Accès Confort', 'Omission fonction Smart Opener', 'Vitrage insonorisant', 'Kit de mobilité', 'Sièges Advanced pour conducteur et passager avant', 'Finition M Sport', 'Pack Connected Pro (dont Apple CarPlay et Google Android Auto)', 'BMW Live Cockpit Navigation Pro', 'Kit rangement', 'Appui lombaire conducteur et reglage en largeur dossier conducteur', 'Park Assist Plus', 'Mineralgrau metallise', 'Inserts decoratifs M Aluminium Tetragon', 'Ciel de pavillon M anthracite', 'Appui lombaire ajustable', 'Longueur : 4.71 m']",76,69109625843,Garantie constructeur,Professionnel,, oui, 60 Km, 12 kWh,,, 150 kW,, en cours,, oui, 354 V, 34 A,,6720.0,BMW SERIE 3 G20,BMW
58 jours,"
    VOLKSWAGEN TOUAREG 3
",94690.0,2021.0, 10/11/2021, non requis, 16 328 Km, Hybride essence électrique, automatique, blanc,5.0,5.0, 3 mois, non,2.0, 22 CV, 340 ch,1.0, 64 g/kmA,, EURO6,"['affichage tête haute', 'Airbags latéraux', 'fixations ISOFIX', 'alerte franchissement ligne', 'contrôle de pression des pneus', 'suspension pneumatique', 'toit ouvrant panoramique', 'vitres ar. surteintées', 'Bluetooth', 'prise audio USB', 'carte main libre', 'Régulateur de vitesse', 'sièges chauffants', 'Alarme', 'caméras panoramiques Area View incluant le park assist', 'Dynaudio Consequence Sound system 730 W', 'Navigation Discover Premium', 'Side assist', ""JA 20'p. Nevada"", 'sièges AV Ergo confort', ""carnet d'entretien"", 'Mod 2021', 'pare soleil AR', ""pack éclairage d'ambiance"", 'Cockpit numérique', 'pack mémoire premium', 'projecteurs Matrix LED IQ Light', 'assistant de manoeuvre avec remorque', 'Homelink', 'dynamic Light assist', 'Longueur : 4.88 m', 'Volume du coffre : 665 L']",67,69109509820,Garantie 3 mois ,Professionnel,, oui,, 17.8 kWh, 21 kWh/100km, gris,,, en cours,, oui,,,,16328.0,VOLKSWAGEN TOUAREG 3,VOLKSWAGEN
20 jours,"
    BMW X3 G01
",80550.0,2022.0, 25/07/2022, non requis, 10 791 Km, Hybride essence électrique, automatique, M Brooklyn Grau métallisé,5.0,5.0,, non,, 10 CV, 292 ch,1.0, 49 g/kmA, 2.1 l/100km, EURO6,"['Pneus roulage à plat', 'affichage tête haute', 'contrôle de pression des pneus', 'pack M', 'toit ouvrant panoramique', 'Rétroviseurs rabattables électriquement', 'Système audio CD', 'climatisation automatique multi zone', 'sièges électrique à mémoire', 'pack confort', 'Volant cuir', 'Chauffage de nuque', 'sièges chauffants', 'Tapis de sol', 'rétroviseur int. jour/nuit auto', 'Alarme', 'boulons antivol de roues', 'Shadow Line M brillant', 'Services eDrive', 'Avertisseur sonore pour piétons', 'Services ConnectedDrive (Apps véhicule 3 ans)', 'Stores pare-soleil pour vitres laterales arriere', 'Câble de recharge Professionnel Mode 3 (T2-T2) pour la recharge publique', 'Airbag passager desactivable via la cle', ""Eclairage d'ambiance"", 'Drive Assist', 'Pack Evasion', 'Feux Shadow-Line M', 'Vitrage calorifuge', 'Boite de vitesses automatique Sport avec palettes au volant', 'Accès Confort', 'M Brooklyn Grau metallise', 'Avertisseur de risque de collision et système anti collision à basse vitesse', 'Tableau de bord en Similicuir Sensatec', 'Réglage du dossier des sièges arrière', 'Vitrage insonorisant', 'Feux de route anti-éblouissement', 'Freins M Sport rouges', ""Appel d'Urgence Intelligent"", 'Inserts décoratifs M en fibre de carbone', 'Pack Advanced Full LED', 'Shadow-Line M brillant étendu', 'Sellerie Cuir ""Vernasca"" Schwarz avec surpiqures contrastantes Bleues', 'Tuner radio numerique DAB', 'Finition M Sport', 'Pack Connected Pro (dont Apple CarPlay et Google Android Auto)', 'BMW Live Cockpit Navigation Pro', 'Triangle de présignalisation et trousse de premiers secours', 'Sièges M Sport', 'Kit rangement', 'Pack Innovation', 'Park Assist Plus', 'Pack ConnectedDrive', 'Connectivité avancée', 'Commande gestuelle BMW', 'Câble de recharge BMW Flexible Charger Mode 2 pour prise domestique', 'Suspensions SelectDrive', 'Hotspot WiFi', 'Rails de toit Shadow Line M brillant', 'Omission BMW Digital Key', 'Ciel de pavillon M anthracite', 'Appui lombaire ajustable', 'Longueur : 4.71 m', 'Volume du coffre : 450 L']",6,69109711226,Garantie constructeur,Professionnel,, oui, 49 Km, 12 kWh,,,,, en cours,, oui, 354 V, 34 A,,10791.0,BMW X3 G01,BMW
30 jours,"
    FIAT 500 C (3E GENERATION)
",30480.0,2022.0, 28/04/2022, non requis, 107 Km, Electrique, automatique, GRIS,2.0,2.0, 12 mois, non,4.0, 3 CV, 118 ch,0.0, 0 g/kmA,, EURO2,"['feux automatiques', 'phares av. de jour à LED', 'essuie-glaces automatiques', 'vitres ar. surteintées', 'climatisation automatique', 'pack confort', 'accoudoir central', 'Régulateur de vitesse', 'Tapis de sol', 'Appel d?urgence', 'Garantie 2 ans', 'Volant eco-cuir', 'Services connectés via application smartphone', 'Chargeur à induction pour smartphone', 'Feux AV Full LED', 'Limiteur de vitesse intelligent', 'Sélecteur de mode de conduite', 'Tapis de sol AV/AR avec logo 500', 'Seuils de portes', 'Système Audio à 4 haut-parleurs', 'Démarrage sans clé', 'Détecteur de fatigue', 'Clé spécifique en forme de galet', 'Alerte franchissement de ligne LDWS', 'Ouverture sans clé', 'Siège conducteur avec 6 réglages', 'Vitres full électriques ouverture/fermeture par télécommande', ""Système Uconnect 10,25'' avec navigation"", 'Reconnaissance panneaux', 'Pack Style', ""Projecteurs AV full LED 'Infinity"", 'Jantes alliage 17"" bicolores', 'Câble mode 2 (2,3 kW)', 'Garantie batteries 42 kW : 8 ans ou 160 000 km', 'Pack Magic Eye', 'Feux croisement/route automatique', 'Pack Avantage', 'Apple CarPlay et Android Auto sans fil', 'Prise charge rapide (85kW)', 'Banquette AR fractionnable 50/50', 'Longueur : 3.63 m', 'Volume du coffre : 185 L']",24,69109657255,Garantie 12 mois ,Professionnel,, oui, 298 Km,,, A définir,, ,,, oui,,,,107.0,FIAT 500 C (3E GENERATION),FIAT
60 jours,"
    PEUGEOT EXPERT 3 FOURGON
",42430.0,2022.0, 11/11/2022, non requis, 7 Km, Electrique, automatique, GRIS ARTENSE,4.0,6.0, 12 mois, oui,, 9 CV, 136 ch,0.0, 0 g/kmA,, EURO6,"['connexion SOS', 'kit téléphone main libre bluetooth', 'ESP', 'AFU', 'airbags front. + lat.', 'feux automatiques', 'essuie-glaces automatiques', 'phares av. de jour', 'airbag frontal', 'anti patinage', 'ABS', 'Aide au démarrage en côte', 'rétroviseurs électriques', 'aide parking', 'protège carter', 'rétroviseurs dégivrants', 'Système audio CD', 'Ordinateur de bord', 'système audio MP3', 'vitres ar. surteintées', 'boite à gants réfrigérée', 'fermeture électrique automatique', 'écran tactile', 'prise 12V', 'prise audio USB', 'fermeture électrique', 'volant réglable en hauteur et profondeur', 'vitres teintées', 'régulateur limiteur de vitesse', 'Régulateur de vitesse', 'vitres électriques', 'Accoudoir central avant', 'climatisation', 'siège conducteur réglable hauteur', 'rétroviseur int. jour/nuit auto', 'système audio', 'Porte-gobelets avant', 'Phares halogènes', 'Ouverture des vitres séquentielle', 'Paroi séparation', 'Double portes arrière de chargement', 'Chargeur embarqué 11 kW triphasé', ""Appel d'Assistance Localisé"", 'Ceintures avant ajustables en hauteur', 'Banquette arrière monobloc', 'Banquette AV 2 places monobloc', 'Porte latérale arrière droite', 'Plancher métal', 'Appui-tête passager réglable en hauteur', 'Banquette arrière 3 places fixe', 'FAP', 'Rangement sous siège passager avant', 'Cloison vitrée', 'Bacs de portes avant', 'Interface Media', 'système Start & Stop', 'Siège conducteur avec réglage lombaire', ""Appel d'Urgence Localisé"", 'Compte tours', 'Filtre à Pollen', 'Appui-tête conducteur réglable hauteur', 'Témoin de bouclage des ceintures AV', 'Pare-brise acoustique', 'Boite à gants fermée', 'Gris Artense', 'Vitres latérales fixes sur rang 2', '4 Haut parleurs', 'Longueur : 5.31 m']",13,69109107902,Garantie 12 mois ,Professionnel,, oui,, 50 kWh,,,, ,,, oui,,,,7.0,PEUGEOT EXPERT 3 FOURGON,PEUGEOT
42 jours,"
    MG MG ZS
",41400.0,2022.0, 26/05/2022, non requis, 935 Km, Electrique, automatique, Cosmo Blue métallisée,5.0,5.0,, non,, 5 CV,,0.0, 0 g/kmA,, EURO6,"['Airbags rideaux', ""avertisseur d'angle mort"", 'kit téléphone main libre bluetooth', 'ESP', 'AFU', 'airbags front. + lat.', 'feux automatiques', 'fixations ISOFIX', 'alerte franchissement ligne', 'phares av. de jour à LED', 'essuie-glaces automatiques', 'airbag frontal', 'anti patinage', 'contrôle de pression des pneus', 'EBD', 'radar anti-collision', 'ABS', 'feux ar. à LED', 'Aide au démarrage en côte', 'rétroviseurs électriques', 'aide parking', 'toit panoramique', 'toit ouvrant électrique', 'jantes alu', 'barres de toit', 'lunette arrière dégivrante', 'frein de parking automatique', 'rétroviseurs dégivrants', 'Rétroviseurs rabattables électriquement', 'caméra de recul', 'Système audio CD', 'Ordinateur de bord', 'banquette rabattable', 'Pare-brise chauffant', 'système audio MP3', 'climatisation automatique', 'Accoudoir central arrière', 'fermeture électrique automatique', 'Régulateur de vitesse adaptatif', 'écran tactile', 'prise 12V', 'prise audio USB', 'Volant cuir', 'fermeture électrique', 'volant réglable en hauteur et profondeur', 'banquette 1/3 - 2/3', 'volant multifonctions', 'cache bagages', 'vitres teintées', 'régulateur limiteur de vitesse', 'carte main libre', 'vitres électriques', 'Accoudoir central avant', 'siège conducteur réglable hauteur', 'GPS', 'système audio', 'alarme périmétrique', 'Ecran multifonction couleur', 'Lunette arrière', 'Porte-gobelets avant', 'Phares halogènes', ""Système d'assistance à la descente"", 'Boucliers AV et AR couleur caisse', 'Ouverture des vitres séquentielle', ""Fonction appel d'urgence"", 'Siège conducteur chauffant', 'Cosmo Blue métallisée', 'Commandes vocales', 'Poignées ton carrosserie', 'Porte-gobelets arrière', 'Répétiteurs de clignotant dans rétro ext', 'Dover White', 'Ceintures avant ajustables en hauteur', 'Système de prévention des écarts', 'Siège passager chauffant', 'Siège conducteur électrique', 'Commandes du système audio au volant', '6 Haut parleurs', 'Appui-tête passager réglable en hauteur', 'Démarrage sans clé', 'Banquette arrière 3 places', 'Caméra vue panoramique 360°', 'Velum rang 2', 'Miroir de courtoisie passager', 'Similicuir Noir', 'Bacs de portes avant', 'Interface Media', 'Mode de conduite', 'système Start & Stop', 'Ceinture de vitrage chromée', ""Appel d'Urgence Localisé"", 'Commande Mode ECO', 'Filtre à Pollen', 'Appui-tête conducteur réglable hauteur', 'Température extérieure', 'Reconnaissance panneaux de signalisation', 'Essuie-glace arrière', 'Boite à gants fermée', 'Miroir de courtoisie conducteur', ""Poches d'aumonières""]",6,69109575903,,Professionnel,, oui, 440 Km, 70 kWh,,, 115 kW, ,,, oui,,,,935.0,MG MG ZS,MG
5 jours,"
    HONDA JAZZ 4
",21940.0,2021.0, 25/12/2021, non requis, 4 200 Km, Hybride essence électrique, automatique, Blanc,5.0,5.0,, oui,, 5 CV, 109 ch,1.0,,, EURO6,"['Airbags rideaux', 'kit téléphone main libre bluetooth', 'ESP', 'AFU', 'airbags front. + lat.', 'feux automatiques', 'EBV', 'fixations ISOFIX', 'phares av. de jour à LED', 'essuie-glaces automatiques', 'airbag frontal', 'contrôle de pression des pneus', 'ABS', 'Aide au démarrage en côte', 'rétroviseurs électriques', 'Système audio CD', 'Ordinateur de bord', 'prises audio auxiliaires', 'banquette rabattable', 'système audio MP3', 'prise 12V', 'prise audio USB', 'fermeture électrique', 'volant réglable en hauteur et profondeur', 'banquette 1/3 - 2/3', 'cache bagages', 'régulateur limiteur de vitesse', 'Régulateur de vitesse', 'vitres électriques', 'climatisation', 'siège conducteur réglable hauteur', 'système audio', 'Phares halogènes', 'Ouverture des vitres séquentielle', 'Siège conducteur chauffant', 'Poignées ton carrosserie', ""Lampes de lecture à l'avant"", 'Siège passager chauffant', ""Feux de freinage d'urgence"", 'Commandes du système audio au volant', 'Bacs de portes arrière', 'Miroir de courtoisie conducteur éclairé', 'Bacs de portes avant', 'Miroir de courtoisie passager éclairé', 'système Start & Stop', 'Compte tours', 'Sièges rang 2 inclinables', 'Appuis-tête avant actifs', 'Essuie-glace arrière', 'Enjoliveurs', ""Poches d'aumonières"", '4 Haut parleurs', 'Longueur : 4.04 m', 'Volume du coffre : 304 L']",78,69109796693,Garantie constructeur,Professionnel,, non,, 0.7 kWh,,,,, en cours,, oui,,,,4200.0,HONDA JAZZ 4,HONDA
26 jours,"
    DS DS 7 CROSSBACK
",51680.0,2021.0, 04/11/2021, non requis, 32 602 Km, Hybride essence électrique, automatique, gris,5.0,5.0, 12 mois, oui,1.0, 11 CV, 300 ch,1.0,,, EURO6,"['ESP', 'fixations ISOFIX', 'détecteur de pluie', 'projecteurs antibrouillard', 'anti patinage', 'ABS', 'aide parking', 'Phares directionnels', 'toit ouvrant électrique', 'jantes alu', 'hayon électrique', 'jantes alu 20""', 'frein de parking automatique', 'rétroviseurs rabattables', 'caméra de recul', 'Ordinateur de bord', 'vitres ar. surteintées', 'climatisation automatique', 'Bluetooth', 'Android Auto', 'carte main libre', 'Régulateur de vitesse', 'vitres électriques', 'intérieur cuir', 'GPS', 'système audio', 'Apple CarPlay', 'Rétroviseur intérieur antiéblouissant automatique', 'siège passager réglable', 'DAB Radio', 'Volant avec commande vitesses', 'Contrôle actif de la pression des pneus', 'Siège conducteur chauffant', 'Sièges avant ventilés', 'Siège pass. régl. lomb. élec.', ""Système d'assistance de départ en pente"", 'Télé aide', 'Sièges avant avec fonction massage', 'Système anti-franchissement de ligne', 'Assistant de feux de route automatique', 'Siège passager chauffant', 'Système de détection de fatigue', 'Siège confort passager', 'Feux de croisement LED', 'Assistance active au freinage', 'Airbags tête arrière', 'Syst. de reconnaissance de panneaux de signal.', ""Système de surveillance de l'angle mort"", 'Sièges à mémoires', 'Accoudoir(s) arrière', 'Siège conducteur réglable élec', 'Activation automatique des feux de croisement', 'Siège confort conducteur', 'Airbag latéral arrière', 'Feux arrières LED', 'Siège cond. régl. lomb. élec.', 'Longueur : 4.57 m', 'Volume du coffre : 555 L']",78,69109681891,Garantie 12 mois ,Professionnel,, oui,, 13.2 kWh,,,, , en cours,, oui,,,,32602.0,DS DS 7 CROSSBACK,DS
7 jours,"
    DS DS 7 CROSSBACK
",66120.0,2021.0, 11/07/2021, non requis, 12 500 Km, Hybride essence électrique, automatique, gris metal,5.0,5.0,, oui,1.0, 10 CV, 225 ch,1.0, 36 g/kmA, 1.6 l/100km, EURO6,"['Airbags latéraux', 'Aide au démarrage en côte', 'Avertisseur de franchissement de ligne', ""Assistance au freinage d'urgence"", 'Antipatinage', 'ESP', 'Détection panneaux signalisation', '6 airbags', 'Essuie glace capteur de pluie', 'Airbags rideaux', 'Indicateur de sous-gonflage des pneus', 'Kit anticrevaison', 'Système détection de collision', 'ABS', 'Ampoules de phares LED', 'Antibrouillards avant', 'Phares à allumage automatique', 'Freins régénérateurs', 'Phares directionnels', 'Toit ouvrant panoramique', 'Feux de croisement à LED', 'Feux arrières à LED', 'Rétroviseurs extérieurs indexés marche arrière', 'Rétroviseurs extérieurs réglage électrique', 'Rétroviseurs rabattables électriquement', 'Rétroviseurs extérieurs chauffants', 'Feux de route actifs', 'Bluetooth inclut musique en streaming, connexion téléphone', 'Air conditionné auto', 'Volant multi-fonction', 'Système de navigation info trafic', 'Bouton démarrage', 'Siège avant électrique', 'Système de navigation', 'Régulateur de vitesse', 'Réglage du volant en hauteur, en profondeur', 'Bluetooth', 'Pré-équipement téléphone', 'Taille écran multi-fonctions 12 pouces', 'Accoudoir central arrière, avant', 'Taille écran navigation 12 pouces', 'Palettes au volant', 'Air conditionné 2 zones', '8 haut-parleurs', 'Reconnaissance vocale', 'Ouverture du coffre à distance', 'Smart card / Smart key', 'Fermerture électrique du coffre', 'Tapis de sol', 'Volant cuir', 'Rétroviseur jour/nuit', 'Aide au stationnement arrière', 'Pare-brise chauffant', 'Limiteur de vitesse', 'Système audio écran tactile', 'Ordinateur de bord', 'Vitres latérales feuilletées', 'Alarme', 'Pack DS Night Vision', 'Sièges avant ventilés', 'Feux de route à LED', 'Feux anti-brouillard avant à LED', 'Climatisation bizone étendue', 'Sièges avant chauffants', ""Freinage d'urgence automatique jusqu'à140 km/h avec Pack Sécurité Étendue, DS CONNECTED PILOT et DS DRIVER ATTENTION MONITORING E-TENSE 4x4"", 'Eclairage PolyAmbient', 'Feux clignotants à LED', 'HiFi FOCAL Electra', 'Longueur : 4.57 m', 'Volume du coffre : 555 L']",47,87102234466,Garantie constructeur,Professionnel,, oui, 55 Km, 13.2 kWh,, cuir noir, 165 kW, , en cours,,,,,,12500.0,DS DS 7 CROSSBACK,DS
10 jours,"
    VOLVO XC90 (2E GENERATION)
",79680.0,2021.0, 21/04/2021, non requis, 32 159 Km, Hybride essence électrique, automatique, bleu marine metal,5.0,7.0, 12 mois, non,2.0, 19 CV, 303 ch,1.0, 67 g/kmA, 3 l/100km, EURO6,"['Airbags latéraux', 'Aide au démarrage en côte', 'Avertisseur de franchissement de ligne', ""Assistance au freinage d'urgence"", 'Antipatinage', 'ESP', 'Détection panneaux signalisation', ""Capteur d'angle mort"", '7 airbags', 'Essuie glace capteur de pluie', 'Airbags rideaux', 'Indicateur de sous-gonflage des pneus', 'Kit anticrevaison', 'Lave-phares', 'Système détection de collision', 'ABS', 'Ampoules de phares LED', 'Antibrouillards avant', ""Caméra d'aide au stationnement à 360°"", 'Phares à allumage automatique', 'Freins régénérateurs', 'Phares directionnels', 'Feux arrières à LED', 'Rétroviseurs extérieurs indexés marche arrière', 'Rétroviseurs extérieurs réglage électrique', 'Rétroviseurs rabattables électriquement', 'Rétroviseurs extérieurs chauffants', 'Peinture Métallisée', 'Différentiel à glissement limité avant', 'Feux de route actifs', '3ème rangée de sièges', 'Bluetooth inclut musique en streaming, connexion téléphone', 'Air conditionné auto', 'Toit vitré', 'Système de navigation info trafic', 'Taille écran navigation 9 pouces', 'Bouton démarrage', 'Système de navigation', 'Réglage du volant en hauteur, en profondeur', 'Bluetooth', 'Réseau Wifi', '14 haut-parleurs', 'Régulateur de vitesse adaptatif', 'Accoudoir central arrière, avant', 'Siège avant chauffant', 'Siège avant ventilé, actif/massant, électrique', 'Reconnaissance vocale', 'Volant chauffant, multi-fonction', 'Ouverture du coffre à distance', 'Smart card / Smart key', 'Fermerture électrique du coffre', 'Tapis de sol', 'Volant cuir', 'Rétroviseur jour/nuit', 'Aide au stationnement arrière', 'Limiteur de vitesse', 'Air conditionné 4 zones', 'Air conditionné arrière', 'Système audio écran tactile', 'Ordinateur de bord', 'Taille écran multi-fonctions 12.3 pouces', 'Alarme', 'Feux de route à LED', 'Longueur : 4.95 m', 'Volume du coffre : 262 L']",60,87102232796,Garantie 12 mois ,Professionnel, Volvo Selekt, oui,, 11.6 kWh, 18 kWh/100km, cuir noir, 287 kW,, en cours,,, 400 V,,,32159.0,VOLVO XC90 (2E GENERATION),VOLVO
12 jours,"
    LEXUS UX
",36770.0,2021.0, 25/10/2021, non requis, 34 890 Km, Hybride essence électrique, automatique, gris clair metal,5.0,5.0, 12 mois, non,2.0, 7 CV, 152 ch,1.0, 94 g/kmA, 4.1 l/100km, EURO6,"['Airbags latéraux', 'Aide au démarrage en côte', 'Avertisseur de franchissement de ligne', ""Assistance au freinage d'urgence"", 'Antipatinage', 'ESP', 'Détection panneaux signalisation', 'Contrôle de freinage en courbe', '8 airbags', 'Airbags rideaux', 'Indicateur de sous-gonflage des pneus', 'Kit anticrevaison', 'Système détection de collision', 'ABS', 'Toit ouvrant électrique', 'Ampoules de phares LED', 'Antibrouillards avant', 'Phares à allumage automatique', 'Freins régénérateurs', 'Peinture métallisée', 'Feux arrières à LED', 'Rétroviseurs extérieurs réglage électrique', 'Rétroviseurs rabattables électriquement', 'Rétroviseurs extérieurs chauffants', 'Bluetooth inclut musique en streaming, connexion téléphone', 'Air conditionné auto', 'Volant multi-fonction', 'Bouton démarrage', 'Réglage du volant en hauteur, en profondeur', 'Système audio CD', 'Bluetooth', 'Pré-équipement téléphone', 'Volant alu & cuir', 'Régulateur de vitesse adaptatif', 'Accoudoir central arrière, avant', 'Taille écran multi-fonctions 7 pouces', 'Siège avant chauffant', 'Air conditionné 2 zones', 'Smart card / Smart key', '6 haut-parleurs', 'Système audio lecteur CD et MP3', 'Rétroviseur jour/nuit', 'Limiteur de vitesse', 'Ordinateur de bord', 'Alarme', 'Feux de route à LED', 'Pack Technologie', 'Longueur : 4.50 m']",60,87102230159,Garantie 12 mois ,Professionnel,, non,,,, cuir noir, 135 kW,, en cours,,, 216 V,,,34890.0,LEXUS UX,LEXUS
60 jours,"
    PEUGEOT 508 (2E GENERATION)
",38580.0,2021.0, 23/07/2021, non requis, 7 908 Km, Hybride essence électrique, automatique, GRIS PLATINIUM,5.0,5.0, 12 mois, oui,, 10 CV, 225 ch,1.0, 28 g/kmA, 1.3 l/100km, EURO6,"['Airbags rideaux', ""avertisseur d'angle mort"", 'ESP', 'AFU', '3 ceintures ar. 3 points', 'airbags front. + lat.', 'feux automatiques', 'fixations ISOFIX', 'alerte franchissement ligne', 'phares av. de jour à LED', 'essuie-glaces automatiques', 'airbag frontal', 'système de détection de somnolence', 'anti patinage', 'contrôle de pression des pneus', 'radar anti-collision', 'ABS', 'feux ar. à LED', 'Aide au démarrage en côte', 'rétroviseurs électriques', 'jantes alu', 'frein de parking automatique', 'rétroviseurs dégivrants', 'Rétroviseurs rabattables électriquement', 'Ordinateur de bord', 'banquette rabattable', 'climatisation automatique multi zone', 'vitres ar. surteintées', 'Accoudoir central arrière', 'fermeture électrique automatique', 'support lombaires', 'sièges réglables en hauteur', 'prise audio USB', 'Volant cuir', 'fermeture électrique', 'volant réglable en hauteur et profondeur', 'banquette 1/3 - 2/3', 'vitres teintées', 'régulateur limiteur de vitesse', 'carte main libre', 'Régulateur de vitesse', 'vitres électriques', 'Accoudoir central avant', 'siège conducteur réglable hauteur', 'rétroviseur int. jour/nuit auto', 'Ecran multifonction couleur', 'Chargeur embarqué 7,4kW', 'Porte-gobelets avant', 'Phares halogènes', 'Boucliers AV et AR couleur caisse', 'Ouverture des vitres séquentielle', ""Système d'éclairage intelligent"", 'Kit Fumeur', 'Inserts de porte carbone', ""Sellerie Tissu 'Imila' noir & TEP noir"", 'Porte-gobelets arrière', 'Fonction DAB (Radio Numérique Terrestre)', 'Ceintures avant ajustables en hauteur', 'Système de prévention des écarts', ""Lampes de lecture à l'avant"", 'Pack Drive Assist Plus + Pk Safety Plus', 'Calandre chromée', 'Bacs de portes arrière', 'Démarrage sans clé', 'Banquette arrière 3 places', 'Miroir de courtoisie conducteur éclairé', 'Peugeot Full LED Technology', 'Sièges rang 2 rabattables à plat', 'Eclairage au sol', 'Active Suspension Control', ""Lampes de lecture à l'arrière"", 'Bacs de portes avant', 'Miroir de courtoisie passager éclairé', 'système Start & Stop', 'Plafonnier central AV et AR à LED', 'Ceinture de vitrage chromée', 'Pommeau de levier vitesse en cuir', 'Température extérieure', 'Reconnaissance panneaux de signalisation', 'Boite à gants fermée', 'Inserts de tableau de bord carbone', ""Poches d'aumonières"", 'Nav avec écran tactile capacitif 10"" HD', 'Dispositif freinage automatique', 'Longueur : 4.75 m', 'Volume du coffre : 530 L']",17,69109493352,Garantie 12 mois ,Professionnel, Occasions du Lion PREMIUM, oui, 62 Km, 11.6 kWh,,,,, en cours,, oui,,,,7908.0,PEUGEOT 508 (2E GENERATION),PEUGEOT
26 jours,"
    CITROEN C5 AIRCROSS
",45730.0,2022.0, 28/01/2023, non requis, 12 Km, Hybride essence électrique, automatique, Blanc,5.0,5.0, 24 mois, oui,, 10 CV, 225 ch,1.0, 31 g/kmA, 1.4 l/100km, EURO6,"['Longueur : 4.50 m', 'Volume du coffre : 600 L']",55,69109681966,Garantie 24 mois ,Professionnel,, oui, 55 Km, 13.2 kWh,,,, , en cours,, oui, 300 V, 44 A,,12.0,CITROEN C5 AIRCROSS,CITROEN
60 jours,"
    VOLVO XC60 (2E GENERATION)
",66320.0,2022.0, 23/07/2022, non requis, 12 626 Km, Hybride essence électrique, automatique, Blanc Cristal,5.0,5.0, 24 mois, oui,, 15 CV, 340 ch,1.0, 54 g/kmA, 2.4 l/100km, EURO6,"['Airbags rideaux', 'suspension pilotée', 'kit téléphone main libre bluetooth', 'ESP', 'AFU', 'airbag genoux anti sous-marinage', '3 ceintures ar. 3 points', 'airbags front. + lat.', 'feux automatiques', 'fixations ISOFIX', 'alerte franchissement ligne', 'phares av. de jour à LED', 'essuie-glaces automatiques', 'airbag frontal', 'système de détection de somnolence', 'anti patinage', 'contrôle de pression des pneus', 'EBD', 'phares adaptatifs', 'radar anti-collision', 'ABS', 'feux ar. à LED', 'Aide au démarrage en côte', 'rétroviseurs électriques', 'aide parking', 'toit panoramique', ""sorties d'échappement chromées"", 'pack hiver', 'toit ouvrant électrique', 'jantes alu', 'becquet', 'lunette arrière dégivrante', 'Rétroviseurs rabattables électriquement', 'caméra de recul', 'Système audio CD', 'Ordinateur de bord', 'prises audio auxiliaires', 'banquette rabattable', 'climatisation automatique multi zone', 'système audio MP3', 'fermeture électrique automatique', 'écran tactile', 'sièges réglables en hauteur', 'prise 12V', 'prise audio USB', 'Volant cuir', 'fermeture électrique', 'volant réglable en hauteur et profondeur', 'banquette 1/3 - 2/3', 'volant multifonctions', 'cache bagages', 'vitres teintées', 'régulateur limiteur de vitesse', 'Régulateur de vitesse', 'vitres électriques', 'Accoudoir central avant', 'siège conducteur réglable hauteur', 'rétroviseur int. jour/nuit auto', 'GPS', 'système audio', 'traceur GPS', 'Ecran multifonction couleur', 'Porte-gobelets avant', 'Borne Wi-Fi', ""Système d'assistance à la descente"", ""Eclairage d'ambiance"", 'Boucliers AV et AR couleur caisse', 'Ouverture des vitres séquentielle', 'Commandes vocales', 'Poignées ton carrosserie', 'Répétiteurs de clignotant dans rétro ext', 'Système IDIS', 'Ceintures avant ajustables en hauteur', 'Chargeur téléphone par induction', ""Lampes de lecture à l'avant"", 'Volume automatique de la radio', 'Siège passager avec réglage lombaire', ""Correcteur d'assiette"", 'Siège cond. avec réglage lombaire électr', ""Feux de freinage d'urgence"", 'Siège conducteur électrique', 'Commandes du système audio au volant', 'Calandre chromée', 'Bacs de portes arrière', 'Démarrage sans clé', 'Banquette arrière 3 places', 'Contrôle optimal du roulis', 'Miroir de courtoisie conducteur éclairé', 'Verrouillage sécurité enfant auto', 'Velum rang 2', 'Sièges rang 2 rabattables à plat', 'Eclairage au sol', 'Pack Mémoire', ""Lampes de lecture à l'arrière"", 'Bacs de portes avant', 'Miroir de courtoisie passager éclairé', 'Services connectés', '11 Haut parleurs', 'Interface Media', 'système Start & Stop', 'Ceinture de vitrage chromée', ""Appel d'Urgence Localisé"", 'Ceintures rang2 ajustables en hauteur', 'Echappement à double sortie', 'Commande Mode ECO', 'Chauffage auxiliaire', 'Compte tours', 'Blanc Cristal', 'Filtre à Pollen', 'Appuis-tête avant actifs', 'Température extérieure', 'Stations de webradio', 'Reconnaissance panneaux de signalisation', 'Essuie-glace arrière', 'Témoin de bouclage des ceintures AV', 'Volant métal', 'Boite à gants fermée', 'Commande du comportement dynamique', 'Siège conducteur à mémoire', 'Inserts de tableau de bord bois', 'TMC', 'Longueur : 4.69 m', 'Volume du coffre : 468 L']",2,69108729265,Garantie 24 mois ,Professionnel, Volvo Selekt, oui, 53 Km, 11.6 kWh, 16 kWh/100km,,,, en cours,, oui,,,,12626.0,VOLVO XC60 (2E GENERATION),VOLVO
60 jours,"
    PORSCHE PANAMERA 2
",158180.0,2020.0, 16/11/2020, non requis, 113 Km, Hybride essence électrique, automatique, bleu marine metal,5.0,4.0, 6 mois, oui,, 19 CV, 462 ch,1.0, 62 g/kmA, 2.9 l/100km, EURO6,"['Airbags latéraux', 'Aide au démarrage en côte', ""Assistance au freinage d'urgence"", 'Antipatinage', 'ESP', 'Capot à soulèvement pour choc piéton', '8 airbags', 'Essuie glace capteur de pluie', 'Airbags rideaux', 'Indicateur de sous-gonflage des pneus', 'Kit anticrevaison', 'ABS', 'Ampoules de phares LED', 'Phares à allumage automatique', 'Freins régénérateurs', 'Feux de croisement à LED', 'Peinture métallisée', 'Feux arrières à LED', 'Rétroviseurs extérieurs réglage électrique', 'Rétroviseurs rabattables électriquement', 'Rétroviseurs extérieurs chauffants', 'Bluetooth inclut musique en streaming, connexion téléphone', 'Air conditionné auto', 'Volant multi-fonction', 'Système de navigation info trafic', 'Bouton démarrage', 'Siège avant électrique', '10 haut-parleurs', 'Système de navigation', 'Régulateur de vitesse', 'Réglage du volant en hauteur, en profondeur', 'Bluetooth', 'Pré-équipement téléphone', 'Accoudoir central arrière, avant', 'Taille écran navigation 12 pouces', 'Palettes au volant', 'Air conditionné 2 zones', 'Reconnaissance vocale', 'Ouverture du coffre à distance', 'Smart card / Smart key', 'Fermerture électrique du coffre', 'Système audio inclut DVD', 'Volant cuir', 'Système audio lecteur CD et MP3', 'Rétroviseur jour/nuit', 'Système audio écran tactile, carte digitale, CD', 'Ordinateur de bord', 'Taille écran multi-fonctions 12.3 pouces', 'DVD/VCD', 'Alarme', 'Pack Mémoire Conducteur', 'Volant Sport multifonction avec palettes en Bois et chauffage du volant Ambre', 'Sièges avant ventilés', 'Feux de route à LED', 'Volant sport GT multifonction avec chauffage du volant et couronne en Alcantara®', 'Burmester® 3D High-End Surround Sound System', 'Pack intérieur cuir avec coutures en couleur contrastante et bandes centrales des sièges en couleur contrastante', 'Sièges avant chauffants', 'Fonction massage + ventilation AV&AR', 'Phares à DEL avec Porsche Dynamic Light System (PDLS)', 'Pack intérieur coutures décoratives en couleur contrastante', ""carnet d'entretien"", ""Système d'échappement Sport"", ""Éclairage d'ambiance"", ""Enlèvement à l'usine Panamera Leipzig"", 'Système de toit panoramique', 'Feux clignotants à LED', 'Affichage tête-haute', 'Pack SportDesign peint en Noir (finition brillante)', 'Pack intérieur cuir', 'Sièges Sport adaptatifs avant (électriques à 18 positions) avec Pack Mémoire', 'Fonction massage + ventilation', 'Feux arrière à LED avec bandeau lumineux teinté', 'Accès confort', 'Longueur : 5.05 m', 'Volume du coffre : 405 L']",69,87102066642,Garantie 6 mois ,Professionnel,, oui, 51 Km, 14 kWh, 16 kWh/100km, cuir noir, 340 kW,,,,, 382 V,,,113.0,PORSCHE PANAMERA 2,PORSCHE
60 jours,"
    OPEL MOKKA 2
",48950.0,2022.0, 28/03/2022, non requis, 6 971 Km, Electrique, automatique, gris,5.0,5.0, 28 mois, oui,1.0, 4 CV, 136 ch,0.0, 0 g/kmA,, EURO6,"['5 places', 'intérieur : alcantara', 'Longueur : 4.15 m', 'Volume du coffre : 310 L']",7,69108478787,Garantie 28 mois ,Professionnel,, oui, 322 Km, 50 kWh,,,, , en cours,, oui, 400 V, 125 A,,6971.0,OPEL MOKKA 2,OPEL
60 jours,"
    RENAULT ZOE
",9610.0,2016.0, 18/08/2016, requis, 53 119 Km, Electrique, automatique, blanc,5.0,5.0, 12 mois, non,2.0, 1 CV, 59 ch,0.0, 0 g/kmA,, EURO6,"['Airbag anti-sous-marinage passager', 'ESP', 'Airbags latéraux', 'AFU', 'fixations ISOFIX', 'phares av. de jour à LED', 'anti patinage', 'contrôle de pression des pneus', 'Aide au démarrage en côte', 'Bouton démarrage', 'Bluetooth', 'écran tactile', 'prise 12V', 'régulateur limiteur de vitesse', 'Régulateur de vitesse', 'climatisation', '5 places', 'GPS', 'Airbags avant passager interrupteur', 'Appuis-tête sièges AV nombre 2 réglage en hauteur intégrés nombre 2', 'Essuie glace', ""Système d'alerte piéton audio"", 'Rangement sous sièges conducteur', 'Gestion de la batterie à distance inclut contrôle statut batterie', 'Applications intégrées', 'Airbags nombre de 6', 'Rechargeable', 'kit de réparation crevaison', 'Distribution électronique du freinage', 'Smart card Smart key type manuel', 'Feux de détresse automatiques', 'Reconnaissance vocale navigation téléphone', 'Alerte ceinture sécurité', 'Longueur : 4.09 m', 'Volume du coffre : 338 L']",72,69109100376,Garantie 12 mois ,Professionnel,, oui, 210 Km, 22 kWh, 14 kWh/100km,,, ,,,, 400 V,," non, batterie en location",53119.0,RENAULT ZOE,RENAULT
60 jours,"
    PEUGEOT E-2008 (2E GENERATION)
",36230.0,2021.0, 21/03/2021, non requis, 24 056 Km, Electrique, automatique, ORANGE FUSION/NO,5.0,5.0,, non,, 4 CV, 136 ch,0.0, 0 g/kmA,, EURO6,"['kit téléphone main libre bluetooth', 'ESP', 'airbags front. + lat.', 'feux automatiques', 'fixations ISOFIX', 'phares av. de jour à LED', 'essuie-glaces automatiques', 'airbag frontal', 'contrôle de pression des pneus', 'feux ar. à LED', 'Aide au démarrage en côte', 'rétroviseurs électriques', 'jantes alu', 'Rétroviseurs rabattables électriquement', 'vitres ar. surteintées', 'climatisation automatique', 'fermeture électrique automatique', 'Volant cuir', 'fermeture électrique', 'banquette 1/3 - 2/3', 'volant multifonctions', 'régulateur limiteur de vitesse', 'Régulateur de vitesse', 'vitres électriques', 'siège conducteur réglable hauteur', 'Sans Nav. 3D et sans écran tactile capacitif 10"" HD', 'Vitres lat. AR et lunette AR surteintées', 'Orange Fusion (M)', 'Pédalier sport', ""i-Cockpit 3D  10''"", 'Antibrouillard LED avec fonct. cornering', 'Phares antibrouillard LED', 'toit noir', 'Visio Park 1 + aide au stationnement AV', 'ext rabat élect', 'Longueur : 4.30 m', 'Volume du coffre : 405 L']",82,69109315645,Garantie constructeur,Professionnel,, oui,, 50 kWh,, NOIR,, , en cours,, oui,,,,24056.0,PEUGEOT E-2008 (2E GENERATION),PEUGEOT
4 jours,"
    JEEP RENEGADE
",37430.0,2022.0, 11/08/2022, non requis, 5 Km, Hybride essence électrique, automatique, Carbon Black,5.0,5.0,, oui,, 7 CV, 190 ch,1.0, 49 g/kmA, 2.1 l/100km, EURO6,"['Airbags rideaux', 'kit téléphone main libre bluetooth', 'ESP', 'airbag genoux anti sous-marinage', 'airbags front. + lat.', 'feux automatiques', 'fixations ISOFIX', 'alerte franchissement ligne', 'essuie-glaces automatiques', 'airbag frontal', 'projecteurs antibrouillard', 'système de détection de somnolence', 'contrôle de pression des pneus', 'EBD', 'ABS', 'Aide au démarrage en côte', 'rétroviseurs électriques', 'aide parking', 'jantes alu', ""système de récupération d'énergie au freinage"", 'rétroviseurs dégivrants', 'Rétroviseurs rabattables électriquement', 'Système audio CD', 'Ordinateur de bord', 'prises audio auxiliaires', 'banquette rabattable', 'climatisation automatique multi zone', 'système audio MP3', 'vitres ar. surteintées', 'écran tactile', 'prise audio USB', 'Volant cuir', 'fermeture électrique', 'volant réglable en hauteur et profondeur', 'volant multifonctions', 'régulateur limiteur de vitesse', 'carte main libre', 'Régulateur de vitesse', 'vitres électriques', 'Accoudoir central avant', 'siège conducteur réglable hauteur', 'système audio', 'alarme périmétrique', 'Ecran multifonction couleur', 'Colorado Red', 'Phares halogènes', ""Système d'assistance à la descente"", 'Poignées ton carrosserie', 'Répétiteurs de clignotant dans rétro ext', 'Tissu Brooklyn Black', 'Commandes du système audio au volant', 'Siège passager rabattable', 'Démarrage sans clé', 'Services connectés', 'Interface Media', 'Système navigation GPS Uconnect Live 8,4', 'système Start & Stop', 'Banquette 40/20/40', 'Carbon Black', ""Eclairage statique d'intersection"", 'Commande Mode ECO', 'Compte tours', 'Filtre à Pollen', 'Reconnaissance panneaux de signalisation', 'Commande du comportement dynamique', 'Dispositif freinage automatique', 'TMC', 'Longueur : 4.24 m', 'Volume du coffre : 330 L']",30,69109800409,Garantie constructeur,Professionnel,, oui, 43 Km, 11.4 kWh,,,,, en cours,, oui,,,,5.0,JEEP RENEGADE,JEEP
60 jours,"
    SUZUKI ACROSS
",58550.0,2022.0, 12/10/2022, non requis, 1 Km, Hybride essence électrique, automatique, gris,5.0,5.0, 32 mois, non,, 10 CV, 306 ch,1.0, 22 g/kmA, 1 l/100km, EURO6,"['7 airbags', 'airbags frontaux', ""avertisseur d'angle mort"", 'kit téléphone main libre bluetooth', 'feux automatiques', 'EBV', 'fixations ISOFIX', 'détecteur de pluie', 'projecteurs antibrouillard', 'contrôle de pression des pneus', 'ABS', 'Aide au démarrage en côte', 'Roue de secours', 'jantes alu', 'barres de toit', 'rétroviseurs électriques et dégivrants', 'aide parking av/ar', 'jantes alu 19""', 'caméra de recul', 'vitres surteintées', 'climatisation automatique multi zone', 'Palettes au volant', 'Bluetooth', 'Volant chauffant', 'fermeture électrique automatique', 'prise audio USB', 'accoudoir central', 'fermeture électrique', 'volant réglable en hauteur et profondeur', 'banquette 1/3 - 2/3', 'Régulateur de vitesse', 'vitres électriques', 'intérieur cuir', 'sièges chauffants', '5 places', 'rétroviseur int. jour/nuit auto', 'ciel de pavillon noir', 'anti démarrage', 'Câble de recharge pour prise domestique - 5 mètres - 8 Ampères', 'Levier de vitesses gainé cuir', 'Ouverture électrique du hayon avec bouton de contrôle', 'Sécurité enfants sur portes AR', 'assistant de trajectoire et détecteur de fatigue', 'Aumônière au dos des sièges AV', 'Bandeau de planche de bord avec surpiqures rouge', 'filtre à pollen', 'Connectivté Smartphone Android Auto', 'Optiques AV et AR à LED', 'Éléments de carrosserie peints en noir laqué', 'appuis-tête arrière', ""Système d'ouverture/fermeture et démarrage sans clé ''Smart Entry & Start''"", 'MirrorLink', ""Système d'alerte acoustique du véhicule (Mode EV)"", ""Double sorties d'échappement ovales"", 'Compartiments de rangement sur console centrale', 'essuie-glace arrière', ""Commande de blocage de différentiel AR ''Trail''"", 'Gestion automatique des feux de route', 'Range bouteille AV et AR x2', 'Apple Carplay', 'Lecture des panneaux de signalisation et rappel sur écran LCD', 'Rétroviseurs extérieurs réglables électriquement et dégivrants', ""Avertisseur de trafic en marche AR avec freinage d'urgence automatique"", ""Prise accessoire 12V à l'AV et dans le compartiment à bagages"", ""Éclairage d'accueil aux places AV"", 'Alerte de franchissement de ligne avec aide au maintien dans la file', 'Sélection du mode de conduite', 'Ornements supérieurs de vitres latérales chromés', 'Ski de protection de bouclier gris argent', 'FAP', 'Rétroviseurs extérieurs ton carrosserie', 'Siège conducteur à réglages électriques', 'Porte-gobelet AV et AR', 'Rétroviseurs AV avec éclairage de courtoisie', 'Poignées de maintien conducteur et passager (x4)', 'Radars de stationnement anticollision (ICS)', 'Nombre de roues motrices : 4', 'Pare-soleil AV avec miroirs de courtoisie éclairés x2', 'Tapis de sol x4', 'Système de contrôle de motricité (TRC)', '1 prise 220 V dans le compartiment à bagages', 'Ajustement automatique des projecteurs', 'avec réglage lombaire', 'Poignées de porte extérieures ton carrosserie', 'Antenne de toit type requin', 'Ventilation aux places AR', ""Système d'appel d'urgence automatique ''E-Call''"", 'Sellerie en cuir synthétique/tissus sport noir & rouge', 'Essuie-glace AV à 2 vitesses avec intermittence réglable', ""Combiné d'instrumentation avec écran couleur TFT multifonction 7''"", 'Ouverture électrique de la trappe à carburant', 'Système de stabilité du véhicule (TSC)', 'Calandre AV sport noir laqué', 'Longueur : 4.63 m', 'Volume du coffre : 490 L']",7,69109064901,Garantie 32 mois ,Professionnel,, oui, 75 Km, 18.1 kWh,, noir, 225 kW,, en cours,, oui, 355 V, 50.9 A,,1.0,SUZUKI ACROSS,SUZUKI
2 jours,"
    PEUGEOT 3008 (2E GENERATION)
",44780.0,2022.0, 16/05/2022, non requis, 11 Km, Hybride essence électrique, automatique, BLANC NAC TOIT N,5.0,5.0,, non,, 10 CV, 225 ch,1.0, 31 g/kmA, 1.4 l/100km, EURO6,"[""avertisseur d'angle mort"", 'kit téléphone main libre bluetooth', 'feux automatiques', 'phares av. de jour à LED', 'essuie-glaces automatiques', 'feux ar. à LED', 'Aide au démarrage en côte', 'rétroviseurs électriques', 'aide parking', 'jantes alu', 'frein de parking automatique', 'rétroviseurs dégivrants', 'Rétroviseurs rabattables électriquement', 'caméra de recul', 'climatisation automatique multi zone', 'système audio MP3', 'vitres ar. surteintées', 'Accoudoir central arrière', 'écran tactile', 'sièges réglables en hauteur', 'Volant cuir', 'banquette 1/3 - 2/3', 'volant multifonctions', 'régulateur limiteur de vitesse', 'carte main libre', 'Régulateur de vitesse', 'Accoudoir central avant', 'siège conducteur réglable hauteur', 'rétroviseur int. jour/nuit auto', 'GPS', 'Blanc Nacré (N)', 'Démarrage sans clé', 'Interface Media', ""TEP & Tissu 'Colyn' Mistral"", 'Toit Black Diamond Noir Perla Nera', ""Peugeot i-Cockpit + écran tactile 10''HD"", 'Longueur : 4.45 m', 'Volume du coffre : 395 L']",82,69109812828,Garantie constructeur,Professionnel,, oui, 55 Km, 13.2 kWh,, MISTRAL,,, en cours,, oui, 300 V, 44 A,,11.0,PEUGEOT 3008 (2E GENERATION),PEUGEOT
60 jours,"
    PEUGEOT 3008 (2E GENERATION)
",44260.0,2021.0, 20/11/2021, non requis, 29 630 Km, Hybride essence électrique, automatique, BLANC/NOIR,5.0,5.0,, non,, 9 CV, 300 ch,1.0,,, EURO6,"['kit téléphone main libre bluetooth', 'feux automatiques', 'essuie-glaces automatiques', 'Aide au démarrage en côte', 'rétroviseurs dégivrants', 'Rétroviseurs rabattables électriquement', 'aide parking av/ar', 'vitres surteintées', 'climatisation automatique multi zone', 'système audio MP3', 'Régulateur de vitesse adaptatif', 'écran tactile', 'sièges réglables en hauteur', 'Volant cuir', 'banquette 1/3 - 2/3', 'volant multifonctions', 'régulateur limiteur de vitesse', 'carte main libre', 'siège conducteur réglable hauteur', 'rétroviseur int. jour/nuit auto', 'Ecran multifonction couleur', 'Blanc Nacré (S)/Toit Noir', 'Recharge port. sans fil+prise 220 Volts', 'Toggle Switches chromés', 'Pack City 2', 'JA 19"" Washington', 'Pack Drive Assist Plus', 'Pédalier sport', 'Hayon mains libres', ""carnet d'entretien"", 'Nav connectée 3D-SOS/Assist.-Téléserv.', 'Toit Black Diamond Noir Perla Nera', 'Pack City 1', 'Volume du coffre : 520 L']",82,69109315655,Garantie constructeur,Professionnel,, oui,, 13.2 kWh,, NOIR/GRIS,, , en cours,, oui,,,,29630.0,PEUGEOT 3008 (2E GENERATION),PEUGEOT
8 jours,"
    HYUNDAI IONIQ
",33530.0,2022.0, 07/07/2022, non requis, 1 330 Km, Electrique, automatique, PHAMTOM BLACK,5.0,5.0,, non,, 2 CV, 136 ch,0.0,,, EURO6,"['Airbags rideaux', 'kit téléphone main libre bluetooth', 'ESP', 'AFU', 'airbag genoux anti sous-marinage', 'airbags front. + lat.', 'feux automatiques', 'fixations ISOFIX', 'alerte franchissement ligne', 'phares av. de jour à LED', 'essuie-glaces automatiques', 'airbag frontal', 'système de détection de somnolence', 'contrôle de pression des pneus', 'EBD', 'ABS', 'feux ar. à LED', 'Aide au démarrage en côte', 'rétroviseurs électriques', 'aide parking', 'jantes alu', 'rétroviseurs dégivrants', 'Rétroviseurs rabattables électriquement', 'caméra de recul', 'Système audio CD', 'Ordinateur de bord', 'prises audio auxiliaires', 'banquette rabattable', 'climatisation automatique multi zone', 'système audio MP3', 'vitres ar. surteintées', 'Accoudoir central arrière', 'fermeture électrique automatique', 'Régulateur de vitesse adaptatif', 'écran tactile', 'sièges réglables en hauteur', 'prise 12V', 'prise audio USB', 'Volant cuir', 'fermeture électrique', 'volant réglable en hauteur et profondeur', 'banquette 1/3 - 2/3', 'volant multifonctions', 'cache bagages', 'régulateur limiteur de vitesse', 'carte main libre', 'vitres électriques', 'Accoudoir central avant', 'siège conducteur réglable hauteur', 'rétroviseur int. jour/nuit auto', 'GPS', 'système audio', 'traceur GPS', 'alarme périmétrique', 'Ecran multifonction couleur', 'Porte-gobelets avant', ""Eclairage d'ambiance"", 'Boucliers AV et AR couleur caisse', 'Ouverture des vitres séquentielle', 'Siège conducteur chauffant', 'Commandes vocales', ""Système d'éclairage intelligent"", 'Porte-gobelets arrière', 'Répétiteurs de clignotant dans rétro ext', '8 Haut parleurs', 'Ceintures avant ajustables en hauteur', 'Pédalier sport', 'Siège passager chauffant', 'Siège cond. avec réglage lombaire électr', ""Système avancé de détection d'obstacles"", 'Commandes du système audio au volant', 'Bacs de portes arrière', 'Appui-tête passager réglable en hauteur', 'Démarrage sans clé', 'Banquette arrière 3 places', 'Miroir de courtoisie conducteur éclairé', 'FAP', 'Eclairage au sol', 'Témoin de bouclage ceinture conducteur', 'Bacs de portes avant', 'Miroir de courtoisie passager éclairé', 'Services connectés', 'Interface Media', 'système Start & Stop', 'Ceinture de vitrage chromée', ""Appel d'Urgence Localisé"", 'Pommeau de levier vitesse en cuir', 'Commande Mode ECO', 'Compte tours', 'Filtre à Pollen', 'Appui-tête conducteur réglable hauteur', 'Phantom Black', 'Reconnaissance panneaux de signalisation', 'Boite à gants fermée', 'Commande du comportement dynamique', ""Poches d'aumonières"", 'TMC', 'Longueur : 4.47 m', 'Volume du coffre : 357 L']",39,69109782892,Garantie constructeur,Professionnel,, oui, 311 Km, 38.3 kWh,,,, , en cours,, oui, 319 V, 120 A,,1330.0,HYUNDAI IONIQ,HYUNDAI
60 jours,"
    VOLVO XC60 (2E GENERATION)
",69000.0,2021.0, 24/09/2021, non requis, 12 Km, Hybride essence électrique, automatique, OSMIUM GREY,5.0,5.0,, non,, 15 CV, 340 ch,1.0, 54 g/kmA, 2.4 l/100km, EURO6,"['Airbags rideaux', 'kit téléphone main libre bluetooth', 'ESP', 'AFU', 'airbag genoux anti sous-marinage', '3 ceintures ar. 3 points', 'airbags front. + lat.', 'feux automatiques', 'fixations ISOFIX', 'alerte franchissement ligne', 'phares av. de jour à LED', 'essuie-glaces automatiques', 'airbag frontal', 'système de détection de somnolence', 'anti patinage', 'contrôle de pression des pneus', 'EBD', 'phares adaptatifs', 'radar anti-collision', 'ABS', 'feux ar. à LED', 'Aide au démarrage en côte', 'rétroviseurs électriques', 'aide parking', 'toit panoramique', ""sorties d'échappement chromées"", 'toit ouvrant électrique', 'jantes alu', 'becquet', 'lunette arrière dégivrante', 'châssis sport', 'Rétroviseurs rabattables électriquement', 'caméra de recul', 'Système audio CD', 'Ordinateur de bord', 'prises audio auxiliaires', 'banquette rabattable', 'climatisation automatique multi zone', 'système audio MP3', 'sièges sport', 'fermeture électrique automatique', 'écran tactile', 'volant sport', 'sièges réglables en hauteur', 'prise 12V', 'prise audio USB', 'Volant cuir', 'fermeture électrique', 'volant réglable en hauteur et profondeur', 'banquette 1/3 - 2/3', 'volant multifonctions', 'cache bagages', 'vitres teintées', 'régulateur limiteur de vitesse', 'Régulateur de vitesse', 'vitres électriques', 'Accoudoir central avant', 'siège conducteur réglable hauteur', 'rétroviseur int. jour/nuit auto', 'GPS', 'système audio', 'traceur GPS', 'Ecran multifonction couleur', 'Porte-gobelets avant', 'Borne Wi-Fi', ""Système d'assistance à la descente"", ""Eclairage d'ambiance"", 'Boucliers AV et AR couleur caisse', 'Ouverture des vitres séquentielle', 'Commandes vocales', 'Poignées ton carrosserie', 'Gris Osmium', 'Répétiteurs de clignotant dans rétro ext', 'Système IDIS', 'Ceintures avant ajustables en hauteur', ""Lampes de lecture à l'avant"", 'Volume automatique de la radio', 'Pédalier sport', 'Siège passager avec réglage lombaire', 'Siège cond. avec réglage lombaire électr', ""Feux de freinage d'urgence"", 'Boite à gant fermée', 'Siège conducteur électrique', 'Commandes du système audio au volant', 'Calandre chromée', 'Bacs de portes arrière', 'Démarrage sans clé', 'Banquette arrière 3 places', 'Contrôle optimal du roulis', 'Miroir de courtoisie conducteur éclairé', 'Velum rang 2', 'Sièges rang 2 rabattables à plat', 'Eclairage au sol', ""Lampes de lecture à l'arrière"", 'Bacs de portes avant', 'Miroir de courtoisie passager éclairé', 'Services connectés', '11 Haut parleurs', 'Interface Media', 'système Start & Stop', 'Inserts de tableau de bord métal', ""Appel d'Urgence Localisé"", 'Ceintures rang2 ajustables en hauteur', 'Echappement à double sortie', 'Pommeau de levier vitesse en cuir', 'Commande Mode ECO', 'Chauffage auxiliaire', 'Compte tours', 'Filtre à Pollen', 'Appuis-tête avant actifs', 'Température extérieure', 'Stations de webradio', 'Reconnaissance panneaux de signalisation', 'Essuie-glace arrière', 'Témoin de bouclage des ceintures AV', 'Volant métal', 'Commande du comportement dynamique', 'Siège conducteur à mémoire', 'Diffuseur AR noir', 'TMC', 'Longueur : 4.69 m', 'Volume du coffre : 468 L']",14,69108838138,Garantie constructeur,Professionnel,, oui,, 11.6 kWh, 16 kWh/100km,,, , en cours,, oui,,,,12.0,VOLVO XC60 (2E GENERATION),VOLVO
60 jours,"
    RENAULT ZOE
",15250.0,2019.0, 10/11/2019, non requis, 20 870 Km, Electrique, automatique, VIOLET BLUEBERRY,5.0,5.0, 12 mois, non,, 1 CV, 92 ch,0.0, 0 g/kmA,, EURO6,"['kit téléphone main libre bluetooth', 'ESP', 'AFU', 'airbag genoux anti sous-marinage', '3 ceintures ar. 3 points', 'airbags front. + lat.', 'feux automatiques', 'fixations ISOFIX', 'phares av. de jour à LED', 'essuie-glaces automatiques', 'airbag frontal', 'anti patinage', 'contrôle de pression des pneus', 'EBD', 'ABS', 'Aide au démarrage en côte', 'rétroviseurs électriques', 'jantes alu', 'becquet', 'radar de recul', ""système de récupération d'énergie au freinage"", 'rétroviseurs dégivrants', 'Rétroviseurs rabattables électriquement', 'caméra de recul', 'Ordinateur de bord', 'prises audio auxiliaires', 'banquette rabattable', 'vitres ar. surteintées', 'climatisation automatique', 'fermeture électrique automatique', 'écran tactile', 'système audio carte SD', 'prise audio USB', 'Volant cuir', 'fermeture électrique', 'volant réglable en hauteur et profondeur', 'cache bagages', 'vitres teintées', 'régulateur limiteur de vitesse', 'carte main libre', 'Régulateur de vitesse', 'vitres électriques', 'direction assistée', 'GPS', 'système audio', 'Ecran multifonction couleur', 'Porte-gobelets avant', 'Phares halogènes', 'Tissu Technique Noir', 'Boucliers AV et AR couleur caisse', 'Ouverture des vitres séquentielle', 'Commandes vocales', 'Kit Fumeur', 'Poignées ton carrosserie', 'Porte-gobelets arrière', 'Répétiteurs de clignotant dans rétro ext', 'Ceintures avant ajustables en hauteur', 'Banquette arrière monobloc', ""Lampes de lecture à l'avant"", ""Feux de freinage d'urgence"", 'Commandes du système audio au volant', 'kit de réparation crevaison', 'Bacs de portes arrière', 'Démarrage sans clé', 'Banquette arrière 3 places', '7 Haut parleurs', 'Miroir de courtoisie passager', 'Bacs de portes avant', 'Blanc Glacier', 'Interface Media', 'Pommeau de levier vitesse en cuir', 'Commande Mode ECO', 'Chauffage auxiliaire', 'Filtre à Pollen', 'Essuie-glace arrière', 'Boite à gants fermée', 'Miroir de courtoisie conducteur', ""Poches d'aumonières"", 'TMC', 'Longueur : 4.08 m', 'Volume du coffre : 338 L']",17,69107930809,Garantie 12 mois ,Professionnel, Occasions du Lion PREMIUM, oui, 367 Km, 41 kWh, 13 kWh/100km, TISSUS,, ,,,, 400 V,," non, batterie en location",20870.0,RENAULT ZOE,RENAULT
50 jours,"
    VOLVO S60 (3E GENERATION)
",71560.0,2022.0, 13/11/2022, non requis, 11 Km, Hybride essence électrique, automatique, Blanc Cristal Métallisé,4.0,5.0, 24 mois, non,, 20 CV, 405 ch,1.0, 47 g/kmA,, EURO6,"['Airbags rideaux', 'kit téléphone main libre bluetooth', 'ESP', 'AFU', 'airbag genoux anti sous-marinage', '3 ceintures ar. 3 points', 'airbags front. + lat.', 'feux automatiques', 'fixations ISOFIX', 'alerte franchissement ligne', 'phares av. de jour à LED', 'essuie-glaces automatiques', 'airbag frontal', 'système de détection de somnolence', 'anti patinage', 'contrôle de pression des pneus', 'EBD', 'phares adaptatifs', 'radar anti-collision', 'ABS', 'feux ar. à LED', 'Aide au démarrage en côte', 'rétroviseurs électriques', 'aide parking', ""sorties d'échappement chromées"", 'jantes alu', 'barres de toit', 'becquet', 'lunette arrière dégivrante', ""système de récupération d'énergie au freinage"", 'châssis sport', 'frein de parking automatique', 'rétroviseurs dégivrants', 'Rétroviseurs rabattables électriquement', 'caméra de recul', 'Système audio CD', 'Ordinateur de bord', 'banquette rabattable', 'climatisation automatique multi zone', 'système audio MP3', 'Palettes au volant', 'Accoudoir central arrière', 'fermeture électrique automatique', 'écran tactile', 'sièges réglables en hauteur', 'prise 12V', 'prise audio USB', 'Volant cuir', 'Volant chauffant', 'fermeture électrique', 'volant réglable en hauteur et profondeur', 'banquette 1/3 - 2/3', 'volant multifonctions', 'cache bagages', 'vitres teintées', 'régulateur limiteur de vitesse', 'carte main libre', 'Régulateur de vitesse', 'vitres électriques', 'Accoudoir central avant', 'siège conducteur réglable hauteur', 'rétroviseur int. jour/nuit auto', 'GPS', 'système audio', 'traceur GPS', 'Ecran multifonction couleur', 'Lunette arrière', 'Borne Wi-Fi', ""Système d'assistance à la descente"", ""Eclairage d'ambiance"", 'Boucliers AV et AR couleur caisse', 'Ouverture des vitres séquentielle', 'Commandes vocales', 'Poignées ton carrosserie', 'Porte-gobelets arrière', 'Répétiteurs de clignotant dans rétro ext', 'Système IDIS', ""Appel d'Assistance Localisé"", 'Ceintures avant ajustables en hauteur', 'Caméras Surround View + caméra AV/AR', ""Lampes de lecture à l'avant"", 'Volume automatique de la radio', 'Pédalier sport', 'Siège passager avec réglage lombaire', 'Siège cond. avec réglage lombaire électr', ""Feux de freinage d'urgence"", 'Siège conducteur électrique', 'Commandes du système audio au volant', 'Bacs de portes arrière', 'Banquette arrière 3 places', 'Contrôle optimal du roulis', 'Pack Intellisafe Pro', 'Miroir de courtoisie conducteur éclairé', 'FAP', 'Sièges rang 2 rabattables à plat', 'Eclairage au sol', 'Pack Mémoire', ""Lampes de lecture à l'arrière"", 'Bacs de portes avant', 'Miroir de courtoisie passager éclairé', 'Services connectés', 'Interface Media', 'système Start & Stop', 'Ecran LCD', 'Inserts de tableau de bord métal', ""Appel d'Urgence Localisé"", 'Blanc Cristal Métallisé', 'Echappement à double sortie', 'Pommeau de levier vitesse en cuir', 'Commande Mode ECO', 'Compte tours', 'Filtre à Pollen', 'Température extérieure', 'Reconnaissance panneaux de signalisation', 'Essuie-glace arrière', 'Témoin de bouclage des ceintures AV', 'Boite à gants fermée', 'Commande du comportement dynamique', 'Siège passager à réglages électriques', 'Siège conducteur à mémoire', ""Poches d'aumonières"", 'Dispositif freinage automatique', 'TMC', 'Longueur : 4.76 m', 'Volume du coffre : 390 L']",6,69109549277,Garantie 24 mois ,Professionnel, Volvo Selekt, oui,, 11.6 kWh,,,,, en cours,, oui,,,,11.0,VOLVO S60 (3E GENERATION),VOLVO
47 jours,"
    MINI MINI 3 3P
",31020.0,2021.0, 19/04/2021, non requis, 7 658 Km, Electrique, automatique, MIDNIGHT BLACK METALLIC,3.0,4.0,, non,, 3 CV, 184 ch,0.0, 0 g/kmA,, EURO6,"['feux et essuie-glaces automatiques', 'fixations ISOFIX', 'projecteurs antibrouillard', 'contrôle de pression des pneus', 'aide parking', 'toit ouvrant panoramique', 'Rétroviseurs rabattables électriquement', 'caméra de recul', 'APPLE CAR PLAY', 'Ordinateur de bord', 'climatisation automatique multi zone', 'sièges réglables en hauteur', 'Volant cuir', 'volant multifonctions', 'Régulateur de vitesse', 'Accoudoir central avant', 'sièges chauffants', 'Tapis de sol', 'rétroviseur int. jour/nuit auto', 'GPS', 'Cable de recharge type 2-type 2', 'Services eDrive (5 ans)', 'MINI Excitment Package', 'Ciel de pavillon anthracite', 'Projecteurs avant Full LED', 'Avantage client Finition Greenwich', 'MINI Driving Modes', 'Vitrage calorifuge', 'Connectivite avancee sans fil avec recharge par induction', 'Sieges Advanced pour conducteur et passager avant', 'Triangle de presignalisation et trousse de premiers secours', 'Autoradio MINI Visual Boost', '*Edition Greenwich MINI Electric', 'Services ConnectedDrive (3 ans) + MINI Connected', 'Instrumentation digitale avancee', 'Information Trafic en Temps Reel RTTI (3ans)', 'Fonctions ""Ma MINI a distance""', 'Clignotants blancs Individual', 'Tuner radio numerique DAB', 'Pack Safety', 'Acces Confort', 'Charge acceleree courant alternatif     (CA) triphase 11kW', 'Avertisseur sonore pour pietons', 'Inserts decoratifs Piano Black', 'Kit rangement', 'Sieges avant sport avec Sellerie tissu/similicuir ""Black Pearl"" Carbon Black', 'Midnight Black metallise', 'Pompe a chaleur', 'Charge rapide en courant continu (CC)', 'MINI Connected', 'Jantes 17"" Cosmos Spoke Black', 'Longueur : 3.85 m', 'Volume du coffre : 211 L']",17,69109563930,Garantie constructeur,Professionnel,, oui,, 32.6 kWh, 14 kWh/100km,,, , en cours,, oui, 350 V, 93.2 A,,7658.0,MINI MINI 3 3P,MINI
30 jours,"
    FIAT 500 C (3E GENERATION)
",29020.0,2022.0, 27/05/2022, non requis, 121 Km, Electrique, automatique, ROUGE,2.0,5.0, 12 mois, non,3.0, 3 CV, 95 ch,0.0, 0 g/kmA,, EURO4,"['Longueur : 3.63 m', 'Volume du coffre : 185 L']",24,69109657248,Garantie 12 mois ,Professionnel,, oui, 190 Km, 23.8 kWh,, A définir,, , en cours,, oui, 400 V,,,121.0,FIAT 500 C (3E GENERATION),FIAT
60 jours,"
    PORSCHE CAYENNE 3 COUPE
",146980.0,2022.0, 12/08/2022, non requis, 7 915 Km, Hybride essence électrique, automatique, gris foncé metal,5.0,4.0, 24 mois, oui,, 22 CV, 462 ch,1.0, 91 g/kmA, 4 l/100km, EURO6,"['Airbags latéraux', 'Aide au démarrage en côte', ""Assistance au freinage d'urgence"", 'Antipatinage', 'ESP', 'Capot à soulèvement pour choc piéton', '8 airbags', 'Essuie glace capteur de pluie', 'Airbags rideaux', 'Indicateur de sous-gonflage des pneus', 'Kit anticrevaison', 'Système détection de collision', 'ABS', 'Ampoules de phares LED', 'Phares à allumage automatique', 'Freins régénérateurs', 'Feux de croisement à LED', 'Feux arrières à LED', 'Rétroviseurs extérieurs réglage électrique', 'Rétroviseurs rabattables électriquement', 'Rétroviseurs extérieurs chauffants', 'Air conditionné auto', 'Volant multi-fonction', 'Système audio écran tactile, carte digitale', 'Toit vitré', 'Système de navigation info trafic', 'Siège avant électrique', '10 haut-parleurs', 'Système de navigation', 'Régulateur de vitesse', 'Réglage du volant en hauteur, en profondeur', 'Bluetooth', 'Volant alu & cuir', 'Régulateur de vitesse adaptatif', 'Taille écran navigation 12 pouces', 'Palettes au volant', 'Air conditionné 2 zones', 'Reconnaissance vocale', 'Ouverture du coffre à distance', 'Smart card / Smart key', 'Fermerture électrique du coffre', 'Aide au stationnement arrière', 'Bluetooth inclut musique en streaming', 'Limiteur de vitesse', 'Accoudoir central avant', 'Ordinateur de bord', 'Taille écran multi-fonctions 12.3 pouces', 'Alarme', 'Feux de route à LED', 'Pack SportDesign', 'Accès Confort', ""Carnet d'entretien"", 'Feux clignotants à LED', 'Sièges sport adaptatifs avec Pack Mémoire (18 réglages)', 'Longueur : 4.93 m', 'Volume du coffre : 500 L']",69,87102091499,Garantie 24 mois ,Professionnel,, oui, 36 Km, 17.9 kWh, 18 kWh/100km, cuir blanc, 340 kW,, en cours,,, 382 V,,,7915.0,PORSCHE CAYENNE 3 COUPE,PORSCHE
60 jours,"
    PORSCHE PANAMERA 2 SPORT TURISMO
",129780.0,2020.0, 10/11/2020, non requis, 37 843 Km, Hybride essence électrique, automatique, noir metal,5.0,5.0, 6 mois, oui,, 20 CV, 462 ch,1.0, 59 g/kmA,, EURO6,"['Airbags latéraux', 'Aide au démarrage en côte', ""Assistance au freinage d'urgence"", 'Antipatinage', 'ESP', 'Capot à soulèvement pour choc piéton', '8 airbags', 'Essuie glace capteur de pluie', 'Airbags rideaux', 'Indicateur de sous-gonflage des pneus', 'Kit anticrevaison', 'ABS', 'Ampoules de phares LED', 'Phares à allumage automatique', 'Freins régénérateurs', 'Feux arrières à LED', 'Rétroviseurs extérieurs réglage électrique', 'Rétroviseurs rabattables électriquement', 'Rétroviseurs extérieurs chauffants', 'Bluetooth inclut musique en streaming, connexion téléphone', 'Air conditionné auto', 'Volant multi-fonction', 'Système de navigation info trafic', 'Bouton démarrage', 'Siège avant électrique', '10 haut-parleurs', 'Système de navigation', 'Régulateur de vitesse', 'Réglage du volant en hauteur, en profondeur', 'Bluetooth', 'Pré-équipement téléphone', 'Réseau Wifi', 'Taille écran multi-fonctions 12 pouces', 'Accoudoir central arrière, avant', 'Connexion Internet', 'Taille écran navigation 12 pouces', 'Palettes au volant', 'Air conditionné 2 zones', 'Reconnaissance vocale', 'Ouverture du coffre à distance', 'Smart card / Smart key', 'Fermerture électrique du coffre', 'Système audio inclut DVD', 'Volant cuir', 'Système audio lecteur CD et MP3', 'Rétroviseur jour/nuit', 'Système audio écran tactile, carte digitale, CD', 'Ordinateur de bord', 'DVD/VCD', 'Alarme', 'Pack Mémoire Conducteur', 'Feux de route à LED', 'Pack SportDesign', ""carnet d'entretien"", 'Système de toit panoramique', 'Pack SportDesign peint en Noir (finition brillante)', 'Pack intérieur cuir', 'Accès confort', 'Sièges confort avant (électriques à 14 positions) avec Pack Mémoire', 'Longueur : 5.05 m', 'Volume du coffre : 425 L']",69,87102135233,Garantie 6 mois ,Professionnel,, oui, 51 Km, 14 kWh, 15 kWh/100km, cuir blanc, 340 kW,,,,,,,,37843.0,PORSCHE PANAMERA 2 SPORT TURISMO,PORSCHE
23 jours,"
    TOYOTA YARIS 4
",26040.0,2022.0, 25/12/2022, non requis, 2 567 Km, Hybride essence électrique, automatique, blanc,5.0,2.0, 24 mois, oui,1.0, 5 CV, 116 ch,1.0,,, EURO6,"['Airbags rideaux', 'airbags frontaux', 'ESP', 'Airbags latéraux', 'AFU', '3 ceintures ar. 3 points', 'feux automatiques', 'EBV', 'fixations ISOFIX', 'détecteur de pluie', 'alerte franchissement ligne', 'phares av. de jour à LED', 'airbag frontal', 'projecteurs antibrouillard', 'anti patinage', 'radar anti-collision', 'ABS', 'feux ar. à LED', 'Aide au démarrage en côte', 'rétroviseurs électriques et dégivrants', 'caméra de recul', 'Ordinateur de bord', 'vitres surteintées', 'climatisation automatique', 'Bluetooth', 'écran tactile', 'prise audio USB', 'accoudoir central', 'fermeture électrique', 'volant réglable en hauteur et profondeur', 'volant multifonctions', 'cache bagages', 'régulateur limiteur de vitesse', 'carte main libre', 'Régulateur de vitesse', 'vitres électriques', 'volant réglable', '5 places', 'siège conducteur réglable hauteur', 'anti démarrage', 'gonflage', ""Systeme avance de detection d'obstacles"", 'phares halogènes', 'filtre à pollen', 'compte tours', 'Services connectes', ""EQUIPEMENTS => Appel d'Assistance Localise"", 'radio numérique', 'Interface media', 'Écran multifonction', ""Systeme d'eclairage intelligent"", 'Reconnaissance panneaux de signalisation', 'Enjoliveurs', ""Appel d'Urgence Localise"", 'Detecteur de sous', 'démarrage sans clé', '4 Haut parleurs', 'Longueur : 3.94 m', 'Volume du coffre : 286 L']",95,69109701745,Garantie 24 mois ,Professionnel,, non,, 0.8 kWh,,,,, en cours,, oui, 178 V, 4.3 A,,2567.0,TOYOTA YARIS 4,TOYOTA
17 jours,"
    NISSAN LEAF 2
",37380.0,2022.0, 06/07/2022, non requis, 11 Km, Electrique, automatique, gris,5.0,5.0, 26 mois, oui,1.0, 6 CV, 122 ch,0.0, 0 g/kmA,, EURO6,"['airbags frontaux', 'kit téléphone main libre bluetooth', 'ESP', '6 airbags', '3 ceintures ar. 3 points', 'EBV', 'fixations ISOFIX', 'alerte franchissement ligne', 'phares av. de jour à LED', 'essuie-glaces automatiques', 'projecteurs antibrouillard', 'contrôle de pression des pneus', 'ABS', 'Aide au démarrage en côte', 'jantes alu', 'jantes alu 17""', 'frein de parking automatique', 'rétroviseurs électriques et dégivrants', 'aide parking av/ar', 'prises audio auxiliaires', 'système audio MP3', 'climatisation automatique', 'pack confort', 'Bluetooth', 'Volant chauffant', 'prise 12V', 'volant réglable en hauteur', 'régulateur limiteur de vitesse', 'carte main libre', 'vitres électriques', 'volant réglable', 'sièges chauffants', '5 places', 'siège conducteur réglable hauteur', 'rétroviseur int. jour/nuit auto', 'anti démarrage', 'Prévention de franchissement de ligne intelligent', 'Mode de conduite ECO', ""Combiné d'instrumentation avec écran HD TFT 7'' couleur"", ""Système d'alerte anticollision AR intelligent"", 'Câble de 6 m (recharge sur prise domestique 230V en 21h sur batterie 40 kWh ou 32h sur batterie 62 kWh)', 'Montant central de porte noir laqué', '6kW (pour recharge en 7h sur une wallbox de 32A)', 'USB (sans CD)', 'Système de détection de fatigue intelligent', 'Pack 100% Mobilité', ""Mode de conduite ''B''"", 'Régulateur de vitesse intelligent', 'Chargeur embarqué de 6', 'Feux de route intelligents', 'Système de climatisation avec pompe à chaleur', 'Rétroviseur intérieur à affichage numérique', 'Système audio BOSE Energy Efficient Series 7 HP', ""Extinction temporisé des phares ''Follow me home''"", 'essuie-glace arrière', 'Vitres latérales AR et vitre de hayon teintées', 'Poches aumonières au dos des sièges AV', 'Surveillance des angles morts incluant voyant lumineux sur rétroviseurs extérieurs', 'kit de réparation crevaison', ""Système ''Chassis Control'' (contrôle actif de trajectoire et de l'assiette)"", 'Nissan Connect Services', 'Technologie E-pedal', 'Sécurité enfants sur les portes AR', 'Trois appuis-tête aux places AR', 'Nissan AVM - Vision Intelligente à 360°', 'Fermeture et ouverture centralisée des portes à distance', 'Câble 32A de 6 m (recharge sur borne publique ou Wallbox 7 kW T2 en 7h30 sur 40 kWh ou 11h30 sur 62 kWh)', 'rideaux', 'DAB', 'Indicateur de température extérieure', 'Pare-soleil côté conducteur et passager avec miroir de courtoisie éclairé', 'Programmation de la recharge', 'RDS', 'Poignées de portes chromées', 'Eclairage de la trappe de recharge', 'AM/FM', 'détection des panneaux routiers', 'Système audio Bluetooth', 'Nissan Connect 8.0', 'Port CHAdeMO pour chargeur rapide 50 kW (recharge de 20% à 80% en 60 min sur 40 kWh ou 90 min sur 62 kWh)', 'ProPILOT : technologie de conduite assistée', 'Sellerie Cuir avec inserts en Suédine noir ou beige', ""Allumage automatique des feux de détresse en cas d'accident"", 'Ouverture de la trappe de recharge depuis la clé', 'Antenne aileron de requin', 'Contrôle de la température à distance', ""Freinage d'urgence intelligent (AEB) avec détection piéton"", ""Son d'alerte pour piétons désactivable"", 'Pack Look', 'clignotants LED', 'Longueur : 4.49 m', 'Volume du coffre : 420 L']",61,69109732453,Garantie 26 mois ,Professionnel,, oui, 385 Km, 62 kWh,,,, , en cours,, oui, 350 V,,,11.0,NISSAN LEAF 2,NISSAN
26 jours,"
    LAND ROVER DEFENDER 4
",136480.0,2022.0, 21/05/2022, non requis, 16 Km, Hybride essence électrique, automatique, noir metal,5.0,6.0, 36 mois, oui,, 19 CV, 404 ch,1.0, 78 g/kmA, 3.5 l/100km, EURO6,"['Airbags latéraux', 'Aide au démarrage en côte', 'Avertisseur de franchissement de ligne', ""Assistance au freinage d'urgence"", 'Antipatinage', 'ESP', 'Détection panneaux signalisation', '6 airbags', 'Contrôle de freinage en courbe', ""Capteur d'angle mort"", 'Essuie glace capteur de pluie', 'Airbags rideaux', 'Indicateur de sous-gonflage des pneus', 'Système détection de collision', 'ABS', 'Ampoules de phares LED', 'Antibrouillards avant', ""Caméra d'aide au stationnement à 360°"", 'Phares à allumage automatique', 'Freins régénérateurs', 'Feux de croisement à LED', 'Feux arrières à LED', 'Rétroviseurs extérieurs réglage électrique', 'Rétroviseurs rabattables électriquement', 'Rétroviseurs extérieurs chauffants', 'Pneus tout terrain', 'Pack Hiver', 'Feux de route actifs', 'Roue de secours', 'Taille écran navigation 12.3 pouces', 'Lecteur MP3', 'Bluetooth inclut musique en streaming, connexion téléphone', 'Air conditionné auto', 'Volant multi-fonction', 'Aide au stationnement arrière, avant', 'Toit vitré', 'Système de navigation info trafic', 'Bouton démarrage', 'Réglage du volant en hauteur, électrique, en profondeur', 'Système de navigation', 'Bluetooth', 'Taille écran multi-fonctions 10.2 pouces', 'Régulateur de vitesse adaptatif', 'Accoudoir central arrière, avant', 'Siège avant chauffant', 'Palettes au volant', 'Reconnaissance vocale', 'Ouverture du coffre à distance', 'Pack Confort', 'Smart card / Smart key', '11 haut-parleurs', 'Tapis de sol', 'Volant cuir', 'Air conditionné 3 zones', 'Rétroviseur jour/nuit', 'Siège avant ventilé, électrique', 'Pare-brise chauffant', 'Limiteur de vitesse', 'Système audio écran tactile', 'Ordinateur de bord', 'Alarme', ""Capteur de qualité d'air"", 'Câble de recharge mode 2 (prise domestique)', 'Pack Black', 'Pack Fumeurs', 'Feux de route à LED', 'Feux anti-brouillard avant à LED', 'Système audio Meridian Surround 700 W', 'Pavillon en tissu Morzine Ebony', 'Peinture métallisée Premium', 'Jantes 22"" Style 5098, 5 branches, Gloss Black', 'Toit couleur contrastée Noir', 'Pack tout terrain', 'Vitrage arrière fumé', 'Feux clignotants à LED', 'Ouverture de porte de garage à distance Homelink', 'Pack Famille Plus', 'Clé loisirs', 'Jantes 20"" Style 5094, 5 branches, Gloss Sparkle Silver', 'Longueur : 4.76 m', 'Volume du coffre : 857 L']",69,87102217205,Garantie 36 mois ,Professionnel,, oui,,,, cuir beige, 297 kW,, en cours, Importé,, 48 V,,,16.0,LAND ROVER DEFENDER 4,LAND
15 jours,"
    LEXUS NX
",53790.0,2022.0, 28/04/2022, non requis, 7 150 Km, Hybride essence électrique, automatique, Gris Mercure,5.0,5.0, 36 mois, non,, 8 CV, 197 ch,1.0,,, EURO6,"['Airbags rideaux', 'kit téléphone main libre bluetooth', 'ESP', 'AFU', 'airbag genoux anti sous-marinage', '3 ceintures ar. 3 points', 'airbags front. + lat.', 'feux automatiques', 'fixations ISOFIX', 'alerte franchissement ligne', 'phares av. de jour à LED', 'essuie-glaces automatiques', 'airbag frontal', 'anti patinage', 'contrôle de pression des pneus', 'EBD', 'phares adaptatifs', 'radar anti-collision', 'ABS', 'feux ar. à LED', 'Aide au démarrage en côte', 'rétroviseurs électriques', 'aide parking', 'toit ouvrant', 'toit panoramique', 'toit ouvrant électrique', 'jantes alu', 'becquet', 'lunette arrière dégivrante', 'rétroviseurs dégivrants', 'Rétroviseurs rabattables électriquement', 'caméra de recul', 'Système audio CD', 'Ordinateur de bord', 'prises audio auxiliaires', 'banquette rabattable', 'climatisation automatique multi zone', 'intérieur tout cuir', 'système audio MP3', 'Palettes au volant', 'vitres ar. surteintées', 'Accoudoir central arrière', 'fermeture électrique automatique', 'Régulateur de vitesse adaptatif', 'sièges réglables en hauteur', 'prise 12V', 'prise audio USB', 'Volant cuir', 'fermeture électrique', 'volant réglable en hauteur et profondeur', 'banquette 1/3 - 2/3', 'volant multifonctions', 'vitres teintées', 'carte main libre', 'Régulateur de vitesse', 'système DVD', 'vitres électriques', 'Accoudoir central avant', 'siège conducteur réglable hauteur', 'rétroviseur int. jour/nuit auto', 'GPS', 'système audio', 'Alarme', 'Ecran multifonction couleur', 'Porte-gobelets avant', ""Eclairage d'ambiance"", 'Boucliers AV et AR couleur caisse', 'Ouverture des vitres séquentielle', 'Colonne de direction électr. à mémoire', 'Siège conducteur chauffant', 'Commandes vocales', ""Système d'éclairage intelligent"", 'Poignées ton carrosserie', 'Porte-gobelets arrière', 'Répétiteurs de clignotant dans rétro ext', 'Vitrage calorifuge', 'Toit ouvrant rang 1 entrebaillant', 'Inserts de porte métal', '10 Haut parleurs', 'Ceintures avant ajustables en hauteur', 'Siège passager chauffant', 'Siège conducteur électrique', 'Commandes du système audio au volant', 'Calandre chromée', 'Démarrage sans clé', 'Banquette arrière 3 places', 'FAP', 'Rétroviseurs rabattables automatique', 'Eclairage au sol', 'Services connectés', 'Phares antibrouillard LED', 'Interface Media', 'Ecran LCD', 'Inserts de tableau de bord métal', ""Eclairage statique d'intersection"", 'Tablette arrière', 'Pommeau de levier vitesse en cuir', 'Compte tours', 'Filtre à Pollen', 'Sièges rang 2 inclinables', 'Appuis-tête avant actifs', 'Reconnaissance panneaux de signalisation', 'Témoin de bouclage des ceintures AV', 'Boite à gants fermée', 'Commande du comportement dynamique', 'Siège passager à réglages électriques', 'Gris Mercure', 'TMC', 'Longueur : 4.64 m', 'Volume du coffre : 555 L']",92,69109744029,Garantie 36 mois ,Professionnel, LEXUS PREFERENCE, non,, 1.6 kWh,,,,, en cours,, oui, 245 V, 6.5 A,,7150.0,LEXUS NX,LEXUS
24 jours,"
    TOYOTA COROLLA 12 TOURING SPORTS
",31060.0,2022.0, 12/06/2022, non requis, 10 291 Km, Hybride essence électrique, automatique, Gris Argent Bi-ton,5.0,5.0, 36 mois, non,, 5 CV, 122 ch,1.0,,, EURO6,"['Airbags rideaux', 'kit téléphone main libre bluetooth', 'ESP', 'AFU', 'airbag genoux anti sous-marinage', 'airbags front. + lat.', 'feux automatiques', 'fixations ISOFIX', 'alerte franchissement ligne', 'phares av. de jour à LED', 'essuie-glaces automatiques', 'airbag frontal', 'projecteurs antibrouillard', 'système de détection de somnolence', 'anti patinage', 'contrôle de pression des pneus', 'EBD', 'radar anti-collision', 'ABS', 'feux ar. à LED', 'Aide au démarrage en côte', 'rétroviseurs électriques', ""sorties d'échappement chromées"", 'jantes alu', 'rétroviseurs dégivrants', 'Rétroviseurs rabattables électriquement', 'caméra de recul', 'Ordinateur de bord', 'prises audio auxiliaires', 'banquette rabattable', 'climatisation automatique multi zone', 'système audio MP3', 'vitres ar. surteintées', 'Accoudoir central arrière', 'sièges sport', 'Régulateur de vitesse adaptatif', 'écran tactile', 'sièges réglables en hauteur', 'prise audio USB', 'GPS tactile', 'Volant cuir', 'fermeture électrique', 'volant réglable en hauteur et profondeur', 'banquette 1/3 - 2/3', 'volant multifonctions', 'régulateur limiteur de vitesse', 'carte main libre', 'vitres électriques', 'Accoudoir central avant', 'siège conducteur réglable hauteur', 'rétroviseur int. jour/nuit auto', 'système audio', 'Ecran multifonction couleur', ""Eclairage d'ambiance"", 'Ouverture des vitres séquentielle', ""Fonction appel d'urgence"", 'Commandes vocales', ""Système d'éclairage intelligent"", 'Poignées ton carrosserie', 'Syst. intelligent gestion des cylindres', 'Mi-cuir Noir inserts tissus spq rge/gris', 'Commandes du système audio au volant', 'Calandre chromée', '6 Haut parleurs', 'Démarrage sans clé', 'FAP', 'Rétroviseurs rabattables automatique', 'Services connectés', ""Appel d'Urgence Localisé"", 'Echappement à double sortie', 'Pommeau de levier vitesse en cuir', 'Filtre à Pollen', 'Reconnaissance panneaux de signalisation', 'Boite à gants fermée', 'Gris Argent Bi-ton', 'Longueur : 4.65 m', 'Volume du coffre : 598 L']",91,69109690272,Garantie 36 mois ,Professionnel, Toyota Occasion, non,, 0.7 kWh,,,,, en cours,, oui, 207 V, 3.6 A,,10291.0,TOYOTA COROLLA 12 TOURING SPORTS,TOYOTA
49 jours,"
    BMW I8 ROADSTER
",129740.0,2019.0, 29/01/2020, non requis, 20 267 Km, Hybride essence électrique, automatique, gris,2.0,2.0, 6 mois, non,3.0, 11 CV, 374 ch,1.0, 42 g/kmA,, EURO6,"['affichage tête haute', 'rétroviseurs rabattables', 'système audio Harman Kardon', 'climatisation automatique', 'Bluetooth', 'sièges électriques', 'sièges chauffants', 'Tapis de sol', 'GPS', 'Alarme', 'rétroviseurs jour/nuit automatique', 'BMW Display Key', 'pack éclairage', 'accès confort', ""JA 20'p. Jetblack réf 516"", 'Driving assistant', 'feux BMW Laser', 'téléphonie confort avec recharge induction', ""carnet d'entretien"", 'pack rangement', 'homelink', ""intérieur ''DryCarbon''"", 'Cockpit numérique', 'assistance au parking AV/AR', 'Longueur : 4.69 m', 'Volume du coffre : 88 L']",67,69109552434,Garantie 6 mois ,Professionnel,, oui, 55 Km, 9.4 kWh, 14 kWh/100km, marron,,,,, oui, 355 V, 34 A,,20267.0,BMW I8 ROADSTER,BMW
19 jours,"
    TOYOTA RAV 4 (4E GENERATION)
",22240.0,2017.0, 01/06/2017, requis, 89 752 Km, Hybride essence électrique, automatique, blanc metal,5.0,5.0, 6 mois, oui,2.0, 8 CV, 155 ch,1.0, 118 g/kmB, 4.9 l/100km, EURO6,"['Airbags latéraux', 'Aide au démarrage en côte', 'Avertisseur de franchissement de ligne', ""Assistance au freinage d'urgence"", 'Antipatinage', 'ESP', 'Détection panneaux signalisation', '7 airbags', 'Essuie glace capteur de pluie', 'Airbags rideaux', 'Indicateur de sous-gonflage des pneus', 'Système détection de collision', 'ABS', 'Ampoules de phares LED', 'Antibrouillards avant', 'Phares à allumage automatique', 'Freins régénérateurs', 'Attelage', 'Feux de croisement automatiques', 'Feux arrières à LED', 'Rétroviseurs extérieurs réglage électrique', 'Rétroviseurs rabattables électriquement', 'Rétroviseurs extérieurs chauffants', 'Roue de secours', 'Bluetooth inclut musique en streaming, connexion téléphone', 'Air conditionné auto', 'Volant multi-fonction', 'Bouton démarrage', 'Réglage du volant en hauteur, en profondeur', 'Bluetooth', 'Volant alu & cuir', 'Régulateur de vitesse adaptatif', 'Accoudoir central arrière, avant', 'Taille écran multi-fonctions 7 pouces', 'Siège avant chauffant', 'Air conditionné 2 zones', 'Ouverture du coffre à distance', 'Smart card / Smart key', 'Fermerture électrique du coffre', '6 haut-parleurs', 'Rétroviseur jour/nuit', 'Système audio écran tactile', 'Ordinateur de bord', 'Feux de route à LED', 'Longueur : 4.61 m', 'Volume du coffre : 516 L']",47,87102223443,Garantie 6 mois ,Professionnel,, non,,,, cuir/tissu noir, 145 kW,,,,, 245 V,,,89752.0,TOYOTA RAV 4 (4E GENERATION),TOYOTA
60 jours,"
    TOYOTA C-HR
",39020.0,2021.0, 01/02/2021, non requis, 13 765 Km, Hybride essence électrique, automatique, Bleu Nebula bi-ton,5.0,5.0, 36 mois, oui,, 7 CV, 184 ch,1.0, 92 g/kmA, 4 l/100km, EURO6,"['Airbags rideaux', ""avertisseur d'angle mort"", 'kit téléphone main libre bluetooth', 'ESP', 'AFU', 'airbag genoux anti sous-marinage', 'airbags front. + lat.', 'feux automatiques', 'fixations ISOFIX', 'alerte franchissement ligne', 'phares av. de jour à LED', 'essuie-glaces automatiques', 'airbag frontal', 'système de détection de somnolence', 'anti patinage', 'contrôle de pression des pneus', 'EBD', 'phares adaptatifs', 'radar anti-collision', 'ABS', 'feux ar. à LED', 'Aide au démarrage en côte', 'rétroviseurs électriques', 'aide parking', 'jantes alu', 'becquet', 'rétroviseurs dégivrants', 'Rétroviseurs rabattables électriquement', 'caméra de recul', 'Système audio CD', 'Ordinateur de bord', 'prises audio auxiliaires', 'banquette rabattable', 'climatisation automatique multi zone', 'système audio MP3', 'vitres ar. surteintées', 'sièges sport', 'Régulateur de vitesse adaptatif', 'écran tactile', 'sièges réglables en hauteur', 'prise audio USB', 'Volant cuir', 'Volant chauffant', 'fermeture électrique', 'volant réglable en hauteur et profondeur', 'volant multifonctions', 'régulateur limiteur de vitesse', 'carte main libre', 'vitres électriques', 'Accoudoir central avant', 'siège conducteur réglable hauteur', 'rétroviseur int. jour/nuit auto', 'GPS', 'système audio', 'Ecran multifonction couleur', 'Boucliers AV et AR couleur caisse', 'Ouverture des vitres séquentielle', 'Siège conducteur chauffant', 'Commandes vocales', '9 Haut parleurs', ""Système d'éclairage intelligent"", 'Poignées ton carrosserie', 'Répétiteurs de clignotant dans rétro ext', 'Siège passager chauffant', 'Siège cond. avec réglage lombaire électr', 'Siège conducteur électrique', ""Système avancé de détection d'obstacles"", 'Cuir/Alcantara Noir', 'Commandes du système audio au volant', 'Démarrage sans clé', 'Banquette arrière 3 places', 'FAP', 'Rétroviseurs rabattables automatique', 'Services connectés', 'Phares antibrouillard LED', 'Interface Media', 'système Start & Stop', 'Ceinture de vitrage chromée', ""Appel d'Urgence Localisé"", ""Système d'éclairage intelligent à LED"", 'Compte tours', 'Filtre à Pollen', 'Température extérieure', 'Reconnaissance panneaux de signalisation', 'Boite à gants fermée', 'Système de prévention des collisions AR', ""Poches d'aumonières"", 'Bleu Nebula bi-ton', 'TMC', 'Longueur : 4.39 m', 'Volume du coffre : 358 L']",94,69108228409,Garantie 36 mois ,Professionnel, Toyota Occasions Plus Hybride, non,,,,,,, en cours,, oui, 216 V, 6.5 A,,13765.0,TOYOTA C-HR,TOYOTA
5 jours,"
    PEUGEOT 3008 (2E GENERATION)
",64560.0,2021.0, 29/06/2021, non requis, 17 220 Km, Hybride essence électrique, automatique, blanc nacré,5.0,5.0, 12 mois, oui,, 11 CV, 300 ch,1.0, 29 g/kmA, 1.3 l/100km, EURO6,"['Airbags rideaux', ""avertisseur d'angle mort"", 'kit téléphone main libre bluetooth', 'ESP', 'AFU', 'airbags front. + lat.', 'feux automatiques', 'EBV', 'fixations ISOFIX', 'alerte franchissement ligne', 'phares av. de jour à LED', 'essuie-glaces automatiques', 'airbag frontal', 'anti patinage', 'contrôle de pression des pneus', 'radar anti-collision', 'ABS', 'feux ar. à LED', 'Aide au démarrage en côte', 'rétroviseurs électriques', 'aide parking', 'jantes alu', 'frein de parking automatique', 'rétroviseurs dégivrants', 'Rétroviseurs rabattables électriquement', 'caméra de recul', 'Système audio CD', 'banquette rabattable', 'climatisation automatique multi zone', 'système audio MP3', 'vitres ar. surteintées', 'Accoudoir central arrière', 'boite à gants réfrigérée', 'fermeture électrique automatique', 'Régulateur de vitesse adaptatif', 'écran tactile', 'sièges réglables en hauteur', 'prise 12V', 'prise audio USB', 'Volant cuir', 'fermeture électrique', 'volant réglable en hauteur et profondeur', 'banquette 1/3 - 2/3', 'volant multifonctions', 'régulateur limiteur de vitesse', 'carte main libre', 'Régulateur de vitesse', 'vitres électriques', 'Accoudoir central avant', 'direction assistée', 'siège conducteur réglable hauteur', 'rétroviseur int. jour/nuit auto', 'GPS', 'Chargeur embarqué 7,4kW', 'Siège passager avec dossier repliable', 'Ouverture des vitres séquentielle', 'Commandes vocales', ""Système d'éclairage intelligent"", 'Inserts de porte carbone', ""Appel d'Assistance Localisé"", 'Ceintures avant ajustables en hauteur', 'Blanc Nacré (N)', 'Pédalier sport', 'Chargeur embarqué 3,7kW', ""AVAS : système d'alerte sonore"", 'Commandes du système audio au volant', 'Condamnation sécurité enfants électrique', '6 Haut parleurs', 'Toit ouvrant pano. électrique avec velum', 'Démarrage sans clé', 'Miroir de courtoisie conducteur éclairé', 'Eclairage au sol', 'Miroir de courtoisie passager éclairé', 'Interface Media', 'Siège conducteur avec réglage lombaire', 'Plafonnier central AV et AR à LED', 'Ceinture de vitrage chromée', ""Appel d'Urgence Localisé"", 'Toit Black Diamond Noir Perla Nera', ""Peugeot i-Cockpit + écran tactile 10''HD"", 'Appuis-tête avant actifs', 'Reconnaissance panneaux de signalisation', 'Boite à gants fermée', 'Inserts de tableau de bord carbone', ""Poches d'aumonières"", 'Vitrage latéral feuilleté', 'Dispositif freinage automatique', 'Longueur : 4.45 m', 'Volume du coffre : 395 L']",27,69109794799,Garantie 12 mois ,Professionnel, Occasions du Lion PREMIUM, oui,, 13.2 kWh,,,,, en cours,, oui,,,,17220.0,PEUGEOT 3008 (2E GENERATION),PEUGEOT
16 jours,"
    RENAULT GRAND SCENIC 4
",19120.0,2018.0, 19/12/2018, non requis, 50 686 Km, Hybride diesel électrique, mécanique, gris,5.0,7.0, 12 mois, non,, 5 CV, 110 ch,2.0, 92 g/kmA, 3.5 l/100km, EURO6,"['Airbags rideaux', 'airbags frontaux', 'Airbags latéraux', 'fixations ISOFIX', 'alerte franchissement ligne', 'phares av. de jour à LED', 'projecteurs antibrouillard', 'Aide au démarrage en côte', 'aide parking', 'jantes alu', 'barres de toit', 'jantes alu 20""', 'frein de parking automatique', 'rétroviseurs électriques et dégivrants', 'vitres surteintées', 'Bluetooth', 'boite à gants réfrigérée', 'prise 12V', 'banquette 1/3 - 2/3', 'régulateur limiteur de vitesse', 'carte main libre', 'Régulateur de vitesse', 'vitres électriques', 'climatisation', 'GPS', 'Sellerie tissu carbone foncé embossée', ""Aide au freinage actif d'urgence avec détection piétons"", 'Android Auto & Apple CarPlay', ""radar arrière de détection d'obstacles"", 'Siège passager avec réglage en hauteur et mise en tablette', ""Radio multimédia avec écran capacitif 7''"", 'Console centrale coulissante easy life avec accoudoir', 'Harmonie Carbone foncé', 'Commutation automatique des feux de route-croisement', 'Longueur : 4.63 m', 'Volume du coffre : 189 L']",94,69109741579,Garantie 12 mois ,Professionnel,, non,,,,,,,,, oui,,,,50686.0,RENAULT GRAND SCENIC 4,RENAULT
42 jours,"
    MG MG ZS
",46230.0,2022.0, 28/08/2022, non requis, 1 063 Km, Electrique, automatique, Blanc,5.0,5.0,, non,, 5 CV,,0.0, 0 g/kmA,, EURO6,"['Airbags rideaux', ""avertisseur d'angle mort"", 'kit téléphone main libre bluetooth', 'ESP', 'AFU', 'airbags front. + lat.', 'feux automatiques', 'fixations ISOFIX', 'alerte franchissement ligne', 'phares av. de jour à LED', 'essuie-glaces automatiques', 'airbag frontal', 'anti patinage', 'contrôle de pression des pneus', 'EBD', 'radar anti-collision', 'ABS', 'feux ar. à LED', 'Aide au démarrage en côte', 'rétroviseurs électriques', 'aide parking', 'toit panoramique', 'toit ouvrant électrique', 'jantes alu', 'barres de toit', 'lunette arrière dégivrante', 'frein de parking automatique', 'rétroviseurs dégivrants', 'Rétroviseurs rabattables électriquement', 'caméra de recul', 'Système audio CD', 'Ordinateur de bord', 'banquette rabattable', 'Pare-brise chauffant', 'système audio MP3', 'climatisation automatique', 'Accoudoir central arrière', 'fermeture électrique automatique', 'Régulateur de vitesse adaptatif', 'écran tactile', 'prise 12V', 'prise audio USB', 'Volant cuir', 'fermeture électrique', 'volant réglable en hauteur et profondeur', 'banquette 1/3 - 2/3', 'volant multifonctions', 'cache bagages', 'vitres teintées', 'régulateur limiteur de vitesse', 'carte main libre', 'vitres électriques', 'Accoudoir central avant', 'siège conducteur réglable hauteur', 'GPS', 'système audio', 'alarme périmétrique', 'Ecran multifonction couleur', 'Lunette arrière', 'Porte-gobelets avant', 'Phares halogènes', ""Système d'assistance à la descente"", 'Boucliers AV et AR couleur caisse', 'Ouverture des vitres séquentielle', ""Fonction appel d'urgence"", 'Siège conducteur chauffant', 'Commandes vocales', 'Poignées ton carrosserie', 'Porte-gobelets arrière', 'Répétiteurs de clignotant dans rétro ext', 'Dover White', 'Ceintures avant ajustables en hauteur', 'Système de prévention des écarts', 'Siège passager chauffant', 'Siège conducteur électrique', 'Commandes du système audio au volant', '6 Haut parleurs', 'Appui-tête passager réglable en hauteur', 'Démarrage sans clé', 'Banquette arrière 3 places', 'Caméra vue panoramique 360°', 'Velum rang 2', 'Miroir de courtoisie passager', 'Similicuir Noir', 'Bacs de portes avant', 'Interface Media', 'Mode de conduite', 'système Start & Stop', 'Ceinture de vitrage chromée', ""Appel d'Urgence Localisé"", 'Commande Mode ECO', 'Filtre à Pollen', 'Appui-tête conducteur réglable hauteur', 'Température extérieure', 'Reconnaissance panneaux de signalisation', 'Essuie-glace arrière', 'Boite à gants fermée', 'Miroir de courtoisie conducteur', ""Poches d'aumonières"", 'Longueur : 4.32 m', 'Volume du coffre : 1166 L']",6,69109575897,,Professionnel,, oui, 440 Km, 70 kWh,,, 115 kW, ,,, oui,,,,1063.0,MG MG ZS,MG
60 jours,"
    PORSCHE PANAMERA 2 SPORT TURISMO
",155230.0,2020.0, 29/03/2020, non requis, 1 318 Km, Hybride essence électrique, automatique, blanc metal,5.0,5.0, 6 mois, oui,, 20 CV, 462 ch,1.0, 59 g/kmA,, EURO6,"['Airbags latéraux', 'Aide au démarrage en côte', ""Assistance au freinage d'urgence"", 'Antipatinage', 'ESP', 'Capot à soulèvement pour choc piéton', '8 airbags', 'Essuie glace capteur de pluie', 'Airbags rideaux', 'Indicateur de sous-gonflage des pneus', 'Kit anticrevaison', 'ABS', 'Ampoules de phares LED', 'Phares à allumage automatique', 'Freins régénérateurs', 'Feux arrières à LED', 'Rétroviseurs extérieurs réglage électrique', 'Rétroviseurs rabattables électriquement', 'Rétroviseurs extérieurs chauffants', 'Bluetooth inclut musique en streaming, connexion téléphone', 'Air conditionné auto', 'Volant multi-fonction', 'Système de navigation info trafic', 'Bouton démarrage', 'Siège avant électrique', '10 haut-parleurs', 'Système de navigation', 'Régulateur de vitesse', 'Réglage du volant en hauteur, en profondeur', 'Bluetooth', 'Pré-équipement téléphone', 'Réseau Wifi', 'Taille écran multi-fonctions 12 pouces', 'Régulateur de vitesse adaptatif', 'Accoudoir central arrière, avant', 'Connexion Internet', 'Taille écran navigation 12 pouces', 'Palettes au volant', 'Air conditionné 2 zones', 'Reconnaissance vocale', 'Ouverture du coffre à distance', 'Smart card / Smart key', 'Fermerture électrique du coffre', 'Système audio inclut DVD', 'Tapis de sol', 'Volant cuir', 'Système audio lecteur CD et MP3', 'Rétroviseur jour/nuit', 'Système audio écran tactile, carte digitale, CD', 'Ordinateur de bord', 'DVD/VCD', 'Alarme', 'Pack Mémoire Conducteur', 'Pack intérieur peint', 'Volant Sport multifonction avec palettes en Bois et chauffage du volant Betula Anthracite', 'Feux de route à LED', 'Pack rangement', 'Jantes Exclusive Design 21 pouces peintes en Noir Intense métallisé', 'Burmester® 3D High-End Surround Sound System', 'Pack SportDesign', 'Chargeur six CD/DVD', 'Câble secteur (prise industrielle) 230 V, 16 A, 3 broches', 'Rétroviseurs extérieurs peints', 'Fonction massage + ventilation AV', 'Alerte de franchissement de ligne avec détection de la signalisation routière', 'Vitrage athermique et insonorisant avec vitrage arrière teinté', 'Régulateur de vitesse adaptatif avec assistance embouteillage', ""Chargeur embarqué d'une puissance de 7,2 kW"", 'Phares matriciels à DEL avec Porsche Dynamic Light System Plus (PDLS Plus)', ""HomeLink® (mécanisme d'ouverture de porte de garage)"", 'Ciel de toit en Alcantara®', 'Assistance Parking avec Surround View', 'Intérieur tout Cuir, en Cuir Club', ""Sorties d'échappement Sport - Noir"", 'Airbags latéraux arrière', 'Fonction massage + ventilation AV&AR', 'Phares à DEL avec Porsche Dynamic Light System (PDLS)', ""carnet d'entretien"", 'Interface USB arrière', 'Vitrage Privacy (Vitrage arrière fumé)', 'Intérieur tout Cuir dans la teinte de\xa0série, Cuir lisse', ""Éclairage d'ambiance"", 'Portes Soft Close', 'Système de toit panoramique', 'Chauffage du volant', 'Écusson Porsche sur les appuie-tête1)', 'Porsche InnoDrive avec régulateur de vitesse adaptatif', 'Pack SportDesign peint en Noir (finition brillante)', 'Pack intérieur cuir', 'Câble véhicule: 7,5 m', ""Système d'échappement Sport noir finition brillante"", 'Fonction massage + ventilation', 'Feux arrière à LED avec bandeau lumineux teinté', 'Roues arrière directrices avec Servotronic Plus', 'Climatisation automatique 4 zones', 'Accès confort', 'Assistance à la vision nocturne', 'Sièges ventilés', 'Monogramme du modèle sur les accoudoirs de console centrale', ""Sorties d'air peintes"", 'Rétroviseurs extérieurs avec fonction anti-éblouissement automatique', 'Sièges confort avant (électriques à 14 positions) avec Pack Mémoire', 'Longueur : 5.05 m', 'Volume du coffre : 425 L']",69,87102054213,Garantie 6 mois ,Professionnel,, oui, 51 Km, 14 kWh, 15 kWh/100km, cuir marron, 340 kW,,,,,,,,1318.0,PORSCHE PANAMERA 2 SPORT TURISMO,PORSCHE
41 jours,"
    HYUNDAI KONA
",26430.0,2021.0, 06/10/2021, non requis, 26 305 Km, Electrique, automatique, GALACTIC GREY,5.0,5.0,, non,, 2 CV, 136 ch,0.0, 0 g/kmA,, EURO6,"['Airbags rideaux', 'kit téléphone main libre bluetooth', 'ESP', 'AFU', 'airbags front. + lat.', 'feux automatiques', 'fixations ISOFIX', 'alerte franchissement ligne', 'phares av. de jour à LED', 'airbag frontal', 'projecteurs antibrouillard', 'système de détection de somnolence', 'anti patinage', 'contrôle de pression des pneus', 'EBD', 'ABS', 'Aide au démarrage en côte', 'rétroviseurs électriques', 'aide parking', 'jantes alu', 'lunette arrière dégivrante', 'frein de parking automatique', 'rétroviseurs dégivrants', 'caméra de recul', 'Système audio CD', 'Ordinateur de bord', 'prises audio auxiliaires', 'banquette rabattable', 'Pare-brise chauffant', 'système audio MP3', 'climatisation automatique', 'fermeture électrique automatique', 'écran tactile', 'prise 12V', 'prise audio USB', 'Volant cuir', 'fermeture électrique', 'volant réglable en hauteur et profondeur', 'banquette 1/3 - 2/3', 'volant multifonctions', 'cache bagages', 'vitres teintées', 'régulateur limiteur de vitesse', 'carte main libre', 'Régulateur de vitesse', 'vitres électriques', 'Accoudoir central avant', 'siège conducteur réglable hauteur', 'rétroviseur int. jour/nuit auto', 'système audio', 'alarme périmétrique', 'Ecran multifonction couleur', 'Lunette arrière', 'Porte-gobelets avant', 'Phares halogènes', ""Système d'assistance à la descente"", 'Boucliers AV et AR couleur caisse', 'Ouverture des vitres séquentielle', 'Poignées ton carrosserie', 'Répétiteurs de clignotant dans rétro ext', 'Ceintures avant ajustables en hauteur', 'Système de prévention des écarts', 'Siège cond. avec réglage lombaire électr', 'Commandes du système audio au volant', '6 Haut parleurs', 'Appui-tête passager réglable en hauteur', 'Démarrage sans clé', 'Banquette arrière 3 places', 'Miroir de courtoisie conducteur éclairé', 'Bacs de portes avant', 'Miroir de courtoisie passager éclairé', 'Interface Media', 'système Start & Stop', ""Appel d'Urgence Localisé"", 'Pommeau de levier vitesse en cuir', 'Chauffage auxiliaire', 'Compte tours', 'Filtre à Pollen', 'Appui-tête conducteur réglable hauteur', 'Température extérieure', 'Essuie-glace arrière', 'Boite à gants fermée', 'Commande du comportement dynamique', ""Poches d'aumonières"", 'Longueur : 4.18 m', 'Volume du coffre : 361 L']",25,69109588319,Garantie constructeur,Professionnel,, oui, 289 Km, 39.2 kWh, 13 kWh/100km,,, , en cours,, oui, 327 V,,,26305.0,HYUNDAI KONA,HYUNDAI
60 jours,"
    HYUNDAI IONIQ
",30120.0,2021.0, 26/03/2021, non requis, 12 177 Km, Hybride essence électrique, automatique, blanc verni,5.0,5.0, 15 mois, oui,1.0, 5 CV, 105 ch,1.0, 79 g/kmA, 3.4 l/100km, EURO6,"['Airbags latéraux', 'Aide au démarrage en côte', 'Avertisseur de franchissement de ligne', ""Assistance au freinage d'urgence"", 'Antipatinage', 'ESP', 'Détection panneaux signalisation', '7 airbags', 'Essuie glace capteur de pluie', 'Airbags rideaux', 'Indicateur de sous-gonflage des pneus', 'Lave-phares', 'Système détection de collision', 'ABS', 'Ampoules de phares LED', 'Phares à allumage automatique', 'Freins régénérateurs', 'Feux de croisement automatiques', 'Feux arrières à LED', 'Rétroviseurs extérieurs réglage électrique', 'Rétroviseurs rabattables électriquement', 'Rétroviseurs extérieurs chauffants', 'Roue de secours', 'Bluetooth inclut musique en streaming, connexion téléphone', 'Air conditionné auto', 'Volant multi-fonction', 'Système de navigation info trafic', 'Bouton démarrage', 'Siège avant électrique', 'Système de navigation', 'Réglage du volant en hauteur, en profondeur', 'Bluetooth', 'Pré-équipement téléphone', 'Régulateur de vitesse adaptatif', 'Accoudoir central arrière, avant', 'Taille écran multi-fonctions 7 pouces', 'Palettes au volant', 'Air conditionné 2 zones', '8 haut-parleurs', 'Reconnaissance vocale', 'Ouverture du coffre à distance', 'Smart card / Smart key', 'Taille écran navigation 8 pouces', 'Volant cuir', 'Rétroviseur jour/nuit', 'Aide au stationnement arrière', 'Limiteur de vitesse', 'Système audio écran tactile', 'Ordinateur de bord', 'Alarme', 'Feux de route à LED', 'Longueur : 4.47 m', 'Volume du coffre : 456 L']",95,87102150715,Garantie 15 mois ,Professionnel,, non,, 1.6 kWh,, tissu noir, 104 kW,, en cours,,, 240 V,,,12177.0,HYUNDAI IONIQ,HYUNDAI
60 jours,"
    PORSCHE PANAMERA 2
",103820.0,2018.0, 03/04/2018, non requis, 62 630 Km, Hybride essence électrique, automatique, blanc metal,5.0,4.0, 6 mois, oui,, 20 CV, 462 ch,1.0, 56 g/kmA,, EURO6,"['Airbags latéraux', 'Aide au démarrage en côte', ""Assistance au freinage d'urgence"", 'Antipatinage', 'ESP', 'Capot à soulèvement pour choc piéton', '8 airbags', 'Essuie glace capteur de pluie', 'Airbags rideaux', 'Indicateur de sous-gonflage des pneus', 'Kit anticrevaison', 'ABS', 'Antibrouillards avant', 'Phares à allumage automatique', 'Freins régénérateurs', 'Ampoules de phares LED', 'Feux arrières à LED', 'Rétroviseurs extérieurs réglage électrique', 'Rétroviseurs rabattables électriquement', 'Rétroviseurs extérieurs chauffants', 'Bluetooth inclut musique en streaming, connexion téléphone', 'Air conditionné auto', 'Volant multi-fonction', 'Système de navigation info trafic', 'Bouton démarrage', 'Siège avant électrique', '10 haut-parleurs', 'Système de navigation', 'Régulateur de vitesse', 'Réglage du volant en hauteur, en profondeur', 'Bluetooth', 'Pré-équipement téléphone', 'Réseau Wifi', 'Taille écran multi-fonctions 12 pouces', 'Accoudoir central arrière, avant', 'Connexion Internet', 'Taille écran navigation 12 pouces', 'Palettes au volant', 'Air conditionné 2 zones', 'Reconnaissance vocale', 'Ouverture du coffre à distance', 'Smart card / Smart key', 'Fermerture électrique du coffre', 'Système audio inclut DVD', 'Volant cuir', 'Système audio lecteur CD et MP3', 'Rétroviseur jour/nuit', 'Système audio écran tactile, carte digitale, CD', 'Ordinateur de bord', 'DVD/VCD', 'Alarme', 'Feux de route à LED', ""Carnet d'entretien"", 'Longueur : 5.05 m', 'Volume du coffre : 405 L']",69,87102135255,Garantie 6 mois ,Professionnel,, oui, 51 Km, 14 kWh, 15 kWh/100km, cuir noir, 340 kW,,,,,,,,62630.0,PORSCHE PANAMERA 2,PORSCHE
60 jours,"
    BMW SERIE 5 G30
",47330.0,2018.0, 22/03/2018, non requis, 24 276 Km, Hybride essence électrique, automatique, CARBONSCHWARZ METAL,4.0,5.0, 24 mois, non,, 13 CV, 252 ch,1.0, 46 g/kmA,, EURO6,"['Pneus roulage à plat', 'affichage tête haute', 'projecteurs antibrouillard', 'toit ouvrant', 'pack M', 'Système audio CD', 'système audio Harman Kardon', 'Volant cuir', 'sièges chauffants', 'GPS', 'boulons antivol de roues', 'Shadow Line M brillant', ""Eclairage d'ambiance"", 'Accès Confort', 'Concièrgerie (3 ans)', 'Tableau de bord en Similicuir Sensatec', 'Suppression des elements de design exterieur', 'Feux de route anti-eblouissement', 'Pack Advanced Full LED', 'Freins M Sport', 'Information Trafic en Temps Reel RTTI (3ans)', 'Sièges Advanced pour conducteur et passager avant', 'Pack Advanced Safety', 'Services ConnectedDrive (Apps vehicule 3 ans)', 'Instrumentation ""Black Panel"" avancee', 'Drive Assist Pro', 'Pack Innovation', 'Inserts decoratifs M Aluminium Rhombicle', ""Cuir 'Dakota' Schwarz finition exclusive/passepoil contraste"", 'Park Assist Plus', 'Info Trafic TMC', 'Commande gestuelle BMW', 'Connectivité avancée sans fil avec recharge par induction', 'Protection Active des occupants', 'Hotspot WiFi', 'M Carbonschwarz metallise', 'Clé intelligente ""BMW Display Key""', 'Ciel de pavillon M anthracite', 'Longueur : 4.94 m', 'Volume du coffre : 530 L']",16,69108245388,Garantie 24 mois ,Professionnel, BMW Premium Sélection, oui, 50 Km,,,,, ,,, oui,,,,24276.0,BMW SERIE 5 G30,BMW
8 jours,"
    BMW SERIE 2 F45 ACTIVE TOURER
",28000.0,2018.0, 21/07/2018, non requis, 69 481 Km, Hybride essence électrique, automatique, NOIR,5.0,5.0, 6 mois, oui,, 5 CV, 224 ch,1.0, 46 g/kmA, 2 l/100km, EURO6,"['kit téléphone main libre bluetooth', 'feux et essuie-glaces automatiques', 'hayon électrique', 'jantes alu 17""', 'Rétroviseurs rabattables électriquement', 'aide parking av/ar', 'caméra de recul', 'Système audio CD', 'Ordinateur de bord', 'prises audio auxiliaires', 'climatisation automatique multi zone', 'pack chrome', 'sièges sport', 'volant sport', 'prise audio USB', 'Volant cuir', 'volant multifonctions', 'régulateur limiteur de vitesse', 'Accoudoir central avant', 'intérieur cuir', 'boite automatique', 'rétroviseur int. jour/nuit auto', 'GPS', 'Bluetooth audio', 'Rétroviseur extérieur conducteur électrochrome', '6 mois de garantie nationale', 'Projecteurs Full LED', 'Park assist', 'AVERTISSEUR DE PROXIMITE', 'Longueur : 4.34 m', 'Volume du coffre : 400 L']",59,69109783062,Garantie 6 mois ,Professionnel,, oui, 41 Km, 5.7 kWh, 11 kWh/100km, NOIR,, ,,, oui,,,,69481.0,BMW SERIE 2 F45 ACTIVE TOURER,BMW
30 jours,"
    BMW SERIE 2 F45 ACTIVE TOURER
",23200.0,2018.0, 18/12/2018, non requis, 61 904 Km, Hybride essence électrique, automatique, ANTHRACITE,5.0,5.0, 12 mois, oui,, 5 CV, 224 ch,1.0, 42 g/kmA, 1.9 l/100km, EURO6,"['feux automatiques', 'fixations ISOFIX', 'détecteur de pluie', 'projecteurs antibrouillard', 'contrôle de pression des pneus', 'Aide au démarrage en côte', 'peinture métallisée', 'hayon électrique', 'jantes alu 17""', 'rétroviseurs électriques et dégivrants', 'aide parking av/ar', 'Ordinateur de bord', 'banquette rabattable', 'climatisation automatique multi zone', 'vitres ar. surteintées', 'Bluetooth', 'prise 12V', 'prise audio USB', 'GPS tactile', 'Volant cuir', 'volant réglable en hauteur et profondeur', 'banquette 1/3 - 2/3', 'volant multifonctions', 'Régulateur de vitesse', 'vitres électriques', 'boite automatique', 'rétroviseur int. jour/nuit auto', 'feux à LED', 'BLUETOOTH AUDIO', 'DEMARRAGE SANS CLE', 'PHARES FULL LEDS', 'BMW CONNECTED DRIVE', 'VEHICULE D ORIGINE FRANCE', 'système Start & Stop', 'AVERTISSEUR ANTI-COLLISION', 'COMMANDES VOCALES', 'Longueur : 4.35 m', 'Volume du coffre : 400 L']",14,69109657946,Garantie 12 mois ,Professionnel,, oui, 41 Km, 7.6 kWh, 11 kWh/100km, NOIR,, ,,, oui,,,,61904.0,BMW SERIE 2 F45 ACTIVE TOURER,BMW
60 jours,"
    TOYOTA COROLLA 12
",27270.0,2021.0, 26/01/2022, non requis, 6 825 Km, Hybride essence électrique, automatique, Noir,5.0,5.0, 36 mois, non,, 4 CV, 122 ch,1.0,,, EURO6,"['Noir', 'Longueur : 4.37 m', 'Volume du coffre : 361 L']",75,69108971182,Garantie 36 mois ,Professionnel, Toyota Occasion, non,, 0.7 kWh,,,,, en cours,, oui, 207 V, 3.6 A,,6825.0,TOYOTA COROLLA 12,TOYOTA
60 jours,"
    BMW X3 G01
",69590.0,2021.0, 07/11/2021, non requis, 34 684 Km, Hybride essence électrique, automatique, Carbonschwarz,5.0,5.0, 24 mois, non,, 10 CV, 292 ch,1.0, 46 g/kmA, 2 l/100km, EURO6,"['affichage tête haute', 'projecteurs antibrouillard', 'pack M', 'rampes de pavillon alu', 'toit ouvrant panoramique', 'Rétroviseurs rabattables électriquement', 'Système audio CD', 'sièges électrique à mémoire', 'Volant cuir', 'sièges chauffants', 'rétroviseur int. jour/nuit auto', 'Alarme', 'Shadow Line M brillant', 'Repair Inclusive - 3 ans/200.000 km', ""Eclairage d'ambiance"", 'Drive Assist', 'Jantes alliage 19"" style 698 M', 'Vitrage calorifuge', 'Boite de vitesses automatique Sport avec palettes au volant', 'Accès Confort', 'Direction DirectDrive a demultiplication variable', 'Feux de route anti-éblouissement', 'Freins M Sport', 'Kit de mobilité', 'Sièges Advanced pour conducteur et passager avant', 'Tuner radio numerique DAB', 'Finition M Sport', 'Sellerie Cuir ""Vernasca"" Mocca avec surpiqures decoratives', 'Pack Connected Pro (dont Apple CarPlay et Google Android Auto)', 'BMW Live Cockpit Navigation Pro', 'Câble de recharge Mode 3 (T2-T2) pour la recharge publique', 'Kit rangement', 'Pack Innovation', 'Inserts decoratifs M Aluminium Rhombicle', 'Pack ConnectedDrive', 'Commande gestuelle BMW', 'Park Assist', 'Connectivité avancée sans fil avec recharge par induction', 'Attelage de remorque', 'Hotspot WiFi', 'M Carbonschwarz métallisé', 'Ciel de pavillon M anthracite', 'Appui lombaire ajustable', 'Longueur : 4.71 m', 'Volume du coffre : 550 L']",6,69109282455,Garantie 24 mois ,Professionnel, BMW Premium Sélection, oui, 49 Km, 12 kWh,,,,, en cours,, oui, 354 V, 34 A,,34684.0,BMW X3 G01,BMW
15 jours,"
    FIAT 500 (3E GENERATION)
",25860.0,2022.0, 13/01/2023, non requis, 12 Km, Electrique, automatique, Mineral Grey métal,3.0,4.0,, oui,, 3 CV, 118 ch,0.0, 0 g/kmA,, EURO6,"['Airbags rideaux', 'kit téléphone main libre bluetooth', 'ESP', 'AFU', 'airbags front. + lat.', 'feux automatiques', 'alerte franchissement ligne', 'phares av. de jour à LED', 'essuie-glaces automatiques', 'airbag frontal', 'système de détection de somnolence', 'anti patinage', 'contrôle de pression des pneus', 'EBD', 'ABS', 'feux ar. à LED', 'aide parking', 'toit panoramique', 'jantes alu', 'becquet', 'frein de parking automatique', 'Système audio CD', 'banquette rabattable', 'climatisation automatique', 'pack confort', 'écran tactile', 'prise audio USB', 'fermeture électrique', 'volant réglable en hauteur', 'volant multifonctions', 'régulateur limiteur de vitesse', 'carte main libre', 'Régulateur de vitesse', 'vitres électriques', 'GPS', 'Ecran multifonction couleur', 'Baguettes latérales chromées', 'Borne Wi-Fi', 'Phares halogènes', 'Boucliers AV et AR couleur caisse', 'Ouverture des vitres séquentielle', ""Fonction appel d'urgence"", 'Poignées ton carrosserie', ""Appel d'Assistance Localisé"", 'Câble de recharde Mode 3', 'Commandes du système audio au volant', '6 Haut parleurs', 'Démarrage sans clé', 'Banquette 2 places', 'Mineral Grey métal', 'Bacs de portes avant', 'Services connectés', 'Interface Media', ""Appel d'Urgence Localisé"", 'Commande Mode ECO', 'Appui-tête conducteur réglable hauteur', 'Ice White pastel', 'Reconnaissance panneaux de signalisation', 'Essuie-glace arrière', 'Boite à gants fermée', 'Longueur : 3.63 m', 'Volume du coffre : 185 L']",34,69109745084,Garantie constructeur,Professionnel,, oui, 322 Km, 42 kWh, 14 kWh/100km,,, , en cours,, oui, 364 V,,,12.0,FIAT 500 (3E GENERATION),FIAT
60 jours,"
    RENAULT ARKANA
",42770.0,2022.0, 31/05/2022, non requis, 1 230 Km, Hybride essence électrique, automatique, blanc nacre,5.0,5.0, 24 mois, oui,1.0, 5 CV, 145 ch,1.0, 113 g/kmB,, EURO6,"['Airbags latéraux', 'Aide au démarrage en côte', 'Avertisseur de franchissement de ligne', ""Assistance au freinage d'urgence"", 'Antipatinage', 'ESP', 'Détection panneaux signalisation', '6 airbags', ""Capteur d'angle mort"", 'Essuie glace capteur de pluie', 'Airbags rideaux', 'Indicateur de sous-gonflage des pneus', 'Kit anticrevaison', 'Système détection de collision', 'ABS', 'Ampoules de phares LED', 'Phares à allumage automatique', 'Freins régénérateurs', 'Feux de croisement à LED', 'Feux de croisement automatiques', 'Feux arrières à LED', 'Rétroviseurs extérieurs réglage électrique', 'Rétroviseurs rabattables électriquement', 'Rétroviseurs extérieurs chauffants', 'Air conditionné auto', 'Volant multi-fonction', 'Système de navigation info trafic', 'Bouton démarrage', 'Système de navigation', 'Réglage du volant en hauteur, en profondeur', 'Bluetooth', 'Pré-équipement téléphone', 'Volant alu & cuir', 'Réseau Wifi', 'Régulateur de vitesse adaptatif', 'Accoudoir central arrière, avant', 'Connexion Internet', 'Taille écran navigation 9.3 pouces', 'Ouverture du coffre à distance', 'Smart card / Smart key', 'Air conditionné 1 zones', '6 haut-parleurs', 'Rétroviseur jour/nuit', 'Bluetooth inclut musique en streaming', 'Limiteur de vitesse', 'Taille écran multi-fonctions 9.3 pouces', 'Système audio écran tactile', 'Ordinateur de bord', 'Toit Noir', 'Feux de route à LED', 'Roue de secours galette', 'Peinture Nacrée', 'Tableau de bord avec écran numérique et personnalisable 10,2', 'Feux clignotants à LED', 'Bose Sound System (avec EASY LINK 9,3"")', 'Longueur : 4.57 m', 'Volume du coffre : 480 L']",47,87102148511,Garantie 24 mois ,Professionnel,, non,, 1.2 kWh,, cuir/tissu noir, 107 kW,, en cours,,, 230 V,,,1230.0,RENAULT ARKANA,RENAULT
60 jours,"
    LEXUS UX
",40340.0,2022.0, 15/06/2022, non requis, 7 735 Km, Hybride essence électrique, automatique, Gris Mercure,5.0,5.0, 36 mois, non,, 8 CV, 184 ch,1.0,,, EURO6,"['Airbags rideaux', ""avertisseur d'angle mort"", 'kit téléphone main libre bluetooth', 'ESP', 'AFU', 'airbag genoux anti sous-marinage', '3 ceintures ar. 3 points', 'airbags front. + lat.', 'feux automatiques', 'fixations ISOFIX', 'alerte franchissement ligne', 'phares av. de jour à LED', 'essuie-glaces automatiques', 'airbag frontal', 'anti patinage', 'contrôle de pression des pneus', 'EBD', 'radar anti-collision', 'ABS', 'feux ar. à LED', 'Aide au démarrage en côte', 'rétroviseurs électriques', 'aide parking', 'jantes alu', 'becquet', 'rétroviseurs dégivrants', 'Rétroviseurs rabattables électriquement', 'caméra de recul', 'Système audio CD', 'Ordinateur de bord', 'prises audio auxiliaires', 'banquette rabattable', 'climatisation automatique multi zone', 'intérieur tout cuir', 'vitres ar. surteintées', 'Accoudoir central arrière', 'fermeture électrique automatique', 'Régulateur de vitesse adaptatif', 'écran tactile', 'sièges réglables en hauteur', 'prise 12V', 'prise audio USB', 'Volant cuir', 'fermeture électrique', 'volant réglable en hauteur et profondeur', 'banquette 1/3 - 2/3', 'volant multifonctions', 'carte main libre', 'vitres électriques', 'Accoudoir central avant', 'siège conducteur réglable hauteur', 'rétroviseur int. jour/nuit auto', 'système audio', 'Alarme', 'Ecran multifonction couleur', 'Lunette arrière', 'Ouverture des vitres séquentielle', 'Commandes vocales', ""Système d'éclairage intelligent"", 'Poignées ton carrosserie', 'Porte-gobelets arrière', 'Répétiteurs de clignotant dans rétro ext', 'Vitrage calorifuge', 'Commandes du système audio au volant', 'Calandre chromée', 'Bacs de portes arrière', '6 Haut parleurs', 'Démarrage sans clé', 'Eclairage au sol', 'Bacs de portes avant', 'Services connectés', 'Phares antibrouillard LED', 'Interface Media', 'système Start & Stop', ""Appel d'Urgence Localisé"", 'Pommeau de levier vitesse en cuir', 'Filtre à Pollen', 'Reconnaissance panneaux de signalisation', 'Témoin de bouclage des ceintures AV', 'Boite à gants fermée', 'Commande du comportement dynamique', 'Système de prévention des collisions AR', 'Gris Mercure', 'TMC', 'Longueur : 4.50 m', 'Volume du coffre : 310 L']",92,69109108263,Garantie 36 mois ,Professionnel, LEXUS PREFERENCE, non,, 1.4 kWh,,,,, en cours,, oui, 216 V, 6.5 A,,7735.0,LEXUS UX,LEXUS
2 jours,"
    PEUGEOT 3008 (2E GENERATION)
",48960.0,2022.0, 06/05/2022, non requis, 12 Km, Hybride essence électrique, automatique, GRIS PLATINIUM,5.0,5.0,, non,, 10 CV, 225 ch,1.0, 31 g/kmA, 1.4 l/100km, EURO6,"[""avertisseur d'angle mort"", 'kit téléphone main libre bluetooth', 'feux automatiques', 'phares av. de jour à LED', 'essuie-glaces automatiques', 'feux ar. à LED', 'Aide au démarrage en côte', 'rétroviseurs électriques', 'aide parking', 'jantes alu', 'frein de parking automatique', 'rétroviseurs dégivrants', 'Rétroviseurs rabattables électriquement', 'caméra de recul', 'climatisation automatique multi zone', 'système audio MP3', 'vitres ar. surteintées', 'Accoudoir central arrière', 'écran tactile', 'sièges réglables en hauteur', 'Volant cuir', 'banquette 1/3 - 2/3', 'volant multifonctions', 'régulateur limiteur de vitesse', 'carte main libre', 'Régulateur de vitesse', 'Accoudoir central avant', 'siège conducteur réglable hauteur', 'rétroviseur int. jour/nuit auto', 'GPS', 'Démarrage sans clé', 'Interface Media', ""TEP & Tissu 'Colyn' Mistral"", ""Peugeot i-Cockpit + écran tactile 10''HD"", 'Longueur : 4.45 m', 'Volume du coffre : 395 L']",82,69109812818,Garantie constructeur,Professionnel,, oui, 55 Km, 13.2 kWh,, MISTRAL,,, en cours,, oui, 300 V, 44 A,,12.0,PEUGEOT 3008 (2E GENERATION),PEUGEOT
33 jours,"
    HONDA JAZZ 4
",22790.0,2022.0, 17/01/2023, non requis, 11 Km, Hybride essence électrique, automatique, Noir Cristal,5.0,5.0,, non,, 5 CV, 109 ch,1.0,,, EURO6,"['Airbags rideaux', 'kit téléphone main libre bluetooth', 'ESP', 'AFU', 'airbags front. + lat.', 'feux automatiques', 'EBV', 'fixations ISOFIX', 'alerte franchissement ligne', 'phares av. de jour à LED', 'essuie-glaces automatiques', 'airbag frontal', 'contrôle de pression des pneus', 'radar anti-collision', 'ABS', 'Aide au démarrage en côte', 'rétroviseurs électriques', 'aide parking', 'jantes alu', 'rétroviseurs dégivrants', 'Rétroviseurs rabattables électriquement', 'Système audio CD', 'Ordinateur de bord', 'banquette rabattable', 'Palettes au volant', 'écran tactile', 'prise 12V', 'prise audio USB', 'fermeture électrique', 'volant réglable en hauteur et profondeur', 'banquette 1/3 - 2/3', 'cache bagages', 'régulateur limiteur de vitesse', 'Régulateur de vitesse', 'vitres électriques', 'climatisation', 'siège conducteur réglable hauteur', 'GPS', 'système audio', 'Ecran multifonction couleur', 'Phares halogènes', 'Ouverture des vitres séquentielle', 'Siège conducteur chauffant', ""Système d'éclairage intelligent"", 'Poignées ton carrosserie', ""Lampes de lecture à l'avant"", 'Siège passager chauffant', 'Noir Cristal', ""Feux de freinage d'urgence"", 'Commandes du système audio au volant', 'Bacs de portes arrière', 'Miroir de courtoisie conducteur éclairé', 'Bacs de portes avant', 'Miroir de courtoisie passager éclairé', 'Services connectés', 'système Start & Stop', 'Compte tours', 'Sièges rang 2 inclinables', 'Appuis-tête avant actifs', 'Reconnaissance panneaux de signalisation', 'Essuie-glace arrière', 'Navigateur Internet', ""Poches d'aumonières"", '4 Haut parleurs', 'Longueur : 4.04 m', 'Volume du coffre : 304 L']",6,69109635434,Garantie constructeur,Professionnel,, non,, 0.7 kWh,,,,, en cours,, oui,,,,11.0,HONDA JAZZ 4,HONDA
60 jours,"
    SUBARU FORESTER 5
",43970.0,2022.0, 05/02/2022, non requis, 11 Km, Hybride essence électrique, automatique, ICE SILVER,5.0,5.0,, oui,, 10 CV, 150 ch,1.0,,, EURO6,"['Airbags rideaux', ""avertisseur d'angle mort"", 'kit téléphone main libre bluetooth', 'ESP', 'AFU', 'airbag genoux anti sous-marinage', '3 ceintures ar. 3 points', 'airbags front. + lat.', 'feux automatiques', 'fixations ISOFIX', 'alerte franchissement ligne', 'phares av. de jour à LED', 'essuie-glaces automatiques', 'airbag frontal', 'système de détection de somnolence', 'anti patinage', 'contrôle de pression des pneus', 'EBD', 'Lave-phares', 'radar anti-collision', 'ABS', 'feux ar. à LED', 'Aide au démarrage en côte', 'rétroviseurs électriques', 'Phares directionnels', ""sorties d'échappement chromées"", 'jantes alu', 'barres de toit', 'lunette arrière dégivrante', 'rétroviseurs dégivrants', 'Rétroviseurs rabattables électriquement', 'caméra de recul', 'Système audio CD', 'Ordinateur de bord', 'prises audio auxiliaires', 'banquette rabattable', 'climatisation automatique multi zone', 'système audio MP3', 'Palettes au volant', 'vitres ar. surteintées', 'Accoudoir central arrière', 'Régulateur de vitesse adaptatif', 'sièges réglables en hauteur', 'prise 12V', 'prise audio USB', 'Volant cuir', 'fermeture électrique', 'volant réglable en hauteur et profondeur', 'banquette 1/3 - 2/3', 'volant multifonctions', 'cache bagages', 'régulateur limiteur de vitesse', 'carte main libre', 'Régulateur de vitesse', 'vitres électriques', 'GPS', 'système audio', 'Ecran multifonction couleur', 'Buses de lave-glace chauffantes', 'Porte-gobelets avant', ""Système d'assistance à la descente"", ""Eclairage d'ambiance"", 'Boucliers AV et AR couleur caisse', 'Ouverture des vitres séquentielle', 'Siège conducteur chauffant', 'Commandes vocales', ""Système d'éclairage intelligent"", 'Porte-gobelets arrière', 'Répétiteurs de clignotant dans rétro ext', 'Vitrage calorifuge', 'Ceintures avant ajustables en hauteur', ""Lampes de lecture à l'avant"", 'Pédalier sport', 'Siège passager avec réglage lombaire', ""Correcteur d'assiette"", 'Siège passager chauffant', 'Siège cond. avec réglage lombaire électr', 'Siège conducteur électrique', ""Système avancé de détection d'obstacles"", 'Pare-brise thermique', 'Commandes du système audio au volant', 'Bacs de portes arrière', 'Lunette arrière teintée', '6 Haut parleurs', 'Appui-tête passager réglable en hauteur', 'Démarrage sans clé', 'Miroir de courtoisie conducteur éclairé', 'Rétroviseurs extérieurs à mémoire', 'Ice Silver Metallic', 'Bacs de portes avant', 'Miroir de courtoisie passager éclairé', 'Services connectés', 'Phares antibrouillard LED', 'Interface Media', 'système Start & Stop', ""Appel d'Urgence Localisé"", 'Caméra latérale avant droite', 'Pommeau de levier vitesse en cuir', 'Compte tours', 'Filtre à Pollen', 'Appui-tête conducteur réglable hauteur', 'Essuie-glace arrière', 'Témoin de bouclage des ceintures AV', 'Pont à vecteur de couple', 'Commande du comportement dynamique', 'Siège passager à réglages électriques', 'Siège conducteur à mémoire', ""Poches d'aumonières"", 'Longueur : 4.61 m', 'Volume du coffre : 505 L']",25,69109145064,Garantie constructeur,Professionnel,, non,, 13.5 kWh,,,,, en cours,, oui, 118 V, 4.8 A,,11.0,SUBARU FORESTER 5,SUBARU
60 jours,"
    PEUGEOT 3008 (2E GENERATION)
",49310.0,2021.0, 19/02/2021, non requis, 15 939 Km, Hybride essence électrique, automatique, BLEU MAGNETIC,5.0,5.0, 12 mois, oui,, 9 CV, 300 ch,1.0, 33 g/kmA,, EURO6,"['Airbags rideaux', 'affichage tête haute', 'kit téléphone main libre bluetooth', 'ESP', 'AFU', '3 ceintures ar. 3 points', 'airbags front. + lat.', 'feux automatiques', 'EBV', 'fixations ISOFIX', 'essuie-glaces automatiques', 'airbag frontal', 'contrôle de pression des pneus', 'ABS', 'Aide au démarrage en côte', 'rétroviseurs électriques', 'aide parking', ""sorties d'échappement chromées"", 'jantes alu', 'rétroviseurs dégivrants', 'vitres surteintées', 'climatisation automatique multi zone', 'système audio MP3', 'Accoudoir central arrière', 'fermeture électrique automatique', 'écran tactile', 'sièges réglables en hauteur', 'prise 12V', 'prise audio USB', 'Volant cuir', 'fermeture électrique', 'volant réglable en hauteur et profondeur', 'banquette 1/3 - 2/3', 'volant multifonctions', 'régulateur limiteur de vitesse', 'carte main libre', 'Régulateur de vitesse', 'vitres électriques', 'Accoudoir central avant', 'sièges chauffants', 'siège conducteur réglable hauteur', 'rétroviseur int. jour/nuit auto', 'système audio', 'Ecran multifonction couleur', ""Pack Eclairage d'ambiance"", 'Ecran couleur', 'Système Hi-Fi Premium FOCAL', 'Chargeur embarqué 7,4kW', 'Sabot de pare-choc avant gris métallisé', 'Porte-gobelets avant', ""Eclairage d'ambiance"", 'Siège passager avec dossier repliable', 'Ouverture des vitres séquentielle', 'Pack Drive Assist', 'Recharge port. sans fil+prise 220 Volts', 'Inserts de porte carbone', 'Toggle Switches chromés', 'Inserts de porte métal', 'JA 19"" Washington', 'Pack Drive Assist Plus', 'Ceintures avant ajustables en hauteur', 'Pédalier sport', 'Chargeur embarqué 3,7kW', 'Hayon mains libres', 'Inserts de tableau de bord cuir', 'Barres de toit longit. en aluminium', 'Commandes du système audio au volant', 'Projecteurs Peugeot Full LED Technology', '6 Haut parleurs', 'Toit ouvrant pano. électrique avec velum', 'Appui-tête passager réglable en hauteur', 'Miroir de courtoisie conducteur éclairé', ""carnet d'entretien"", 'Bacs de portes avant', 'Miroir de courtoisie passager éclairé', 'système Start & Stop', 'Siège conducteur avec réglage lombaire', 'Plafonnier central AV et AR à LED', 'Ceinture de vitrage chromée', 'Toit Black Diamond Noir Perla Nera', 'Appuis-tête avant actifs', 'Appui-tête conducteur réglable hauteur', 'Reconnaissance panneaux de signalisation', 'Essuie-glace arrière', 'Boite à gants fermée', 'Pack City 1', 'Inserts de tableau de bord carbone', ""Poches d'aumonières"", 'Vitrage latéral feuilleté', 'Volume du coffre : 520 L']",17,69109493358,Garantie 12 mois ,Professionnel, Occasions du Lion PREMIUM, oui, 65 Km, 13.2 kWh,,,, , en cours,, oui,,,,15939.0,PEUGEOT 3008 (2E GENERATION),PEUGEOT
15 jours,"
    BMW I3
",28320.0,2019.0, 19/07/2019, non requis, 29 153 Km, Electrique, automatique, Fluid Black,5.0,4.0, 24 mois, non,, 3 CV, 170 ch,0.0, 0 g/kmA,, EURO6,"['feux et essuie-glaces automatiques', 'Rétroviseurs rabattables électriquement', 'climatisation automatique', 'volant multifonctions', 'Régulateur de vitesse', 'Accoudoir central avant', 'Navigation multimedia Business', 'BMW i3 +CONNECTED', 'Porte-boissons', ""Appel d'Urgence Intelligent"", 'Kit rangement', 'Charge rapide en courant continu (CC)', 'Information Trafic en Temps Réel RTTI (3ans)', 'Charge accélérée courant alternatif (AC) triphasé 11 kW', 'Fluid Black avec liseres ""BMW i Blue""', 'Longueur : 4.01 m', 'Volume du coffre : 260 L']",31,69109742999,Garantie 24 mois ,Professionnel, BMW Premium Sélection, oui, 300 Km, 33 kWh, 13 kWh/100km,,, ,,, oui, 353 V, 94 A,,29153.0,BMW I3,BMW
21 jours,"
    TOYOTA AURIS 2
",17620.0,2017.0, 21/01/2018, non requis, 122 573 Km, Hybride essence électrique, automatique, bleu,5.0,5.0, 12 mois, oui,1.0, 5 CV, 99 ch,1.0, 91 g/kmA, 3.9 l/100km, EURO6,"['airbags frontaux', 'ESP', 'fixations ISOFIX', 'détecteur de pluie', 'phares av. de jour à LED', 'projecteurs antibrouillard', 'ABS', 'aide parking', 'peinture métallisée', 'rétroviseurs dégivrants', 'rétroviseurs électriques et dégivrants', 'caméra de recul', 'Système audio CD', 'Ordinateur de bord', 'vitres ar. surteintées', 'climatisation automatique', 'Bluetooth', 'prise audio USB', 'volant multifonctions', 'Régulateur de vitesse', 'vitres électriques', 'Accoudoir central avant', 'GPS', 'Équipement main libre', 'Airbag passager latéral', ""Système d'assistance de départ en pente"", 'Système anti-collision', 'Syst. de reconnaissance de panneaux de signal.', 'Activation automatique des feux de croisement', 'système Start & Stop', 'Feux arrières LED', 'Longueur : 4.33 m', 'Volume du coffre : 360 L']",69,69109707395,Garantie 12 mois ,Professionnel,, non, 2 Km, 1.3 kWh,,,,,,, oui, 202 V,,,122573.0,TOYOTA AURIS 2,TOYOTA
58 jours,"
    VOLKSWAGEN GOLF 7
",27140.0,2018.0, 14/02/2018, non requis, 74 120 Km, Hybride essence électrique, automatique, blanc,5.0,5.0, 6 mois, oui,, 6 CV, 204 ch,1.0, 36 g/kmA,, EURO6,"['Airbags rideaux', 'airbags frontaux', 'kit téléphone main libre bluetooth', 'ESP', 'Airbags latéraux', 'AFU', 'airbag genoux anti sous-marinage', '3 ceintures ar. 3 points', 'fixations ISOFIX', 'phares av. de jour à LED', 'anti patinage', 'contrôle de pression des pneus', 'ASR', 'ABS', 'pack visibilité', 'pack hiver', 'jantes alu', 'peinture intégrale', 'frein de parking automatique', 'blocage de différentiel', 'rétroviseurs électriques et dégivrants', 'aide parking av/ar', 'caméra de recul', 'Ordinateur de bord', 'vitres surteintées', 'Palettes au volant', 'climatisation automatique', 'Bluetooth', 'boite à gants réfrigérée', 'écran tactile', 'prise audio USB', 'accoudoir central', 'fermeture électrique', 'volant réglable en hauteur et profondeur', 'trappe à skis', 'cache bagages', 'carte main libre', 'Régulateur de vitesse', 'vitres électriques', 'volant réglable', 'direction assistée', '5 places', 'GPS', 'ciel de pavillon noir', 'anti démarrage', 'Sélection du profil de conduite', 'console de pavillon', 'Surpiqûres bleues sur le cuir du volant et sur le soufflet du levier de vitesse', ""Service ''Car-Net Security and Service''"", 'Projecteurs LED à liseré bleu et feux de jours LED à signature en C', 'Badge GTE sur les ailes AV', ""Front Assist avec detecteur de piétons système de freinage automatique en cas de détection d'obstacle"", ""Double sortie d'échappement chromée à gauche"", ""Porte-boissons (2) à l'AV avec volet et porte-boissons (2) à l'AR escamotables"", 'Miroir de courtoisie éclairé sur les pare-soleil', ""Système Front Assist : système de freinage automatique en cas de détection d'obstacle"", 'Seuils de porte AV éclairés', 'Logo VW sur fond bleu AV et AR', 'Aumônières au dos des sièges conducteur et passager AV', ""Eclairage d'ambiance bleu dans les portières AV"", ""Appel d'urgence"", 'type 2/type 2)', 'Pédales et repose-pied en acier inoxydable brossé', 'Catadioptre dans la partie inférieure des portières', 'appuis-tête arrière', 'Sieges arrières rabattable', 'essuie-glace arrière', 'Avertisseur sonore 2 tons et témoin de non bouclage des ceintures de sécurité (conducteur et passager AV)', 'incluant fonction mémoire pour le rétroviseur extérieur droit', 'Câble de recharge pour prise de courant domestique (2', 'Antenne AR de toit intégrée', 'Vitres athermiques teintées vertes', 'Rétroviseur extérieur côté passager avec mémoire', 'Filtre anti pollen à charbon actif', 'Boutons de lève-glace et de réglage de rétroviseurs avec filet chromé', 'dimension des jantes : 16 pouces', 'Tapis de sol AV et AR', 'Feux AR sombres à LED avec clignotants défilants', 'Rétroviseurs extérieurs rabattables et réglables électriquement avec fonction mémoire et dégivrage séparé', ""carnet d'entretien"", ""Disques de frein 16'' à l'AV et 15'' à l'AR"", 'Spots de lecture AV', ""Active Info Display : combiné d'instruments entièrement digital haute résolution couleur"", 'système Start & Stop', 'Câble de recharge pour borne domestique Wallbox ou borne publique compatible (3', 'Fatigue Détection : système de détection de fatigue du conducteur', '3 kW) (mode 2', ""Applications décoratives ''Piano noir laqué'' pour tableau de bord du côté conducteur ainsi que pour console centrale"", 'Cerclage chromé des instruments de bord et des aérateurs', 'Spots de lecture AR', ""Boutons d'allumage des phares avec filet chromé"", 'Peinture unie Blanc Pur', 'Eclairage à LED de la plaque', 'Tiroir de rangement sous les sièges AV', ""2 spots de lecture à LED à l'AV"", ""Sièges AV Sport avec Sellerie tissu ''Clark'' GTE"", 'Générateur de son', 'Liseré bleu dans la calandre et les phares.', 'Pare-chocs AV et AR spécifiques GTE', ""Kit de dépannage : compresseur 12 V et produit d'étanchéité de pneu"", 'Longueur : 4.28 m', 'Volume du coffre : 272 L']",25,69109508408,Garantie 6 mois ,Professionnel,, oui, 50 Km, 8.7 kWh, 11 kWh/100km,,, ,,, oui, 352 V,,,74120.0,VOLKSWAGEN GOLF 7,VOLKSWAGEN
31 jours,"
    LAND ROVER RANGE ROVER SPORT 2
",113190.0,2022.0, 20/04/2022, non requis, 11 154 Km, Hybride essence électrique, automatique, gris anthracite metal,5.0,5.0, 24 mois, non,2.0, 19 CV, 301 ch,1.0, 83 g/kmA, 3.7 l/100km, EURO6,"['Airbags latéraux', 'Aide au démarrage en côte', 'Avertisseur de franchissement de ligne', ""Assistance au freinage d'urgence"", 'Antipatinage', 'ESP', '6 airbags', 'Contrôle de freinage en courbe', 'Essuie glace capteur de pluie', 'Airbags rideaux', 'Indicateur de sous-gonflage des pneus', 'Kit anticrevaison', 'Lave-phares', 'Système détection de collision', 'ABS', 'Ampoules de phares LED', 'Antibrouillards avant', 'Phares à allumage automatique', 'Freins régénérateurs', 'Toit ouvrant panoramique', 'Feux de croisement à LED', 'Feux arrières à LED', 'Rétroviseurs extérieurs indexés marche arrière', 'Rétroviseurs extérieurs réglage électrique', 'Rétroviseurs rabattables électriquement', 'Rétroviseurs extérieurs chauffants', 'Différentiel à glissement limité avant', 'Feux de route actifs', 'Bluetooth inclut musique en streaming, connexion téléphone', 'Air conditionné auto', 'Volant multi-fonction', 'Toit vitré', 'Système de navigation info trafic', 'Bouton démarrage', 'Réglage du volant en hauteur, électrique, en profondeur', 'Siège avant électrique', 'Système de navigation', 'Régulateur de vitesse', 'Bluetooth', 'Volant alu & cuir', 'Réseau Wifi', 'Accoudoir central arrière, avant', 'Siège avant chauffant', 'Palettes au volant', 'Air conditionné 2 zones', 'Reconnaissance vocale', 'Ouverture du coffre à distance', 'Taille écran navigation 10 pouces', 'Smart card / Smart key', '19 haut-parleurs', 'Fermerture électrique du coffre', 'Tapis de sol', 'Rétroviseur jour/nuit', 'Aide au stationnement arrière', 'Pare-brise chauffant', 'Limiteur de vitesse', 'Système audio écran tactile', 'Ordinateur de bord', 'Taille écran multi-fonctions 12.3 pouces', 'Vitres latérales feuilletées', 'Alarme', 'Toit couleur contrastée - Narvik Black', 'Feux de route à LED', 'Pack Drive Pro (Grands Axes 2)', 'Secure Tracker pendant 2 ans supplémentaires', 'Peinture métallisée Premium', 'Feux clignotants à LED', 'Longueur : 4.88 m', 'Volume du coffre : 489 L']",60,87102212211,Garantie 24 mois ,Professionnel, JAGUAR APPROVED, oui,, 13.1 kWh,, cuir noir, 297 kW,, en cours,,, 389 V, 33.7 A,,11154.0,LAND ROVER RANGE ROVER SPORT 2,LAND
60 jours,"
    RENAULT CAPTUR 2
",28400.0,2021.0, 17/05/2021, non requis, 14 Km, Hybride essence électrique, automatique, Noir Etoile,5.0,5.0, 12 mois, oui,, 5 CV, 160 ch,1.0, 34 g/kmA, 1.5 l/100km, EURO6,"['kit téléphone main libre bluetooth', 'ESP', 'AFU', '3 ceintures ar. 3 points', 'airbags front. + lat.', 'feux automatiques', 'fixations ISOFIX', 'alerte franchissement ligne', 'phares av. de jour à LED', 'essuie-glaces automatiques', 'airbag frontal', 'anti patinage', 'contrôle de pression des pneus', 'EBD', 'ABS', 'feux ar. à LED', 'Aide au démarrage en côte', 'rétroviseurs électriques', 'aide parking', ""sorties d'échappement chromées"", 'jantes alu', 'becquet', 'lunette arrière dégivrante', ""système de récupération d'énergie au freinage"", 'frein de parking automatique', 'rétroviseurs dégivrants', 'Rétroviseurs rabattables électriquement', 'prises audio auxiliaires', 'banquette rabattable', 'système audio MP3', 'vitres ar. surteintées', 'climatisation automatique', 'fermeture électrique automatique', 'écran tactile', 'sièges réglables en hauteur', 'prise audio USB', 'fermeture électrique', 'volant réglable en hauteur et profondeur', 'banquette 1/3 - 2/3', 'volant multifonctions', 'banquette coulissante', 'vitres teintées', 'régulateur limiteur de vitesse', 'carte main libre', 'Régulateur de vitesse', 'vitres électriques', 'Accoudoir central avant', 'siège conducteur réglable hauteur', 'rétroviseur int. jour/nuit auto', 'GPS', 'Ecran multifonction couleur', 'Lunette arrière', 'Porte-gobelets avant', ""Eclairage d'ambiance"", 'Boucliers AV et AR couleur caisse', 'Ouverture des vitres séquentielle', ""Fonction appel d'urgence"", ""Système d'éclairage intelligent"", 'Poignées ton carrosserie', 'Répétiteurs de clignotant dans rétro ext', 'Ceintures avant ajustables en hauteur', 'Système anti-éblouissement', 'Commandes du système audio au volant', 'Bacs de portes arrière', 'Démarrage sans clé', 'Banquette arrière 3 places', 'FAP', 'Bacs de portes avant', 'Services connectés', 'Interface Media', 'système Start & Stop', 'Plafonnier central AV et AR à LED', 'Ceinture de vitrage chromée', ""Appel d'Urgence Localisé"", 'Sellerie TEP / tissu avec jonc gris', 'Noir Etoile', 'Pommeau de levier vitesse en cuir', 'Commande Mode ECO', 'Compte tours', 'Reconnaissance panneaux de signalisation', 'Témoin de bouclage des ceintures AV', 'Boite à gants fermée', 'Commande du comportement dynamique', ""Poches d'aumonières"", 'Longueur : 4.23 m', 'Volume du coffre : 261 L']",13,69109082383,Garantie 12 mois ,Professionnel, CITROEN select, oui, 50 Km, 9.8 kWh,,,,, en cours,, oui, 400 V,,,14.0,RENAULT CAPTUR 2,RENAULT
33 jours,"
    RENAULT ARKANA
",38420.0,2022.0, 23/11/2022, non requis, 2 358 Km, Hybride essence électrique, automatique, blanc,5.0,5.0, 18 mois, non,, 5 CV, 145 ch,1.0,,, EURO6,"['airbags frontaux', 'aide parking', 'Roue de secours', 'pack hiver', 'jantes alu', 'jantes alu 18""', 'caméra de recul', 'vitres ar. surteintées', 'climatisation automatique', 'Bluetooth', 'écran tactile', 'sièges réglables en hauteur', 'accoudoir central', 'vitres électriques', '5 places', 'GPS', 'LUNETTE AR CHAUFFANTE', 'RENAULT MULTI-SENSE', 'COQUES DE RETROVISEURS EXTERIEURES NOIRES (AVEC TOIT NOIR)', 'PEINTURE BLANC PERLE', 'INDICATEUR DE CHANGEMENT DE VITESSE', 'TOIT NOIR', 'PROJECTEURS AV FULL LED PURE VISION', 'Longueur : 4.57 m', 'Volume du coffre : 480 L']",38,69109635117,Garantie 18 mois ,Professionnel,, non,, 1.2 kWh,,,,, en cours,, oui, 230 V,,,2358.0,RENAULT ARKANA,RENAULT
60 jours,"
    LEXUS UX
",34200.0,2020.0, 23/02/2020, non requis, 20 219 Km, Hybride essence électrique, automatique, GRIS TITANE,5.0,5.0,, non,, 7 CV, 178 ch,1.0, 96 g/kmA,, EURO6,"['kit téléphone main libre bluetooth', 'feux automatiques', 'essuie-glaces automatiques', 'radar anti-collision', 'Aide au démarrage en côte', 'rétroviseurs électriques', 'aide parking', 'hayon électrique', 'rétroviseurs dégivrants', 'Rétroviseurs rabattables électriquement', 'jantes alu 18""', 'caméra de recul', 'Ordinateur de bord', 'climatisation automatique multi zone', 'intérieur tout cuir', 'vitres ar. surteintées', 'fermeture électrique automatique', 'Régulateur de vitesse adaptatif', 'Volant cuir', 'banquette 1/3 - 2/3', 'volant multifonctions', 'carte main libre', 'vitres électriques', 'Accoudoir central avant', 'rétroviseur int. jour/nuit auto', 'Siège conducteur chauffant', 'Phares avant Bi-LED', 'Phares antibrouillard LED avec fonction cornering', 'Siège passager chauffant', 'Commandes du système audio au volant', 'Démarrage sans clé', 'MIRROR SCREEN - Apple Car Play/Android Auto (GPS Via Smartphone)', 'Reconnaissance panneaux de signalisation', 'Gris Titane', 'Longueur : 4.50 m']",82,69108863948,Garantie constructeur,Professionnel,, non,,,,,,, en cours,, oui,,,,20219.0,LEXUS UX,LEXUS
31 jours,"
    TESLA MODEL 3
",60870.0,2021.0, 27/01/2022, non requis, 55 671 Km, Electrique, automatique, Blanc Nacré Multicouches Métallisé,4.0,5.0, 12 mois, non,, 9 CV, 490 ch,0.0, 0 g/kmA,, EURO6,"['Blanc Nacré Multicouches Métallisé', 'Longueur : 4.69 m', 'Volume du coffre : 425 L']",78,69109650906,Garantie 12 mois ,Professionnel,, oui,, 75 kWh, 16 kWh/100km,,, , en cours,, oui, 350 V, 208 A,,55671.0,TESLA MODEL 3,TESLA
30 jours,"
    TOYOTA RAV 4 (4E GENERATION)
",29100.0,2017.0, 01/06/2017, requis, 89 169 Km, Hybride essence électrique, automatique, blanc verni,5.0,5.0, 12 mois, non,2.0, 8 CV, 155 ch,1.0, 118 g/kmB, 5.1 l/100km, EURO6,"['Airbags latéraux', 'Aide au démarrage en côte', 'Avertisseur de franchissement de ligne', ""Assistance au freinage d'urgence"", 'Antipatinage', 'Feux automatiques', 'Essuie-glaces automatiques', 'ESP', 'Détection panneaux signalisation', 'Kit téléphone main libre bluetooth', ""Capteur d'angle mort"", 'Airbags', '7 airbags', 'Feux et essuie-glaces automatiques', 'Essuie glace capteur de pluie', 'Airbags rideaux', 'Indicateur de sous-gonflage des pneus', 'Fixations ISOFIX', 'Système détection de collision', 'ABS', 'Toit ouvrant électrique', 'Antibrouillards avant', ""Caméra d'aide au stationnement à 360°"", 'Phares à allumage automatique', 'Jantes alu', 'Freins régénérateurs', 'Ampoules de phares LED', 'Lunette arrière dégivrante', 'Barres de toit', 'Radar de recul', 'Toit ouvrant', 'Attelage', 'Feux de croisement automatiques', 'Feux arrières à LED', 'Rétroviseurs extérieurs réglage électrique', 'Rétroviseurs rabattables électriquement', 'Rétroviseurs extérieurs chauffants', 'Roue de secours', 'Prise audio USB', 'Démarrage sans clef', 'Bluetooth inclut musique en streaming, connexion téléphone', 'Air conditionné auto', 'Volant multi-fonction', 'Système de navigation info trafic', 'Bouton démarrage', 'Siège avant électrique', 'Système de navigation', 'Régulateur de vitesse', 'Réglage du volant en hauteur, en profondeur', 'Bluetooth', 'Intérieur cuir étendu', 'Volant alu & cuir', 'Fermeture électrique', 'Régulateur de vitesse adaptatif', 'Accoudoir central arrière, avant', 'Boite automatique', 'Taille écran multi-fonctions 7 pouces', 'Siège avant chauffant', 'Sièges électriques', 'Air conditionné 2 zones', 'Reconnaissance vocale', 'Ouverture du coffre à distance', 'Taille écran navigation 7 pouces', 'Smart card / Smart key', 'Siège conducteur réglable hauteur', 'Fermerture électrique du coffre', '11 haut-parleurs', 'Caméra de recul', 'Kit téléphone main libre', 'Climatisation', 'Sièges électrique à mémoire', 'Rétroviseur int. jour/nuit auto', 'Fermeture électrique automatique', 'Régulateur limiteur de vitesse', 'Rétroviseur jour/nuit', 'Climatisation automatique', 'Système audio écran tactile', 'Ordinateur de bord', 'GPS', 'Feux de route à LED', 'Roue de secours galette', ""Carnet d'entretien"", 'Longueur : 4.61 m', 'Volume du coffre : 1776 L']",95,87102213747,Garantie 12 mois ,Professionnel,, non,,,, cuir noir, 145 kW,,,,, 245 V,,,89169.0,TOYOTA RAV 4 (4E GENERATION),TOYOTA
29 jours,"
    DS DS 7 CROSSBACK
",67240.0,2022.0, 02/05/2022, non requis, 10 144 Km, Hybride essence électrique, automatique, Noir Perla Nera (Nacrée),5.0,5.0, 24 mois, non,, 11 CV, 300 ch,1.0, 35 g/kmA, 1.5 l/100km, EURO6,"['Airbags rideaux', 'ESP', 'AFU', 'airbags front. + lat.', 'feux automatiques', 'EBV', 'fixations ISOFIX', 'alerte franchissement ligne', 'phares av. de jour à LED', 'essuie-glaces automatiques', 'airbag frontal', 'projecteurs antibrouillard', 'système de détection de somnolence', 'anti patinage', 'contrôle de pression des pneus', 'ABS', 'feux ar. à LED', 'Aide au démarrage en côte', 'rétroviseurs électriques', 'toit ouvrant panoramique', 'frein de parking automatique', 'rétroviseurs dégivrants', 'Ordinateur de bord', 'banquette rabattable', 'climatisation automatique multi zone', 'Palettes au volant', 'vitres ar. surteintées', 'pack confort', 'Accoudoir central arrière', 'boite à gants réfrigérée', 'écran tactile', 'support lombaires', 'sièges réglables en hauteur', 'prise 12V', 'prise audio USB', 'Volant cuir', 'fermeture électrique', 'volant réglable en hauteur et profondeur', 'banquette 1/3 - 2/3', 'régulateur limiteur de vitesse', 'carte main libre', 'vitres électriques', 'pédalier alu', 'Accoudoir central avant', 'siège conducteur réglable hauteur', 'Tapis de sol', 'rétroviseur int. jour/nuit auto', 'système audio', 'Pack DS Night Vision', 'Frein. urg. Auto+Pk Sé. Ét. + DS DRIVER', 'JA 19"" BEIJING', 'Ecran couleur', ""Eclairage d'ambiance"", 'Commandes vocales', 'Éclairage PolyAmbient', ""Système d'éclairage intelligent"", 'Poignées ton carrosserie', 'Répétiteurs de clignotant dans rétro ext', ""Appel d'Assistance Localisé"", 'Aide au stat. AV et AR + Caméra de recul', 'Sellerie Alcantara PERFORMANCE Line', 'Montre B.R.M R180', 'Banquette AR rabattable automatiquement', ""Feux de freinage d'urgence"", 'Bacs de portes arrière', 'DS ACTIVE SCAN SUSPENSION', 'Démarrage sans clé', 'Advanced Traction Control', 'HiFi System FOCAL ElectraE', 'Chargeur sans fil', 'Miroir de courtoisie conducteur éclairé', 'Bacs de portes avant', 'Rétro, rab. élect., ind. marche AR', 'Miroir de courtoisie passager éclairé', 'Services connectés', 'Phares antibrouillard LED', 'Climatisation automatique bizone étendue', 'Combiné numérique 12""', 'Pack Modularité', 'Ceinture de vitrage chromée', ""Appel d'Urgence Localisé"", 'DS Active LED Vision', ""Éclairage d'ambiance intégral à LED"", 'Echappement à double sortie', ""Eclairage statique d'intersection"", 'DS CONNECT NAV avec radio numérique', 'Pack DS Urban (uniquement bva)', 'Filtre à Pollen', 'Reconnaissance panneaux de signalisation', 'Témoin de bouclage des ceintures AV', 'Pare-brise acoustique', 'JA 20"" PARIS', 'Pack Easy Access', 'Barres de toit noires brillantes', 'Pack Sièges Électriques', ""Poches d'aumonières"", 'Noire Perla Nera (N)', 'Alarme - SCCP et sécurité enfant élect.', 'Vitrage latéral feuilleté', 'Rétro. ext. rab. élect., logo DS au sol', 'Longueur : 4.57 m', 'Volume du coffre : 555 L']",13,69109665204,Garantie 24 mois ,Professionnel, DS CERTIFIED, oui, 58 Km, 13.2 kWh,,,, , en cours,, oui,,,,10144.0,DS DS 7 CROSSBACK,DS
45 jours,"
    VOLVO XC60 (2E GENERATION)
",87370.0,2022.0, 02/05/2022, non requis, 7 500 Km, Hybride essence électrique, automatique, noir metal,5.0,5.0, 24 mois, non,1.0, 20 CV,,1.0,, 1.2 l/100km, EURO6,"['Airbags latéraux', 'Aide au démarrage en côte', 'Avertisseur de franchissement de ligne', ""Assistance au freinage d'urgence"", 'Antipatinage', 'ESP', 'Détection panneaux signalisation', '7 airbags', 'Essuie glace capteur de pluie', 'Airbags rideaux', 'Indicateur de sous-gonflage des pneus', 'Kit anticrevaison', 'Lave-phares', 'Système détection de collision', 'ABS', 'Ampoules de phares LED', 'Phares à allumage automatique', 'Freins régénérateurs', 'Feux de croisement à LED', 'Feux de croisement automatiques', 'Feux arrières à LED', 'Rétroviseurs extérieurs indexés marche arrière', 'Rétroviseurs extérieurs réglage électrique', 'Rétroviseurs rabattables électriquement', 'Rétroviseurs extérieurs chauffants', 'Différentiel à glissement limité avant', 'Air conditionné auto', 'Toit vitré', 'Système de navigation info trafic', 'Taille écran navigation 9 pouces', 'Bouton démarrage', 'Siège avant électrique', 'Système de navigation', 'Régulateur de vitesse', 'Réglage du volant en hauteur, en profondeur', 'Bluetooth', 'Pré-équipement téléphone', 'Volant alu & cuir', '14 haut-parleurs', 'Accoudoir central arrière, avant', 'Connexion Internet', 'Siège avant chauffant', 'Palettes au volant', 'Air conditionné 2 zones', 'Reconnaissance vocale', 'Volant chauffant, multi-fonction', 'Ouverture du coffre à distance', 'Smart card / Smart key', 'Fermerture électrique du coffre', 'Tapis de sol', 'Rétroviseur jour/nuit', 'Bluetooth inclut musique en streaming', 'Limiteur de vitesse', 'Système audio écran tactile', 'Ordinateur de bord', 'Taille écran multi-fonctions 12.3 pouces', 'Alarme', 'Vitres laterales arriere et du coffre sur-teintees', 'Feux de route à LED', 'Feux clignotants à LED', 'Caméras Surround View (vision panoramique à 360°) incluant caméra avant et caméra de recul', 'Longueur : 4.69 m', 'Volume du coffre : 468 L']",95,87102198955,Garantie 24 mois ,Professionnel, Volvo Selekt, oui, 72 Km, 18.8 kWh,, cuir/tissu noir, 335 kW,, en cours,,,,,,7500.0,VOLVO XC60 (2E GENERATION),VOLVO
60 jours,"
    HYUNDAI IONIQ
",31960.0,2022.0, 16/12/2022, non requis, 288 Km, Electrique, automatique, AMAZON GREY,5.0,5.0,, oui,, 2 CV, 136 ch,0.0,,, EURO6,"['Airbags rideaux', 'kit téléphone main libre bluetooth', 'ESP', 'AFU', 'airbag genoux anti sous-marinage', 'airbags front. + lat.', 'feux automatiques', 'fixations ISOFIX', 'alerte franchissement ligne', 'phares av. de jour à LED', 'essuie-glaces automatiques', 'airbag frontal', 'système de détection de somnolence', 'contrôle de pression des pneus', 'EBD', 'ABS', 'feux ar. à LED', 'Aide au démarrage en côte', 'rétroviseurs électriques', 'aide parking', 'jantes alu', 'rétroviseurs dégivrants', 'Rétroviseurs rabattables électriquement', 'caméra de recul', 'Système audio CD', 'Ordinateur de bord', 'prises audio auxiliaires', 'banquette rabattable', 'climatisation automatique multi zone', 'système audio MP3', 'vitres ar. surteintées', 'Accoudoir central arrière', 'fermeture électrique automatique', 'Régulateur de vitesse adaptatif', 'écran tactile', 'sièges réglables en hauteur', 'prise 12V', 'prise audio USB', 'Volant cuir', 'fermeture électrique', 'volant réglable en hauteur et profondeur', 'banquette 1/3 - 2/3', 'volant multifonctions', 'cache bagages', 'régulateur limiteur de vitesse', 'carte main libre', 'vitres électriques', 'Accoudoir central avant', 'siège conducteur réglable hauteur', 'rétroviseur int. jour/nuit auto', 'GPS', 'système audio', 'traceur GPS', 'alarme périmétrique', 'Ecran multifonction couleur', 'Porte-gobelets avant', ""Eclairage d'ambiance"", 'Boucliers AV et AR couleur caisse', 'Ouverture des vitres séquentielle', 'Siège conducteur chauffant', 'Commandes vocales', ""Système d'éclairage intelligent"", 'Porte-gobelets arrière', 'Répétiteurs de clignotant dans rétro ext', 'Ceintures avant ajustables en hauteur', 'Pédalier sport', 'Siège passager chauffant', 'Siège cond. avec réglage lombaire électr', ""Système avancé de détection d'obstacles"", 'Commandes du système audio au volant', 'Bacs de portes arrière', 'Lunette arrière teintée', 'Appui-tête passager réglable en hauteur', 'Démarrage sans clé', 'Banquette arrière 3 places', 'Miroir de courtoisie conducteur éclairé', 'FAP', '7 Haut parleurs', 'Eclairage au sol', 'Témoin de bouclage ceinture conducteur', 'Bacs de portes avant', 'Miroir de courtoisie passager éclairé', 'Services connectés', 'Interface Media', 'système Start & Stop', 'Ceinture de vitrage chromée', ""Appel d'Urgence Localisé"", 'Pommeau de levier vitesse en cuir', 'Commande Mode ECO', 'Compte tours', 'Filtre à Pollen', 'Appui-tête conducteur réglable hauteur', 'Reconnaissance panneaux de signalisation', 'Boite à gants fermée', 'Commande du comportement dynamique', 'Amazon Grey', ""Poches d'aumonières"", 'TMC', 'Longueur : 4.47 m', 'Volume du coffre : 357 L']",39,69108849842,Garantie constructeur,Professionnel,, oui, 311 Km, 38.3 kWh,,,, , en cours,, oui, 319 V, 120 A,,288.0,HYUNDAI IONIQ,HYUNDAI
60 jours,"
    PORSCHE PANAMERA 2 SPORT TURISMO
",122940.0,2020.0, 23/02/2020, non requis, 17 013 Km, Hybride essence électrique, automatique, bleu,5.0,5.0, 12 mois, non,, 19 CV, 462 ch,1.0, 66 g/kmA, 3.3 l/100km, EURO6,"['Airbags rideaux', 'airbags frontaux', ""avertisseur d'angle mort"", 'Airbags latéraux', 'fixations ISOFIX', 'détecteur de pluie', 'phares av. de jour à LED', 'anti patinage', 'contrôle de pression des pneus', 'ASR', 'ABS', 'rétroviseurs électriques', 'suspension pneumatique', 'jantes alu 21""', 'toit ouvrant panoramique', 'frein de parking automatique', 'caméra de recul', 'système audio BOSE', 'climatisation automatique multi zone', 'Palettes au volant', 'vitres ar. surteintées', 'climatisation automatique', 'Volant chauffant', 'Accoudoir central arrière', 'Régulateur de vitesse adaptatif', 'prise audio USB', 'fermeture électrique', 'volant réglable', 'sièges chauffants', 'Alarme', 'Hayon AR automatique', 'Câble secteur pour prise de courant domestique', 'Sièges Confort AV (électrique 14 positions) avec Pack Mémoire', ""disques de freins monobloc de diamètre 365 mm à l'AR"", 'Vitrage teinté thermo-isolé', 'disques de freins autoventilés et r ainurés', 'miroir de courtoisie éclairé côtés conducteur et passager', ""spots de lecture à l'AR côtés gauche et droit"", 'parties latérale', ""2 porte-gobelets intégrés dans l'accoudoir central AV"", ""Eclairage intérieur éclairage des mécanismes d'ouverture de porte"", 'Porsche Communication Management (PCM) avec module de navigation en ligne', 'Système de haut-parleurs Hi-Fi avec 10 HP et une puissance de 150W', ""Assistant d'éclairage automatique avec fonction ''Home''"", 'Démarrage du moteur sans manipulation de la clé', 'Equipement intérieur dans les teintes de série', 'Filtres à particules fines à charbon actif', 'Pack Intérieur Aluminium brossé en Noir', 'Jupes latérales SportDesign', 'vide-poches dans les portes conducteur', 'Pack SportDesign', 'passager et AR', 'Airbags genoux pour le conducteur et le passager', 'compte tours', ""Freins à étriers fixes monobloc en aluminium à 4 pistons à l'AR"", ""Sièges Confort (à l'AV) à réglage électrique 8 positions"", 'Chargeur universel Porsche (AC) avec sac de transport et socle mural', 'Carrosserie de conception allégée hybride', 'Capot moteur', 'Rétroviseurs extérieurs peints', 'Entourage des vitres latérales couleur Noir', ""Disques de freins bi-matériaux de diamètre 390 mm à l'AV"", 'essuie-glace arrière', ""éclairage d'ambiance à l'AV et à l'AR"", ""Fonction ''Stop-Start'' automatique et mode croisière"", 'Peinture Bleu Nuit métallisé', 'Assistance parking AV et AR avec avertisseurs graphiques et sonores', 'Accoudoir de console centrale AV avec rangement intégré', 'kit de réparation crevaison', '4 places', 'Régulateur de châssis intégré Porsche 4D châssis control', ""Inscription ''e-hybrid''"", ""Freins à étriers fixes monobloc en aluminium à 6 pistons à l'AV"", 'Affichage des limitations de vitesse avec assistance de changement de voie', ""Système d'échappement sport"", 'Câble véhicule de 2', 'inclinaison du s iège et du dossier et réglage longitudinal', 'avec pare-brise dégradé gris', 'Capot AV actif', 'radio numérique', 'Intérieur partiel Cuir Gris Quartz', ""Sorties d'air peintes en Noir (finition brillante)"", 'Pack Intérieur Noir (finition brillante)', 'vide-poches de porte AV', 'Arrêt de porte continu', 'Connect Plus', '4 portes avec protection anti-encastrement latérale intégrée', 'toit et ailes AV en aluminium', 'Etriers de frein Vert Acide', ""carnet d'entretien"", 'Baguettes de seuil de porte en aluminium brossé', 'rangement de la console centrale AV', 'antivol avec alarme volumétrique à ultrasons', 'Portes Soft Close', 'Banquette AR avec accoudoir central rabattable et dossiers rabattables séparémment (60/40)', 'Chauffage autonome', 'Pack intérieur cuir additionnel - Tableau de bord', 'Essieu AV à double triangulation en Aluminium', 'Miroirs de courtoisie éclairés intégrés dans les pare-soleil (conducteur et passager)', 'Couvercle de porte-gobelets AV', 'Chargeur embarqué avec puissance de charge 3', ""spots de lecture et plafonnier à l'AV"", ""dont hauteur de l'assise"", 'entièrement galvanisée alliant Acier et Aluminium', ""assise AR composée de 2 sièges individuels latéraux et d'un siège central"", 'éclairage de plancher AV', '6 kW', 'Porsche Side Impact Protection System (POSIP)', 'Réservoir de carburant de 80 l', '315 MHz', 'Feux AR à LED teintés avec bandeau lumineux', 'Rétroviseurs intérieurs avec fonction anti-éblouissement automatique', ""2 Sorties d'échappement Acier brossé"", ""Combiné d'instruments avec 2 écrans haute résolution"", 'Servotronic Plus', 'Boîte de vitesse Porsche Doppelkupplung (PDK) à 8 rapports avec volant bi-masse', 'Couvre-bagages souple', 'Feux AR à DEL en relief avec feux stop intégrés 4 points et bandeau lumineux', ""Eclairage d'alentour des rétroviseurs"", 'Climatisation autonome', '4 + 1 sièges', 'éclairage de la boîte à gants', ""Rangements dans l'habitacle : boîte à gants"", ""Eclairage d'ambiance avec Pack Luminosité AR"", 'Phares à DEL avec Fonction Porsche Dynamic Light System (PDLS)', 'Essieu AR multibras en aluminium', 'Longueur : 5.05 m', 'Volume du coffre : 425 L']",61,69109376862,Garantie 12 mois ,Professionnel,, oui, 51 Km, 14 kWh, 16 kWh/100km,,,,,, oui, 382 V,,,17013.0,PORSCHE PANAMERA 2 SPORT TURISMO,PORSCHE
55 jours,"
    TOYOTA COROLLA 12
",19870.0,2020.0, 10/06/2020, non requis, 40 210 Km, Hybride essence électrique, automatique, blanc verni,5.0,5.0, 12 mois, oui,1.0, 4 CV, 98 ch,1.0, 76 g/kmA, 3.3 l/100km, EURO6,"['Aide au démarrage en côte', 'Avertisseur de franchissement de ligne', ""Assistance au freinage d'urgence"", 'Antipatinage', 'Feux automatiques', 'Essuie-glaces automatiques', 'ESP', 'Détection panneaux signalisation', 'Kit téléphone main libre bluetooth', '7 airbags', 'Phares av. de jour à LED', 'Essuie glace capteur de pluie', 'Indicateur de sous-gonflage des pneus', 'Fixations ISOFIX', 'Kit anticrevaison', 'Détecteur de pluie', 'Système détection de collision', 'ABS', 'Antibrouillards avant', 'Phares à allumage automatique', 'Radar de recul', 'Aide parking avec caméra de recul', 'Frein de parking automatique', 'Jantes alu 16""', 'Feux de croisement automatiques', 'Feux arrières à LED', 'Rétroviseurs rabattables électriquement', 'Rétroviseurs extérieurs chauffants', 'Prise audio USB', 'Banquette 1/3 - 2/3', 'APPLE CAR PLAY', 'Démarrage sans clef', 'Bluetooth inclut musique en streaming, connexion téléphone', 'Bouton démarrage', 'Régulateur de vitesse adaptatif', 'Accoudoir central arrière, avant', 'Reconnaissance vocale', 'Smart card / Smart key', 'Caméra de recul', 'Android Auto', 'Climatisation automatique multi zone', '4 vitres électriques', 'Limiteur de vitesse', 'GPS', ""Système d'entrée sans clef"", 'Feux de route à LED', ""Factures d'entretien"", 'Longueur : 4.37 m', 'Volume du coffre : 361 L']",78,87102189884,Garantie 12 mois ,Professionnel,, non,,,, tissu noir, 90 kW,, en cours,,, 207 V, 6.5 A,,40210.0,TOYOTA COROLLA 12,TOYOTA
12 jours,"
    VOLVO V90 (2E GENERATION)
",43970.0,2018.0, 28/03/2018, non requis, 140 193 Km, Hybride essence électrique, automatique, blanc nacre,5.0,5.0, 12 mois, non,2.0, 18 CV, 320 ch,1.0, 46 g/kmA,, EURO6,"['Airbags latéraux', 'Aide au démarrage en côte', 'Avertisseur de franchissement de ligne', ""Assistance au freinage d'urgence"", 'Antipatinage', 'ESP', 'Détection panneaux signalisation', '7 airbags', 'Essuie glace capteur de pluie', 'Airbags rideaux', 'Indicateur de sous-gonflage des pneus', 'Kit anticrevaison', 'Lave-phares', 'Système détection de collision', 'ABS', 'Ampoules de phares LED', 'Antibrouillards avant', 'Phares à allumage automatique', 'Freins régénérateurs', 'Phares directionnels', 'Feux arrières à LED', 'Rétroviseurs extérieurs indexés marche arrière', 'Rétroviseurs extérieurs réglage électrique', 'Rétroviseurs rabattables électriquement', 'Rétroviseurs extérieurs chauffants', 'Différentiel à glissement limité avant', 'Feux de route actifs', 'Taille écran navigation 12.3 pouces', 'Bluetooth inclut musique en streaming, connexion téléphone', 'Air conditionné auto', 'Volant multi-fonction', 'Bouton démarrage', '10 haut-parleurs', 'Système de navigation', 'Réglage du volant en hauteur, en profondeur', 'Bluetooth', 'Volant alu & cuir', 'Réseau Wifi', 'Régulateur de vitesse adaptatif', 'Accoudoir central arrière, avant', 'Connexion Internet', 'Siège avant chauffant', 'Air conditionné 2 zones', 'Tableau de bord vision tête haute', 'Siège avant ventilé, actif/massant, électrique', 'Reconnaissance vocale', 'Ouverture du coffre à distance', 'Smart card / Smart key', 'Fermerture électrique du coffre', 'Tapis de sol', 'Rétroviseur jour/nuit', 'Information trafic', 'Limiteur de vitesse', 'Système audio écran tactile', 'Ordinateur de bord', 'Taille écran multi-fonctions 12.3 pouces', 'Alarme', 'Feux de route à LED', 'Suspension pneumatique arrière et châssis actif avec système d’amortissement piloté Four-C', 'Volant Sport 4 branches gainé de Cuir perforé', 'Jantes alliage 20” 10 branches Argent / Diamant 245/40 R20W (T8)', 'Attelage amovible semi-électrique', 'Intellisafe Surround', 'Système audio Volvo Premium Sound by Bowers & Wilkins', 'Longueur : 4.94 m', 'Volume du coffre : 560 L']",95,87102229953,Garantie 12 mois ,Professionnel, Volvo Selekt, oui, 50 Km, 10.4 kWh, 17 kWh/100km, cuir noir, 299 kW, ,,,,,,,140193.0,VOLVO V90 (2E GENERATION),VOLVO
60 jours,"
    DS DS 3 CROSSBACK
",31300.0,2021.0, 08/12/2021, non requis, 5 400 Km, Electrique, automatique, GRIS ARTENSE,5.0,5.0,, non,, 5 CV, 136 ch,0.0, 0 g/kmA,, EURO6,"['Airbags rideaux', 'kit téléphone main libre bluetooth', 'ESP', 'AFU', 'airbags front. + lat.', 'feux automatiques', 'EBV', 'fixations ISOFIX', 'alerte franchissement ligne', 'phares av. de jour à LED', 'essuie-glaces automatiques', 'airbag frontal', 'anti patinage', 'contrôle de pression des pneus', 'ABS', 'Aide au démarrage en côte', 'rétroviseurs électriques', 'aide parking', 'jantes alu', 'becquet', 'frein de parking automatique', 'rétroviseurs dégivrants', 'Rétroviseurs rabattables électriquement', 'aide parking av/ar', 'Système audio CD', 'Ordinateur de bord', 'climatisation automatique multi zone', 'vitres ar. surteintées', 'fermeture électrique automatique', 'écran tactile', 'sièges réglables en hauteur', 'prise 12V', 'prise audio USB', 'Volant cuir', 'fermeture électrique', 'volant réglable en hauteur et profondeur', 'banquette 1/3 - 2/3', 'vitres teintées', 'régulateur limiteur de vitesse', 'Régulateur de vitesse', 'vitres électriques', 'Accoudoir central avant', 'siège conducteur réglable hauteur', 'rétroviseur int. jour/nuit auto', 'système audio', 'Porte-gobelets avant', 'Phares halogènes', 'Ouverture des vitres séquentielle', 'Tissu Perruzi Bronze', 'Gris Artense (M) - Toit Diamond Red', '8 Haut parleurs', 'JA 17"" MADRID', 'DS Wings Chromés Satin', ""Lampes de lecture à l'avant"", ""Feux de freinage d'urgence"", 'Bacs de portes arrière', 'SOS & Assistance', 'Miroir de courtoisie conducteur éclairé', 'Syst. audio tabl. tactile+Radio DAB', ""Lampes de lecture à l'arrière"", 'Bacs de portes avant', 'Miroir de courtoisie passager éclairé', 'Interface Media', 'Plafonnier central AV et AR à LED', 'Appuis-tête avant actifs', 'Reconnaissance panneaux de signalisation', 'Essuie-glace arrière', 'Freinage urgence auto. + Pack Sécurité', 'Témoin de bouclage des ceintures AV', 'Pare-brise acoustique', 'Boite à gants fermée', 'Chargeur embarqué de 11 kW', ""Poches d'aumonières"", 'Inspi. BASTILLE pavillon clair', 'Longueur : 4.12 m', 'Volume du coffre : 350 L']",33,69108551479,Garantie constructeur,Professionnel,, oui, 430 Km, 50 kWh,,,, , en cours,, oui,,,,5400.0,DS DS 3 CROSSBACK,DS
60 jours,"
    KIA XCEED
",41250.0,2022.0, 30/05/2022, non requis, 9 375 Km, Hybride essence électrique, automatique, Gris Perle,5.0,5.0,, non,, 5 CV, 141 ch,1.0, 38 g/kmA,, EURO6,"['Airbags rideaux', 'kit téléphone main libre bluetooth', 'ESP', 'AFU', 'airbags front. + lat.', 'feux automatiques', 'fixations ISOFIX', 'alerte franchissement ligne', 'phares av. de jour à LED', 'essuie-glaces automatiques', 'airbag frontal', 'projecteurs antibrouillard', 'système de détection de somnolence', 'contrôle de pression des pneus', 'EBD', 'radar anti-collision', 'ABS', 'feux ar. à LED', 'Aide au démarrage en côte', 'rétroviseurs électriques', 'aide parking', 'toit ouvrant', 'toit panoramique', ""sorties d'échappement chromées"", 'toit ouvrant électrique', 'jantes alu', 'becquet', 'rétroviseurs dégivrants', 'Rétroviseurs rabattables électriquement', 'caméra de recul', 'Système audio CD', 'Ordinateur de bord', 'prises audio auxiliaires', 'banquette rabattable', 'climatisation automatique multi zone', 'système audio MP3', 'Palettes au volant', 'vitres ar. surteintées', 'Accoudoir central arrière', 'fermeture électrique automatique', 'écran tactile', 'sièges réglables en hauteur', 'prise 12V', 'prise audio USB', 'Volant cuir', 'fermeture électrique', 'banquette 1/3 - 2/3', 'régulateur limiteur de vitesse', 'carte main libre', 'Régulateur de vitesse', 'vitres électriques', 'Accoudoir central avant', 'siège conducteur réglable hauteur', 'rétroviseur int. jour/nuit auto', 'GPS', 'système audio', 'Ecran multifonction couleur', 'Ouverture des vitres séquentielle', 'Commandes vocales', ""Système d'éclairage intelligent"", 'Poignées ton carrosserie', 'Porte-gobelets arrière', 'Répétiteurs de clignotant dans rétro ext', 'Toit ouvrant rang 1 entrebaillant', 'Système de prévention des écarts', ""Lampes de lecture à l'avant"", 'Pédalier sport', 'Siège passager avec réglage lombaire', 'Siège cond. avec réglage lombaire électr', 'Gris Perle', ""Système avancé de détection d'obstacles"", 'Commandes du système audio au volant', 'Bacs de portes arrière', '6 Haut parleurs', 'Démarrage sans clé', 'Blanc Platine', 'Miroir de courtoisie conducteur éclairé', ""Lampes de lecture à l'arrière"", 'Bacs de portes avant', 'Miroir de courtoisie passager éclairé', 'Services connectés', 'Interface Media', 'système Start & Stop', 'Ecran LCD', 'Tissu/Cuir de synthèse Noir', 'Ceinture de vitrage chromée', 'Pommeau de levier vitesse en cuir', 'Compte tours', 'Filtre à Pollen', 'Commande du comportement dynamique', 'Siège passager à réglages électriques', 'Levier vitesse cuir', ""Poches d'aumonières"", 'Longueur : 4.39 m', 'Volume du coffre : 426 L']",6,69108844069,Garantie constructeur,Professionnel,, oui, 54 Km, 8.9 kWh, 10 kWh/100km,,, , en cours,, oui, 360 V, 24.7 A,,9375.0,KIA XCEED,KIA
60 jours,"
    FIAT DUCATO 3
",81840.0,2022.0, 11/07/2022, non requis, 1 240 Km, Electrique, automatique, gris clair,4.0,3.0, 19 mois, oui,1.0, 9 CV, 122 ch,0.0, 0 g/kmA,, EURO6,"['pack sécurité', 'ESP', 'détecteur de pluie', 'phares av. de jour à LED', 'airbag frontal', 'projecteurs antibrouillard', 'ABS', 'aide parking', 'porte latérale', 'capucine', 'rétroviseurs électriques et dégivrants', 'caméra de recul', 'climatisation automatique', 'prise audio USB', 'fermeture électrique', 'volant réglable en hauteur', 'vitres électriques', 'volant réglable', 'Sièges en tissu Gris Crêpe', 'Câble mode 3 - 22kW max', 'Siège conducteur avec accoudoir', '3 places', ""Cerclage d'aérateurs argentés - Tableau de bord"", 'Eclairage LED espace de chargement', ""Points d'ancrages au sol dans l'espace de chargement Capacité de retenue de 500 kg par point"", 'Peinture pastel', 'Porte AR à 2 battants tôlées', ""Système de freinage d'urgence autonome"", 'Boîte à gants centrale', ""Points d'ancrages latéraux situés au niveau de renfort Capacité de retenue de 200 kg par point"", 'Cloison de séparation tôlée', ""UConnect 7'' avec intégration CarPlay et Android Auto"", 'Prédisposition radio DAB', 'MOPAR Connect', 'Avertisseur sonore de marche AR', 'Suspensions AR bilame', 'Chauffage de la cabine', 'Support multifonctions', 'Chargeur 7 kW - CA', 'Moniteur additionel pour suivi des performance', 'Kit Fix & Go', 'Rangement sous sièges', ""Enjoliveurs de roues 16''"", 'Longueur : 5.41 m']",38,69109100331,Garantie 19 mois ,Professionnel,, oui, 174 Km, 47 kWh,, gris,,, en cours,, oui, 389 V, 41 A,,1240.0,FIAT DUCATO 3,FIAT
37 jours,"
    CITROEN C-ZERO
",9580.0,2018.0, 18/06/2018, non requis, 36 246 Km, Electrique, automatique, BLANC,5.0,4.0, 12 mois, non,, 1 CV, 67 ch,0.0, 0 g/kmA,, EURO6,"['Longueur : 3.48 m', 'Volume du coffre : 166 L']",33,69109622702,Garantie 12 mois ,Professionnel,, oui, 150 Km, 14.5 kWh, 12 kWh/100km, Tissu Parfait Knit Camel,, ,,, oui, 300 V,,,36246.0,CITROEN C-ZERO,CITROEN
60 jours,"
    TOYOTA COROLLA 12 TOURING SPORTS
",36450.0,2022.0, 13/08/2022, non requis, 3 553 Km, Hybride essence électrique, automatique, Gris Argent,5.0,5.0, 36 mois, oui,, 5 CV, 122 ch,1.0,,, EURO6,"['Airbags rideaux', 'kit téléphone main libre bluetooth', 'ESP', 'AFU', 'airbag genoux anti sous-marinage', 'airbags front. + lat.', 'feux automatiques', 'fixations ISOFIX', 'alerte franchissement ligne', 'phares av. de jour à LED', 'essuie-glaces automatiques', 'airbag frontal', 'projecteurs antibrouillard', 'système de détection de somnolence', 'anti patinage', 'contrôle de pression des pneus', 'EBD', 'radar anti-collision', 'ABS', 'feux ar. à LED', 'Aide au démarrage en côte', 'rétroviseurs électriques', ""sorties d'échappement chromées"", 'jantes alu', 'rétroviseurs dégivrants', 'Rétroviseurs rabattables électriquement', 'caméra de recul', 'Ordinateur de bord', 'prises audio auxiliaires', 'banquette rabattable', 'climatisation automatique multi zone', 'système audio MP3', 'vitres ar. surteintées', 'Accoudoir central arrière', 'Régulateur de vitesse adaptatif', 'écran tactile', 'sièges réglables en hauteur', 'prise audio USB', 'Volant cuir', 'fermeture électrique', 'volant réglable en hauteur et profondeur', 'banquette 1/3 - 2/3', 'volant multifonctions', 'régulateur limiteur de vitesse', 'carte main libre', 'vitres électriques', 'Accoudoir central avant', 'siège conducteur réglable hauteur', 'rétroviseur int. jour/nuit auto', 'système audio', 'Ecran multifonction couleur', ""Eclairage d'ambiance"", 'Ouverture des vitres séquentielle', ""Fonction appel d'urgence"", ""Système d'éclairage intelligent"", 'Poignées ton carrosserie', 'Syst. intelligent gestion des cylindres', 'Commandes du système audio au volant', '6 Haut parleurs', 'Démarrage sans clé', 'FAP', 'Rétroviseurs rabattables automatique', 'Services connectés', 'Ceinture de vitrage chromée', ""Appel d'Urgence Localisé"", 'Echappement à double sortie', 'Pommeau de levier vitesse en cuir', 'Filtre à Pollen', 'Reconnaissance panneaux de signalisation', 'Boite à gants fermée', 'Longueur : 4.65 m', 'Volume du coffre : 598 L']",91,69109016930,Garantie 36 mois ,Professionnel, Toyota Occasion, non,, 0.7 kWh,,,,, en cours,, oui, 207 V, 3.6 A,,3553.0,TOYOTA COROLLA 12 TOURING SPORTS,TOYOTA
5 jours,"
    TOYOTA RAV 4
",42670.0,2022.0, 29/11/2022, non requis, 10 679 Km, Hybride diesel électrique, automatique, gris,5.0,5.0, 12 mois, non,, 12 CV,,1.0,,, EURO6,"['ESP', 'fixations ISOFIX', 'détecteur de pluie', 'phares av. de jour à LED', 'airbag frontal', 'projecteurs antibrouillard', 'ABS', 'aide parking', 'peinture métallisée', 'frein de parking automatique', 'rétroviseurs rabattables', 'caméra de recul', 'Ordinateur de bord', 'climatisation automatique', 'Bluetooth', 'prise audio USB', 'volant multifonctions', 'Android Auto', 'vitres électriques', 'Accoudoir central avant', 'Apple CarPlay', 'Système anti-franchissement de ligne', 'Assistant de feux de route automatique', 'Système anti-collision', 'Feux de croisement LED', 'Syst. de reconnaissance de panneaux de signal.', 'Activation automatique des feux de croisement', 'Pommeau de vitesses cuir', 'système Start & Stop', 'commandes vocales', 'Feux arrières LED']",69,69109794247,Garantie 12 mois ,Professionnel,,,,,,, 160 kW,,,,,,,,10679.0,TOYOTA RAV 4,TOYOTA
60 jours,"
    BMW X5 F15
",43270.0,2018.0, 22/10/2018, non requis, 151 280 Km, Hybride essence électrique, automatique, bleu metal,5.0,5.0, 6 mois, oui,1.0, 13 CV, 245 ch,1.0, 77 g/kmA,, EURO6,"['Airbags latéraux', 'Aide au démarrage en côte', 'Avertisseur de franchissement de ligne', ""Assistance au freinage d'urgence"", ""Avertisseur d'angle mort"", 'Antipatinage', 'Pneus roulage à plat', 'ESP', '6 airbags', 'Contrôle de freinage en courbe', 'Essuie glace capteur de pluie', 'Airbags rideaux', 'Indicateur de sous-gonflage des pneus', 'Lave-phares', 'Système détection de collision', 'ABS', 'Antibrouillards avant', 'Phares à allumage automatique', 'Freins régénérateurs', 'Feux arrières à LED', 'Rétroviseurs extérieurs réglage électrique', 'Rétroviseurs rabattables électriquement', 'Rétroviseurs extérieurs chauffants', 'Différentiel à glissement limité avant', 'Lecteur MP3', 'Bluetooth inclut musique en streaming, connexion téléphone', 'Air conditionné auto', 'Volant multi-fonction', 'Toit vitré', 'Système de navigation info trafic', 'Bouton démarrage', 'Réglage du volant en hauteur, électrique, en profondeur', 'Siège avant électrique', 'Système de navigation', 'Régulateur de vitesse', 'Bluetooth', 'Taille écran navigation 10.3 pouces', 'Pré-équipement téléphone', 'Accoudoir central arrière, avant', 'Connexion Internet', 'Siège avant chauffant', '16 haut-parleurs', 'Palettes au volant', 'Air conditionné 2 zones', 'Reconnaissance vocale', 'Ouverture du coffre à distance', 'Smart card / Smart key', 'Fermerture électrique du coffre', 'Système audio inclut DVD', 'Caméra de recul', 'Tapis de sol', 'Volant cuir', 'Système audio lecteur CD et MP3', 'Rétroviseur jour/nuit', 'Système audio écran tactile, CD', 'Taille écran multi-fonctions 10.3 pouces', 'Ordinateur de bord', 'DVD/VCD', 'Alarme', ""Sièges Advanced à l'avant"", 'Ampoules de phares bi-xénon', 'Système de vision nocturne BMW Night Vision avec éclairage dynamique des piétons', ""Crochet d'attelage entièrement electrique"", 'Pack Advanced Full LED', 'Pack Advanced Safety', 'Pack Innovation', 'Affichage tête haute HUD', 'Système de haut-parleurs Hi-Fi', 'Climatisation automatique 4 zones', 'Longueur : 4.89 m', 'Volume du coffre : 500 L']",24,87102150737,Garantie 6 mois ,Professionnel,, oui, 31 Km, 9 kWh, 15 kWh/100km, cuir noir, 230 kW,,,,,,,,151280.0,BMW X5 F15,BMW
18 jours,"
    OPEL GRANDLAND X
",42920.0,2022.0, 21/06/2022, non requis, 11 074 Km, Hybride essence électrique, automatique, gris clair metal,5.0,5.0, 12 mois, oui,1.0, 10 CV, 181 ch,1.0, 32 g/kmA, 1.4 l/100km, EURO6,"['Airbags latéraux', 'Aide au démarrage en côte', 'Avertisseur de franchissement de ligne', ""Assistance au freinage d'urgence"", 'Antipatinage', 'ESP', 'Détection panneaux signalisation', '6 airbags', 'Contrôle de freinage en courbe', ""Capteur d'angle mort"", 'Essuie glace capteur de pluie', 'Airbags rideaux', 'Indicateur de sous-gonflage des pneus', 'Kit anticrevaison', 'Système détection de collision', 'ABS', 'Ampoules de phares LED', 'Antibrouillards avant', ""Caméra d'aide au stationnement à 360°"", 'Phares à allumage automatique', 'Freins régénérateurs', 'Phares directionnels', 'Feux de croisement à LED', 'Peinture métallisée', 'Feux de croisement automatiques', 'Feux arrières à LED', 'Rétroviseurs extérieurs réglage électrique', 'Rétroviseurs rabattables électriquement', 'Rétroviseurs extérieurs chauffants', 'Bluetooth inclut musique en streaming, connexion téléphone', 'Air conditionné auto', 'Volant multi-fonction', 'Système de navigation info trafic', 'Bouton démarrage', 'Système de navigation', 'Taille écran multi-fonctions 3.5 pouces', 'Régulateur de vitesse', 'Réglage du volant en hauteur, en profondeur', 'Bluetooth', 'Volant alu & cuir', 'Accoudoir central arrière, avant', 'Siège avant chauffant', 'Palettes au volant', 'Air conditionné 2 zones', 'Reconnaissance vocale', 'Ouverture du coffre à distance', 'Smart card / Smart key', 'Fermerture électrique du coffre', 'Taille écran navigation 8 pouces', '6 haut-parleurs', 'Tapis de sol', 'Rétroviseur jour/nuit', 'Aide au stationnement arrière', 'Siège avant ventilé, électrique', 'Pare-brise chauffant', 'Limiteur de vitesse', 'Système audio écran tactile', 'Ordinateur de bord', 'Feux de route à LED', 'Pack cuir Siena noir', 'Longueur : 4.48 m', 'Volume du coffre : 390 L']",27,87102224773,Garantie 12 mois ,Professionnel, Opel Sélection Select, oui,, 13.2 kWh,, cuir noir, 165 kW, , en cours,,, 300 V,,,11074.0,OPEL GRANDLAND X,OPEL
22 jours,"
    LAND ROVER RANGE ROVER EVOQUE 2
",47020.0,2020.0, 17/05/2020, non requis, 72 692 Km, Hybride diesel électrique, automatique, noir,5.0,5.0, 6 mois, oui,1.0, 10 CV, 180 ch,2.0, 145 g/kmD, 5.5 l/100km, EURO6,"['hayon électrique', 'rétroviseurs rabattables', 'sièges électrique à mémoire', 'Bluetooth', 'Régulateur de vitesse', 'GPS', 'projecteurs LED Premium', 'aide au stationnement 360°', 'accès confort', 'pavillon Panoramique', 'assistant angle mort', 'Longueur : 4.37 m', 'Volume du coffre : 591 L']",67,69109705999,Garantie 6 mois ,Professionnel,, non,, 0.2 kWh,, noir,,, en cours,, oui, 46 V,,,72692.0,LAND ROVER RANGE ROVER EVOQUE 2,LAND
23 jours,"
    PEUGEOT E-2008 (2E GENERATION)
",34480.0,2021.0, 29/09/2021, non requis, 20 927 Km, Electrique, automatique, GRIS ART/TOIT NOIR,5.0,5.0,, non,, 4 CV, 136 ch,0.0, 0 g/kmA,, EURO6,"['kit téléphone main libre bluetooth', 'ESP', 'airbags front. + lat.', 'feux automatiques', 'fixations ISOFIX', 'phares av. de jour à LED', 'essuie-glaces automatiques', 'airbag frontal', 'contrôle de pression des pneus', 'feux ar. à LED', 'Aide au démarrage en côte', 'rétroviseurs électriques', 'jantes alu', 'Rétroviseurs rabattables électriquement', 'vitres ar. surteintées', 'climatisation automatique', 'fermeture électrique automatique', 'Volant cuir', 'fermeture électrique', 'banquette 1/3 - 2/3', 'volant multifonctions', 'régulateur limiteur de vitesse', 'Régulateur de vitesse', 'vitres électriques', 'siège conducteur réglable hauteur', 'Sans Nav. 3D et sans écran tactile capacitif 10"" HD', 'Vitres lat. AR et lunette AR surteintées', 'Pédalier sport', 'Gris Artense (M)', ""i-Cockpit 3D  10''"", 'Antibrouillard LED avec fonct. cornering', 'Phares antibrouillard LED', 'Visio Park 1 + aide au stationnement AV', 'ext rabat élect', 'Longueur : 4.30 m', 'Volume du coffre : 405 L']",82,69109700922,Garantie constructeur,Professionnel,, oui,, 50 kWh,, NOIR,, , en cours,, oui,,,,20927.0,PEUGEOT E-2008 (2E GENERATION),PEUGEOT
4 jours,"
    TOYOTA AURIS 2
",16220.0,2017.0, 27/07/2017, requis, 111 676 Km, Hybride essence électrique, automatique, noir,5.0,5.0, 12 mois, oui,1.0, 4 CV, 99 ch,1.0, 82 g/kmA, 3.5 l/100km, EURO6,"['airbags frontaux', 'ESP', 'fixations ISOFIX', 'détecteur de pluie', 'phares av. de jour à LED', 'airbag frontal', 'projecteurs antibrouillard', 'rétroviseurs électriques', 'aide parking', 'rétroviseurs dégivrants', 'caméra de recul', 'Système audio CD', 'climatisation automatique', 'Bluetooth', 'prise audio USB', 'volant multifonctions', 'vitres électriques', 'Accoudoir central avant', 'GPS', 'Avertissement de collision', 'Équipement main libre', 'Siège conducteur régl. haut.', 'Airbag passager latéral', 'Système anti-franchissement de ligne', 'Syst. de reconnaissance de panneaux de signal.', 'Accoudoir(s) arrière', 'Activation automatique des feux de croisement', 'système Start & Stop', 'Feux arrières LED', 'Longueur : 4.33 m', 'Volume du coffre : 360 L']",35,69109803319,Garantie 12 mois ,Professionnel,, non, 2 Km, 1.3 kWh,,,,,,, oui, 202 V,,,111676.0,TOYOTA AURIS 2,TOYOTA
24 jours,"
    CITROEN C5 AIRCROSS
",41230.0,2022.0, 28/10/2022, non requis, 9 040 Km, Hybride essence électrique, automatique, NOIR PERLA,5.0,5.0,, non,, 10 CV, 225 ch,1.0, 32 g/kmA, 1.4 l/100km, EURO6,"['ESP', 'feux automatiques', 'phares av. de jour à LED', 'projecteurs antibrouillard', 'contrôle de pression des pneus', 'ABS', 'feux ar. à LED', 'aide parking', 'frein de parking automatique', 'Rétroviseurs rabattables électriquement', 'rétroviseurs électriques et dégivrants', 'aide parking av/ar', 'climatisation automatique multi zone', 'pack confort', 'Volant cuir', 'volant réglable en hauteur et profondeur', 'carte main libre', 'Tapis de sol', 'Teinte de caisse nacrée Noir Perla Nera', 'Badge C-Séries', 'Garnissage Tissu Stone Grey/Tissu effet cuir Noir/Ambiance Wild Grey Evo', 'Pack Drive Assist+', 'Siège conducteur à réglage lombaire', 'Câble électrique mode 2, prise de charge T2/EF', 'Rétroviseur intérieur électrochrome HYBRID avec LED ""ZEV Mode""', 'Pack Safety+', 'Pare-chocs AR avec double canule chromée', 'Projecteurs LED', 'Caméra de recul avec Top Rear Vision', 'Jantes alliage 18"" SWIRL Diamantées', 'Fixations ISOFIX sur les sièges passager AV et latéraux AR', 'Kit mains libres Bluetooth et 2 prise USB', 'Teinte de caisse opaque Blanc Banquise', 'Inserts colorés Silver Anodisé sur Airbump et bouclier AV', 'Elargisseurs d?aile et bas de caisse Noir Mat', 'Vitres latérales AV feuilletées et acoustiques', 'Chargeur embarqué 7,4 kW', 'Caméra de recul avec Top Rear Vision+ Aide au stationnement avant', 'Vitres et lunette AR surteintés', 'Chargeur embarqué 3,7 kW', 'système Start & Stop', 'Barres de toit bi-ton Deep Red Anodisé', '3 sièges AR indépendants, coulissants, inclinables et escamotables', 'Pack Look Deep Red Anodisé', 'Sièges Advanced Comfort', 'Combiné numérique 12,3?? personnalisable', 'Lève-vitres électriques AV/AR séquentiels', 'Clignotants AV à LED', 'Kit de dépannage provisoire des pneumatiques', 'Essuie-vitres AV automatique Magic Wash', 'Siège conducteur et passager avec réglage en hauteur', 'Airbags frontaux, latéraux AV et rideaux', 'Enjoliveurs de contour de vitres latérales chromés', 'Suspensions avec Butées Hydrauliques Progressives', 'Mirror Screen Compatible avec Android Auto et Apple CarPlayTM', 'Custodes AR surteintées', 'Longueur : 4.50 m', 'Volume du coffre : 720 L']",33,69109689726,Garantie constructeur,Professionnel,, oui, 55 Km, 13.2 kWh,, ???? ????,, , en cours,, oui,,,,9040.0,CITROEN C5 AIRCROSS,CITROEN
32 jours,"
    TOYOTA COROLLA 12
",26020.0,2021.0, 18/12/2021, non requis, 33 947 Km, Hybride essence électrique, automatique, blanc verni,5.0,5.0, 13 mois, non,2.0, 4 CV, 98 ch,1.0, 76 g/kmA, 3.3 l/100km, EURO6,"['Airbags latéraux', 'Aide au démarrage en côte', 'Avertisseur de franchissement de ligne', ""Assistance au freinage d'urgence"", 'Antipatinage', 'ESP', 'Détection panneaux signalisation', '7 airbags', 'Essuie glace capteur de pluie', 'Airbags rideaux', 'Indicateur de sous-gonflage des pneus', 'Kit anticrevaison', 'Système détection de collision', 'ABS', 'Ampoules de phares LED', 'Antibrouillards avant', 'Phares à allumage automatique', 'Freins régénérateurs', 'Feux de croisement automatiques', 'Feux arrières à LED', 'Rétroviseurs extérieurs réglage électrique', 'Rétroviseurs rabattables électriquement', 'Rétroviseurs extérieurs chauffants', 'Bluetooth inclut musique en streaming, connexion téléphone', 'Air conditionné auto', 'Volant multi-fonction', 'Système de navigation info trafic', 'Bouton démarrage', 'Système de navigation', 'Réglage du volant en hauteur, en profondeur', 'Bluetooth', 'Régulateur de vitesse adaptatif', 'Accoudoir central arrière, avant', 'Taille écran multi-fonctions 7 pouces', 'Siège avant chauffant', 'Air conditionné 2 zones', 'Reconnaissance vocale', 'Smart card / Smart key', 'Taille écran navigation 8 pouces', '6 haut-parleurs', 'Caméra de recul', 'Tapis de sol', 'Volant cuir', 'Rétroviseur jour/nuit', 'Limiteur de vitesse', 'Système audio écran tactile', 'Ordinateur de bord', 'Feux de route à LED', ""Carnet d'entretien"", 'Longueur : 4.37 m', 'Volume du coffre : 361 L']",95,87102211869,Garantie 13 mois ,Professionnel,, non,,,, tissu gris, 90 kW,, en cours,,, 207 V, 6.5 A,,33947.0,TOYOTA COROLLA 12,TOYOTA
6 jours,"
    BMW I3
",22020.0,2018.0, 17/02/2018, non requis, 54 600 Km, Electrique, automatique, BLANC,5.0,4.0, 24 mois, non,, 3 CV, 170 ch,0.0, 0 g/kmA,, EURO6,"['feux et essuie-glaces automatiques', 'Rétroviseurs rabattables électriquement', 'climatisation automatique', 'volant multifonctions', 'Régulateur de vitesse', 'Accoudoir central avant', 'Navigation multimedia Business', 'BMW i3 +CONNECTED', 'Porte-boissons', ""Appel d'Urgence Intelligent"", 'Kit rangement', 'Jantes 19"" profilees style 429 turbine', 'Charge rapide en courant continu (CC)', 'Information Trafic en Temps Réel RTTI (3ans)', 'Charge accélérée courant alternatif (AC) triphasé 11 kW', 'Longueur : 4.01 m', 'Volume du coffre : 260 L']",76,69109787221,Garantie 24 mois ,Professionnel, BMW Premium Sélection, oui, 300 Km, 33 kWh, 13 kWh/100km,,, ,,, oui, 353 V, 94 A,,54600.0,BMW I3,BMW
13 jours,"
    KIA NIRO
",26230.0,2019.0, 22/02/2019, non requis, 37 398 Km, Hybride essence électrique, automatique, gris,5.0,5.0, 12 mois, oui,1.0, 5 CV, 105 ch,1.0, 79 g/kmA, 3.8 l/100km, EURO6,"['airbags frontaux', 'ESP', 'fixations ISOFIX', 'phares av. de jour à LED', 'projecteurs antibrouillard', 'contrôle de pression des pneus', 'ABS', 'aide parking', 'rétroviseurs dégivrants', 'rétroviseurs électriques et dégivrants', 'caméra de recul', 'Ordinateur de bord', 'Pare-brise chauffant', 'vitres ar. surteintées', 'climatisation automatique', 'Bluetooth', 'prise audio USB', 'volant multifonctions', 'Régulateur de vitesse', 'vitres électriques', 'Accoudoir central avant', 'GPS', 'Airbag conducteur genoux', 'Équipement main libre', 'Mobile Tire System', 'Rétroviseur intérieur antiéblouissant automatique', 'Airbag passager latéral', 'Verr.cent. Commande dist.', 'Système anti-franchissement de ligne', 'Système de détection de fatigue', 'Feux de croisement LED', 'Accoudoir(s) arrière', 'Activation automatique des feux de croisement', 'Pommeau de vitesses cuir', 'commandes vocales', 'Syst. électron. assist. Freins', 'Feux arrières LED', 'Longueur : 4.36 m', 'Volume du coffre : 427 L']",78,69109752361,Garantie 12 mois ,Professionnel,, non,,,, marron,,, en cours,, oui, 240 V, 6.5 A,,37398.0,KIA NIRO,KIA
60 jours,"
    FIAT 500 (3E GENERATION)
",24040.0,2022.0, 03/09/2022, non requis, 1 890 Km, Electrique, automatique, noir,3.0,4.0, 21 mois, oui,1.0, 3 CV, 118 ch,0.0, 0 g/kmA,, EURO6,"['feux automatiques', 'détecteur de pluie', 'phares av. de jour à LED', 'aide parking', 'toit panoramique', 'jantes alu', 'climatisation automatique', 'pack confort', 'régulateur limiteur de vitesse', 'Régulateur de vitesse', 'Garantie 2 ans', 'Volant eco-cuir', ""25'' avec navigation"", '3 kW)', 'Câble de recharde Mode 3', 'Siège conducteur avec 4 réglages', '4 places', 'Système Audio à 4 haut-parleurs', 'dimension des jantes : 16 pouces', 'Sélection du mode de conduite', 'Détecteur de fatigue', ""radar arrière de détection d'obstacles"", 'Clé spécifique en forme de galet', 'Alerte franchissement de ligne LDWS', 'Ouverture sans clé', 'Vitres full électriques ouverture/fermeture par télécommande', 'Reconnaissance panneaux', 'intérieur : tissu', 'Code de man?uvre Clé spécifiqu', 'Système Uconnect 10', 'Câble mode 2 (2', 'Garantie batteries 42 kW : 8 ans ou 160 000 km', 'Pack Magic Eye', 'Pack Avantage', 'Apple CarPlay et Android Auto sans fil', 'Prise charge rapide (85kW)', 'Appel dŽurgence', 'démarrage sans clé', 'Longueur : 3.63 m', 'Volume du coffre : 185 L']",38,69109347901,Garantie 21 mois ,Professionnel,, oui, 319 Km, 42 kWh,, gris,, , en cours,, oui, 364 V,,,1890.0,FIAT 500 (3E GENERATION),FIAT
3 jours,"
    TOYOTA YARIS 3
",17420.0,2019.0, 31/03/2019, non requis, 29 699 Km, Hybride essence électrique, automatique, blanc,5.0,5.0, 12 mois, oui,1.0, 3 CV, 73 ch,1.0, 84 g/kmA, 3.7 l/100km, EURO6,"['airbags frontaux', 'ESP', 'détecteur de pluie', 'phares av. de jour à LED', 'airbag frontal', 'projecteurs antibrouillard', 'rétroviseurs électriques', 'aide parking', 'rétroviseurs dégivrants', 'rétroviseurs rabattables', 'caméra de recul', 'climatisation automatique', 'Bluetooth', 'prise audio USB', 'Régulateur de vitesse', 'vitres électriques', 'GPS', 'Avertissement de collision', 'Verr.cent. Commande dist.', 'Blocage de roulement marche arrière', 'système Start & Stop', 'commandes vocales', 'Longueur : 3.95 m', 'Volume du coffre : 286 L']",35,69109808415,Garantie 12 mois ,Professionnel,, non,, 0.9 kWh,,,,,,, oui, 250 V, 6.5 A,,29699.0,TOYOTA YARIS 3,TOYOTA
