brand,model_full,year,km,fuel,gearbox,price
RENAULT,RENAULT TWINGO 3,2020.0,27297.0, Essence, mécanique,11080.0
BMW,BMW SERIE 4 F36 GRAN COUPE,2019.0,59778.0, Diesel, automatique,50690.0
BMW,BMW SERIE 2 F45 ACTIVE TOURER,2017.0,128835.0, Hybride essence électrique, automatique,19740.0
RENAULT,RENAULT TRAFIC 2 MINIBUS,2007.0,225334.0, Diesel, mécanique,13890.0
CITROEN,CITROEN C3 (3E GENERATION),2020.0,14218.0, Essence, mécanique,16780.0
CUPRA,CUPRA FORMENTOR,2022.0,16426.0, Essence, automatique,44210.0
RENAULT,RENAULT CAPTUR 2,2022.0,111.0, Essence, mécanique,23650.0
AUDI,AUDI A1,2017.0,91213.0, Diesel, mécanique,18010.0
BMW,BMW X4 F26,2018.0,77000.0, Diesel, automatique,36270.0
RENAULT,RENAULT CLIO 5,2021.0,16384.0, Essence, mécanique,20810.0
MERCEDES,MERCEDES CLASSE C 4 SW AMG,2016.0,114428.0, Essence, automatique,38410.0
FORD,FORD TRANSIT 4,2019.0,84104.0, Diesel, mécanique,26230.0
FIAT,FIAT 500 (2E GENERATION),2020.0,25221.0, Essence, mécanique,13900.0
BMW,BMW Z4 E89,2011.0,76954.0, Essence, mécanique,26300.0
VOLKSWAGEN,VOLKSWAGEN T-CROSS,2022.0,12.0, Essence, automatique,29500.0
CITROEN,CITROEN C3 (3E GENERATION),2021.0,24338.0, Essence, mécanique,16860.0
BMW,BMW SERIE 3 G20,2022.0,11328.0, Diesel, automatique,55340.0
VOLVO,VOLVO V40 (2E GENERATION) CROSS COUNTRY,2018.0,100620.0, Diesel, mécanique,18700.0
VOLVO,VOLVO V60,2018.0,84899.0, Diesel, automatique,20830.0
AUDI,AUDI Q5 (2E GENERATION),2019.0,127711.0, Diesel, mécanique,38910.0
BMW,BMW X3 G01,2020.0,20944.0, Diesel, automatique,68200.0
FORD,FORD FIESTA 6,2020.0,20267.0, Essence, mécanique,14670.0
PORSCHE,PORSCHE MACAN,2020.0,7564.0, Essence, automatique,148780.0
BMW,BMW X1 F48,2021.0,84211.0, Diesel, automatique,40130.0
AUDI,AUDI Q8,2021.0,6240.0, Hybride essence électrique, automatique,130780.0
RENAULT,RENAULT CLIO 5,2021.0,29118.0, Diesel, mécanique,18130.0
AUDI,AUDI A6 (4E GENERATION) AVANT,2017.0,195566.0, Diesel, automatique,24380.0
MERCEDES,MERCEDES CLASSE B 2,2020.0,33800.0, Diesel, automatique,27110.0
ALFA,ALFA ROMEO GIULIETTA 3,2017.0,67322.0, Essence, automatique,15690.0
RENAULT,RENAULT KADJAR,2020.0,12696.0, Essence, mécanique,22450.0
PEUGEOT,PEUGEOT 108,2021.0,4409.0, Essence, mécanique,14020.0
OPEL,OPEL CROSSLAND X,2020.0,54025.0, Diesel, mécanique,19180.0
MERCEDES,MERCEDES CLASSE A 4,2022.0,17788.0, Diesel, automatique,38560.0
RENAULT,RENAULT CAPTUR 2,2021.0,30495.0, Essence, mécanique,17640.0
BMW,BMW SERIE 2 F45 ACTIVE TOURER,2019.0,69409.0, Diesel, automatique,26980.0
CITROEN,CITROEN C3 (3E GENERATION),2022.0,13634.0, Essence, mécanique,18890.0
PORSCHE,PORSCHE 911 TYPE 991 CABRIOLET TURBO,2015.0,48994.0, Essence, automatique,148390.0
BMW,BMW X1 F48,2022.0,13594.0, Diesel, automatique,60320.0
VOLKSWAGEN,VOLKSWAGEN POLO 6 GTI,2019.0,71400.0, Essence, automatique,24870.0
MERCEDES,MERCEDES CLASSE C 4,2017.0,112468.0, Diesel, automatique,24240.0
BMW,BMW X3 F25,2018.0,182852.0, Diesel, automatique,22380.0
PORSCHE,PORSCHE CAYENNE 2,2014.0,123507.0, Diesel, automatique,38580.0
PEUGEOT,PEUGEOT PARTNER 2 TEPEE,2017.0,105878.0, Diesel, mécanique,15000.0
SEAT,SEAT ATECA,2022.0,13.0, Diesel, automatique,39980.0
MAZDA,MAZDA MX5 (4E GENERATION) ST,2017.0,29549.0, Essence, mécanique,24270.0
PEUGEOT,PEUGEOT 2008,2020.0,7065.0, Essence, mécanique,17800.0
RENAULT,RENAULT SCENIC 4,2020.0,14674.0, Diesel, automatique,24400.0
SEAT,SEAT LEON 4,2022.0,10168.0, Essence, mécanique,32110.0
PORSCHE,PORSCHE 911 TYPE 911 TARGA,1990.0,201474.0, Essence, mécanique,157820.0
PEUGEOT,PEUGEOT 308,2013.0,91086.0, Diesel, mécanique,11360.0
HYUNDAI,HYUNDAI TUCSON 3,2017.0,111096.0, Diesel, mécanique,16830.0
PEUGEOT,PEUGEOT 308 (2E GENERATION),2015.0,95920.0, Diesel, mécanique,15970.0
CITROEN,CITROEN C3 (3E GENERATION),2020.0,49243.0, Essence, mécanique,16780.0
OPEL,OPEL CORSA 6,2021.0,3575.0, Essence, mécanique,14280.0
FORD,FORD KUGA,2013.0,165151.0, Diesel, mécanique,9490.0
SKODA,SKODA FABIA 3,2019.0,39475.0, Essence, mécanique,12400.0
OPEL,OPEL CORSA 5,2019.0,58496.0, Essence, mécanique,11220.0
MAZDA,MAZDA MX5 (4E GENERATION) RF,2018.0,37515.0, Essence, mécanique,31090.0
VOLVO,VOLVO XC60 (2E GENERATION),2019.0,68286.0, Diesel, automatique,40930.0
VOLKSWAGEN,VOLKSWAGEN POLO 5 ENTREPRISE,2018.0,105290.0, Diesel, mécanique,10420.0
PEUGEOT,PEUGEOT 308 (2E GENERATION) SW,2019.0,113087.0, Diesel, mécanique,16110.0
PEUGEOT,PEUGEOT 207 SW,2010.0,213189.0, Diesel, mécanique,6030.0
MINI,MINI MINI 3 5P,2019.0,33143.0, Essence, automatique,27160.0
CITROEN,CITROEN C3 ENTREPRISE (3E GENERATION),2019.0,37484.0, Diesel, mécanique,15110.0
PEUGEOT,PEUGEOT 5008 (2E GENERATION),2019.0,104563.0, Diesel, automatique,33800.0
PORSCHE,PORSCHE 911 TYPE 991 TARGA,2019.0,20460.0, Essence, automatique,221960.0
NISSAN,NISSAN PULSAR,2016.0,53899.0, Diesel, mécanique,11710.0
RENAULT,RENAULT CLIO 5,2022.0,4320.0, Essence, mécanique,18340.0
AUDI,AUDI A1 (2E GENERATION) SPORTBACK,2021.0,17799.0, Essence, automatique,31790.0
RENAULT,RENAULT CLIO 5,2022.0,11.0, Essence, mécanique,19320.0
PEUGEOT,PEUGEOT 208 (2E GENERATION),2021.0,19589.0, Essence, mécanique,22130.0
JAGUAR,JAGUAR F-PACE,2018.0,85120.0, Diesel, automatique,44680.0
RENAULT,RENAULT TRAFIC 3,2022.0,12.0, Diesel, mécanique,34160.0
VOLKSWAGEN,VOLKSWAGEN T-CROSS,2022.0,11.0, Essence, automatique,32460.0
RENAULT,RENAULT GRAND SCENIC 4,2019.0,74239.0, Diesel, mécanique,20510.0
PEUGEOT,PEUGEOT 3008 (2E GENERATION),2020.0,45206.0, Diesel, mécanique,30960.0
ALFA,ALFA ROMEO GIULIA 2,2022.0,12.0, Essence, automatique,65530.0
NISSAN,NISSAN QASHQAI 3,2022.0,11.0, Essence, mécanique,39420.0
AUDI,AUDI S5 CABRIOLET,2015.0,77732.0, Essence, automatique,34620.0
ASTON,ASTON MARTIN V8 VANTAGE,2014.0,25403.0, Essence, automatique,84780.0
FIAT,FIAT 500 (2E GENERATION),2019.0,42329.0, Essence, mécanique,12370.0
BMW,BMW X2 F39,2019.0,114921.0, Diesel, automatique,29680.0
PEUGEOT,PEUGEOT 3008 (2E GENERATION),2020.0,27896.0, Diesel, mécanique,31340.0
KIA,KIA STONIC,2022.0,120.0, Essence, mécanique,27040.0
LAND,LAND ROVER DISCOVERY SPORT,2022.0,10440.0, Diesel, automatique,72960.0
PEUGEOT,PEUGEOT 3008 (2E GENERATION),2022.0,2950.0, Diesel, automatique,45900.0
PEUGEOT,PEUGEOT 3008 (2E GENERATION),2017.0,118616.0, Diesel, mécanique,14700.0
HYUNDAI,HYUNDAI SANTA FE 4,2022.0,7052.0, Hybride essence électrique, automatique,58880.0
PEUGEOT,PEUGEOT 2008,2019.0,33940.0, Essence, mécanique,16940.0
MERCEDES,MERCEDES CLASSE C 3 SW,2019.0,99150.0, Diesel, automatique,25720.0
BMW,BMW SERIE 6 F12 CABRIOLET,2012.0,140662.0, Essence, automatique,31900.0
PEUGEOT,PEUGEOT 208 AFFAIRE,2018.0,122234.0, Diesel, mécanique,6850.0
NISSAN,NISSAN QASHQAI 2,2020.0,54246.0, Essence, mécanique,22030.0
PEUGEOT,PEUGEOT 3008 (2E GENERATION),2018.0,67911.0, Diesel, mécanique,22690.0
VOLKSWAGEN,VOLKSWAGEN TIGUAN 2 ALLSPACE,2021.0,21780.0, Diesel, automatique,49580.0
ASTON,ASTON MARTIN VANTAGE 2 ROADSTER,2010.0,87580.0, Essence, automatique,79440.0
AUDI,AUDI A4 (5E GENERATION) AVANT,2017.0,79948.0, Diesel, automatique,23520.0
JAGUAR,JAGUAR XK8 COUPE,2007.0,121232.0, Essence, automatique,27720.0
FIAT,FIAT 500 (2E GENERATION),2020.0,23728.0, Essence, mécanique,14670.0
SKODA,SKODA KAROQ,2022.0,107.0, Essence, mécanique,36360.0
LAND,LAND ROVER RANGE ROVER EVOQUE,2017.0,71104.0, Diesel, automatique,31340.0
PORSCHE,PORSCHE PANAMERA 2,2018.0,54612.0, Essence, automatique,116430.0
MERCEDES,MERCEDES CLASSE E 5,2020.0,28509.0, Diesel, automatique,52870.0
AUDI,AUDI Q7 (2E GENERATION),2019.0,106560.0, Diesel, automatique,52140.0
JAGUAR,JAGUAR E-PACE,2020.0,54233.0, Diesel, automatique,47790.0
SUZUKI,SUZUKI SWIFT 4,2018.0,48343.0, Essence, mécanique,15990.0
BMW,BMW SERIE 5 G31 TOURING,2018.0,22723.0, Diesel, automatique,45920.0
CITROEN,CITROEN C4 (3E GENERATION),2022.0,13806.0, Essence, automatique,28290.0
JEEP,JEEP WRANGLER 3,2016.0,96432.0, Diesel, automatique,49150.0
MERCEDES,MERCEDES SL 2,2005.0,48506.0, Essence, automatique,24360.0
VOLKSWAGEN,VOLKSWAGEN GOLF 7 R,2015.0,111305.0, Essence, automatique,29940.0
MAZDA,MAZDA MX5 (4E GENERATION) RF,2018.0,37235.0, Essence, mécanique,26630.0
BMW,BMW SERIE 2 F45 ACTIVE TOURER,2018.0,138360.0, Diesel, mécanique,18580.0
PORSCHE,PORSCHE MACAN,2019.0,51802.0, Essence, automatique,83660.0
TOYOTA,TOYOTA RAV 4 (5E GENERATION),2022.0,10726.0, Hybride essence électrique, automatique,51460.0
VOLKSWAGEN,VOLKSWAGEN CADDY 4 FOURGON,2018.0,53723.0, Essence, automatique,24340.0
MERCEDES,MERCEDES CLASSE C 4 SW,2017.0,126500.0, Diesel, automatique,26290.0
RENAULT,RENAULT CAPTUR,2016.0,143376.0, Diesel, mécanique,10450.0
BMW,BMW SERIE 4 F36 GRAN COUPE,2021.0,20384.0, Diesel, automatique,37780.0
CITROEN,CITROEN C4 (3E GENERATION),2022.0,1.0, Diesel, automatique,31880.0
PEUGEOT,PEUGEOT 2008,2020.0,30434.0, Essence, automatique,20680.0
CITROEN,CITROEN C4 PICASSO 2,2015.0,183372.0, Diesel, mécanique,8620.0
RENAULT,RENAULT CAPTUR 2,2022.0,11.0, Essence, mécanique,21610.0
MERCEDES,MERCEDES CLASSE C 2 AMG,2005.0,220898.0, Essence, automatique,18080.0
FIAT,FIAT 500 X,2020.0,24270.0, Essence, mécanique,19050.0
RENAULT,RENAULT CLIO 5,2022.0,12.0, Essence, mécanique,22370.0
NISSAN,NISSAN PULSAR,2018.0,46000.0, Essence, mécanique,13220.0
AUDI,AUDI A1 (2E GENERATION) SPORTBACK,2021.0,18910.0, Essence, automatique,32590.0
LAND,LAND ROVER FREELANDER 2,2012.0,195976.0, Diesel, mécanique,15840.0
JAGUAR,JAGUAR XJS CABRIOLET,1990.0,73763.0, Essence, automatique,35720.0
CITROEN,CITROEN C5 AIRCROSS,2021.0,29363.0, Diesel, automatique,29640.0
RENAULT,RENAULT CLIO 5,2022.0,105.0, Essence, automatique,20560.0
OPEL,OPEL CROSSLAND X,2021.0,5368.0, Essence, mécanique,20850.0
BMW,BMW SERIE 3 F30,2019.0,54848.0, Essence, automatique,31030.0
CITROEN,CITROEN BERLINGO 3 MULTISPACE,2020.0,145795.0, Diesel, mécanique,16780.0
PORSCHE,PORSCHE MACAN,2019.0,33063.0, Essence, automatique,86560.0
PEUGEOT,PEUGEOT EXPERT 3 FOURGON,2020.0,86699.0, Diesel, mécanique,30480.0
PORSCHE,PORSCHE TAYCAN,2021.0,12875.0, Electrique, automatique,212480.0
FIAT,FIAT 500 (2E GENERATION),2017.0,41776.0, Essence, automatique,16100.0
PEUGEOT,PEUGEOT 3008 (2E GENERATION),2019.0,42838.0, Diesel, automatique,29230.0
CITROEN,CITROEN C3 (3E GENERATION),2018.0,38041.0, Essence, mécanique,15970.0
MERCEDES,MERCEDES CLASSE A 3,2015.0,105495.0, Diesel, mécanique,15830.0
RENAULT,RENAULT TALISMAN ESTATE,2019.0,115601.0, Diesel, automatique,19710.0
BMW,BMW SERIE 5 G30,2019.0,62382.0, Diesel, automatique,39720.0
LAND,LAND ROVER RANGE ROVER SPORT 2,2019.0,82956.0, Diesel, automatique,76750.0
SEAT,SEAT IBIZA 5,2022.0,10040.0, Essence, mécanique,18060.0
BMW,BMW SERIE 4 F36 GRAN COUPE,2017.0,78828.0, Diesel, mécanique,21700.0
CITROEN,CITROEN C3 (3E GENERATION),2020.0,23022.0, Essence, mécanique,14850.0
JEEP,JEEP COMPASS 2,2022.0,12.0, Essence, automatique,42100.0
CITROEN,CITROEN C4 CACTUS,2020.0,2678.0, Essence, automatique,23970.0
PORSCHE,PORSCHE 911 TYPE 992,2020.0,10640.0, Essence, automatique,179080.0
MERCEDES,MERCEDES CLASSE C 5,2022.0,6720.0, Diesel, automatique,62160.0
MERCEDES,MERCEDES GLA,2020.0,22422.0, Essence, automatique,34300.0
PEUGEOT,PEUGEOT 208 (2E GENERATION),2021.0,16704.0, Essence, mécanique,23760.0
RENAULT,RENAULT CLIO 5,2022.0,11.0, Essence, automatique,21570.0
VOLKSWAGEN,VOLKSWAGEN T-ROC,2022.0,14848.0, Essence, automatique,33610.0
PEUGEOT,PEUGEOT 308 CC,2013.0,89388.0, Essence, automatique,17510.0
AUDI,AUDI A4 (5E GENERATION) AVANT,2021.0,16783.0, Diesel, automatique,47950.0
AUDI,AUDI Q5 (2E GENERATION),2021.0,8475.0, Diesel, automatique,50830.0
AUDI,AUDI A1 SPORTBACK,2019.0,71867.0, Diesel, automatique,21640.0
AUDI,AUDI A4 (5E GENERATION) AVANT,2017.0,85913.0, Diesel, mécanique,23740.0
BMW,BMW X5 F15,2018.0,48391.0, Diesel, automatique,65960.0
CITROEN,CITROEN C5 AIRCROSS,2022.0,5536.0, Essence, mécanique,32650.0
FIAT,FIAT TIPO 2,2018.0,78390.0, Essence, mécanique,14010.0
PEUGEOT,PEUGEOT 308 (2E GENERATION) SW,2017.0,100793.0, Diesel, automatique,20210.0
CITROEN,CITROEN C3 AIRCROSS,2019.0,47270.0, Diesel, mécanique,19450.0
PORSCHE,PORSCHE MACAN,2020.0,18964.0, Essence, automatique,91290.0
BMW,BMW X4 F26,2017.0,157731.0, Diesel, automatique,29370.0
BMW,BMW SERIE 2 F22 COUPE,2019.0,62751.0, Diesel, automatique,30140.0
SKODA,SKODA OCTAVIA 3 COMBI RS,2018.0,70448.0, Essence, mécanique,34390.0
VOLKSWAGEN,VOLKSWAGEN CRAFTER,2006.0,232780.0, Diesel, mécanique,11180.0
RENAULT,RENAULT KANGOO 2 EXPRESS,2019.0,5435.0, Diesel, mécanique,17620.0
BMW,BMW SERIE 4 F82 M4,2016.0,68280.0, Essence, automatique,59860.0
RENAULT,RENAULT CLIO 5,2022.0,12.0, Essence, mécanique,20220.0
MERCEDES,MERCEDES CLASSE R,2008.0,167860.0, Diesel, automatique,13610.0
PEUGEOT,PEUGEOT 508 (2E GENERATION) SW,2021.0,19009.0, Essence, automatique,46100.0
BMW,BMW X2 F39,2019.0,64767.0, Diesel, automatique,33280.0
NISSAN,NISSAN LEAF 2,2022.0,11.0, Electrique, automatique,25060.0
CITROEN,CITROEN C3 (3E GENERATION),2018.0,33858.0, Diesel, mécanique,11530.0
RENAULT,RENAULT ARKANA,2022.0,12.0, Essence, automatique,34380.0
OPEL,OPEL ASTRA 5 SPORTS TOURER,2021.0,43526.0, Diesel, automatique,24180.0
RENAULT,RENAULT CAPTUR 2,2021.0,10960.0, Diesel, mécanique,26110.0
PEUGEOT,PEUGEOT 308 (2E GENERATION) SW,2022.0,12.0, Diesel, mécanique,28180.0
BMW,BMW SERIE 1 F20 5 PORTES,2016.0,117007.0, Essence, mécanique,20530.0
MERCEDES,MERCEDES CLASSE E 4 CABRIOLET,2019.0,17542.0, Essence, automatique,61820.0
OPEL,OPEL CORSA 5,2017.0,46643.0, Essence, mécanique,12370.0
AUDI,AUDI SQ5,2017.0,127090.0, Diesel, automatique,42920.0
DS,DS DS 7 CROSSBACK,2021.0,6148.0, Hybride essence électrique, automatique,67260.0
PEUGEOT,PEUGEOT 2008 (2E GENERATION),2021.0,30027.0, Diesel, automatique,29830.0
PEUGEOT,PEUGEOT 208 (2E GENERATION),2021.0,17566.0, Essence, mécanique,24700.0
BMW,BMW X1 F48,2021.0,23820.0, Hybride essence électrique, automatique,46650.0
FIAT,FIAT TIPO 2,2022.0,11.0, Diesel, mécanique,27530.0
FORD,FORD FIESTA 6,2020.0,5208.0, Essence, mécanique,13610.0
MERCEDES,MERCEDES GLA 2,2021.0,30778.0, Diesel, automatique,52640.0
FORD,FORD FIESTA 6,2020.0,26522.0, Essence, mécanique,15910.0
PEUGEOT,PEUGEOT 2008 (2E GENERATION),2022.0,1.0, Essence, automatique,32120.0
VOLKSWAGEN,VOLKSWAGEN POLO 5 ENTREPRISE,2019.0,94883.0, Diesel, mécanique,13840.0
NISSAN,NISSAN QASHQAI 2,2017.0,102369.0, Diesel, automatique,19820.0
FORD,FORD MONDEO 4 SW,2019.0,128359.0, Diesel, mécanique,18580.0
DS,DS DS 5,2018.0,75825.0, Hybride diesel électrique, automatique,22530.0
PEUGEOT,PEUGEOT 308 (2E GENERATION),2020.0,89494.0, Essence, mécanique,18130.0
PEUGEOT,PEUGEOT 208 AFFAIRE,2019.0,45881.0, Diesel, mécanique,12160.0
JEEP,JEEP RENEGADE,2020.0,21160.0, Essence, mécanique,22640.0
PORSCHE,PORSCHE 911 TYPE 997,2009.0,94830.0, Essence, mécanique,64200.0
VOLKSWAGEN,VOLKSWAGEN T-ROC,2022.0,7831.0, Diesel, automatique,36130.0
BMW,BMW X1 F48,2022.0,11121.0, Diesel, automatique,53840.0
PEUGEOT,PEUGEOT 308 (2E GENERATION) SW,2019.0,22519.0, Essence, automatique,22360.0
VOLKSWAGEN,VOLKSWAGEN T-CROSS,2022.0,12.0, Essence, automatique,35360.0
MERCEDES,MERCEDES CLASSE C 4 CABRIOLET,2020.0,47190.0, Diesel, automatique,56730.0
DACIA,DACIA DUSTER 2,2021.0,22885.0, Essence, mécanique,17410.0
PORSCHE,PORSCHE MACAN,2018.0,32257.0, Essence, automatique,95430.0
BMW,BMW X2 F39,2020.0,13485.0, Diesel, automatique,36220.0
AUDI,AUDI A3 (2E GENERATION) CABRIOLET,2013.0,66886.0, Diesel, automatique,22210.0
MERCEDES,MERCEDES CLA SHOOTING BRAKE AMG,2019.0,38520.0, Essence, automatique,51250.0
FIAT,FIAT 500 (2E GENERATION),2019.0,16028.0, Essence, mécanique,12750.0
AUDI,AUDI S5 CABRIOLET,2010.0,62097.0, Essence, automatique,31010.0
AUDI,AUDI A3 (3E GENERATION) SPORTBACK,2018.0,45803.0, Diesel, mécanique,22010.0
PORSCHE,PORSCHE MACAN,2019.0,47775.0, Essence, automatique,64990.0
DS,DS DS 7 CROSSBACK,2020.0,125115.0, Essence, automatique,28130.0
VOLKSWAGEN,VOLKSWAGEN GOLF 8,2021.0,10593.0, Essence, automatique,31010.0
MINI,MINI MINI 3 5P,2020.0,18127.0, Essence, automatique,25300.0
AUDI,AUDI Q5 (2E GENERATION),2022.0,11977.0, Diesel, automatique,81480.0
OPEL,OPEL ANTARA,2008.0,184896.0, Diesel, automatique,8300.0
TOYOTA,TOYOTA AURIS 2,2018.0,27940.0, Hybride essence électrique, automatique,19190.0
PEUGEOT,PEUGEOT 2008 (2E GENERATION),2022.0,142.0, Diesel, mécanique,32430.0
PORSCHE,PORSCHE 911 TYPE 991 CABRIOLET TURBO,2016.0,53663.0, Essence, automatique,174620.0
PORSCHE,PORSCHE CAYENNE 3 COUPE,2020.0,2199.0, Hybride essence électrique, automatique,190630.0
AUDI,AUDI Q2,2019.0,63023.0, Diesel, automatique,26190.0
BMW,BMW SERIE 4 F83 CABRIOLET M4,2020.0,19186.0, Essence, automatique,85370.0
CHEVROLET,CHEVROLET CORVETTE C1 CABRIOLET,1959.0,28600.0, Essence, mécanique,81400.0
OPEL,OPEL CORSA 5,2018.0,103704.0, Diesel, mécanique,12580.0
MERCEDES,MERCEDES CLASSE CLC,2010.0,199369.0, Diesel, mécanique,11050.0
BMW,BMW SERIE 1 F40,2022.0,4280.0, Diesel, automatique,37430.0
PEUGEOT,PEUGEOT E-2008 (2E GENERATION),2021.0,10925.0, Electrique, automatique,36780.0
FIAT,FIAT 500 (2E GENERATION),2022.0,17424.0, Essence, mécanique,15710.0
BMW,BMW SERIE 1 F40,2020.0,16130.0, Diesel, mécanique,26890.0
AUDI,AUDI Q3,2020.0,114215.0, Diesel, automatique,30750.0
FIAT,FIAT 500,1973.0,25606.0, Essence, mécanique,11780.0
FIAT,FIAT TIPO 2 SW,2018.0,93644.0, Diesel, automatique,12700.0
VOLKSWAGEN,VOLKSWAGEN TIGUAN,2013.0,92251.0, Diesel, automatique,23380.0
AUDI,AUDI Q2,2021.0,15492.0, Essence, mécanique,32310.0
PEUGEOT,PEUGEOT 5008 (2E GENERATION),2019.0,89593.0, Diesel, automatique,27330.0
RENAULT,RENAULT TWINGO 2,2013.0,120640.0, Essence, mécanique,7520.0
OPEL,OPEL GRANDLAND X,2021.0,151.0, Hybride essence électrique, automatique,51900.0
RENAULT,RENAULT KANGOO 2 SOCIETE,2019.0,78090.0, Diesel, mécanique,13070.0
PEUGEOT,PEUGEOT 208 (2E GENERATION),2021.0,34307.0, Essence, mécanique,22660.0
CITROEN,CITROEN C3 (3E GENERATION),2020.0,3272.0, Essence, mécanique,18540.0
FORD,FORD FOCUS 4 SW,2022.0,12396.0, Essence, mécanique,29630.0
VOLKSWAGEN,VOLKSWAGEN TIGUAN 2 ALLSPACE,2019.0,57213.0, Diesel, automatique,45510.0
PORSCHE,PORSCHE 911 TYPE 997,2009.0,53021.0, Essence, automatique,91590.0
AUDI,AUDI A4 (5E GENERATION) AVANT,2020.0,9748.0, Diesel, automatique,36460.0
VOLKSWAGEN,VOLKSWAGEN GOLF 7,2020.0,42094.0, Essence, mécanique,27710.0
DODGE,DODGE RAM,2018.0,117270.0, Essence, automatique,61880.0
VOLKSWAGEN,VOLKSWAGEN GOLF 7,2015.0,73557.0, Diesel, automatique,18500.0
BMW,BMW SERIE 5 G31 TOURING,2021.0,19680.0, Diesel, automatique,66900.0
DACIA,DACIA SANDERO 2 STEPWAY,2020.0,31238.0, Diesel, mécanique,15840.0
OPEL,OPEL GRANDLAND X,2022.0,8021.0, Essence, automatique,38260.0
OPEL,OPEL CORSA 5,2018.0,60654.0, Essence, mécanique,10940.0
PEUGEOT,PEUGEOT 108,2022.0,5833.0, Essence, mécanique,14250.0
MERCEDES,MERCEDES GLC COUPE AMG,2019.0,64607.0, Essence, automatique,84630.0
VOLKSWAGEN,VOLKSWAGEN GOLF 7,2017.0,117600.0, Diesel, mécanique,16680.0
MAZDA,MAZDA 3 (4E GENERATION),2020.0,107600.0, Diesel, automatique,24270.0
AUDI,AUDI Q3,2017.0,83151.0, Diesel, automatique,26980.0
NISSAN,NISSAN MICRA 5,2022.0,12.0, Essence, mécanique,21440.0
PEUGEOT,PEUGEOT 308 (2E GENERATION) SW,2022.0,22609.0, Diesel, automatique,26480.0
PEUGEOT,PEUGEOT 2008 (2E GENERATION),2021.0,27731.0, Essence, automatique,29310.0
BMW,BMW SERIE 3 G20,2021.0,9184.0, Essence, automatique,45490.0
BMW,BMW SERIE 5 G31 TOURING,2018.0,73458.0, Diesel, automatique,38740.0
VOLKSWAGEN,VOLKSWAGEN POLO 5 ENTREPRISE,2017.0,149500.0, Diesel, mécanique,9080.0
PEUGEOT,PEUGEOT 308 (2E GENERATION),2016.0,122233.0, Diesel, mécanique,12480.0
RENAULT,RENAULT KANGOO 2 EXPRESS,2021.0,8903.0, Diesel, mécanique,14230.0
RENAULT,RENAULT MEGANE 4 ESTATE,2017.0,130140.0, Diesel, automatique,16180.0
DACIA,DACIA SANDERO 2,2018.0,39711.0, Essence, mécanique,9970.0
AUDI,AUDI A3 (4E GENERATION) SPORTBACK,2022.0,6360.0, Essence, automatique,37720.0
PEUGEOT,PEUGEOT 2008 (2E GENERATION),2022.0,1.0, Essence, mécanique,32860.0
PEUGEOT,PEUGEOT 3008 (2E GENERATION),2021.0,19641.0, Essence, mécanique,31780.0
AUDI,AUDI A3 (3E GENERATION) SPORTBACK,2021.0,9143.0, Essence, automatique,43010.0
CITROEN,CITROEN C3 (3E GENERATION),2018.0,37889.0, Diesel, mécanique,15910.0
VOLKSWAGEN,VOLKSWAGEN GOLF 7,2018.0,122040.0, Diesel, mécanique,21580.0
MINI,MINI MINI 3 CLUBMAN,2018.0,120700.0, Essence, automatique,26380.0
CITROEN,CITROEN C3 (2E GENERATION),2015.0,77000.0, Diesel, mécanique,10960.0
LAND,LAND ROVER RANGE ROVER SPORT 2,2016.0,124146.0, Diesel, automatique,48890.0
RENAULT,RENAULT CAPTUR,2019.0,46394.0, Essence, mécanique,17190.0
AUDI,AUDI RS Q3 (2E GENERATION),2020.0,16989.0, Essence, automatique,83420.0
CITROEN,CITROEN C1 (2E GENERATION),2017.0,82950.0, Essence, mécanique,6280.0
MAZDA,MAZDA CX-30,2022.0,9913.0, Essence, automatique,32990.0
MERCEDES,MERCEDES CLASSE A 4,2020.0,24409.0, Diesel, automatique,29840.0
CITROEN,CITROEN C4 CACTUS,2020.0,58040.0, Diesel, mécanique,14220.0
CHEVROLET,CHEVROLET CAMARO 6,2020.0,46545.0, Essence, automatique,61950.0
RENAULT,RENAULT KADJAR,2019.0,42471.0, Diesel, mécanique,19230.0
KIA,KIA STONIC,2022.0,21.0, Essence, mécanique,22210.0
RENAULT,RENAULT KADJAR,2022.0,12.0, Essence, automatique,27810.0
RENAULT,RENAULT CLIO 5,2022.0,12.0, Essence, mécanique,21030.0
BMW,BMW SERIE 3 G20,2022.0,14750.0, Diesel, automatique,44720.0
AUDI,AUDI Q3 (2E GENERATION),2020.0,28885.0, Essence, automatique,44570.0
MINI,MINI COUNTRYMAN 2,2019.0,88706.0, Diesel, mécanique,23580.0
RENAULT,RENAULT MEGANE 4,2020.0,45260.0, Diesel, automatique,24180.0
VOLVO,VOLVO XC40,2020.0,63978.0, Diesel, automatique,40530.0
AUDI,AUDI RS3 (2E GENERATION) SPORTBACK,2019.0,72000.0, Essence, automatique,70680.0
CITROEN,CITROEN C4 (2E GENERATION),2018.0,103221.0, Essence, mécanique,13400.0
PORSCHE,PORSCHE MACAN,2018.0,38599.0, Essence, automatique,89410.0
VOLKSWAGEN,VOLKSWAGEN COCCINELLE,2012.0,137008.0, Essence, automatique,18580.0
MINI,MINI COUNTRYMAN 2,2019.0,18544.0, Essence, automatique,35630.0
RENAULT,RENAULT CLIO 5,2020.0,13898.0, Essence, mécanique,18610.0
VOLKSWAGEN,VOLKSWAGEN T-ROC,2019.0,69703.0, Essence, mécanique,22740.0
MASERATI,MASERATI QUATTROPORTE 6,2015.0,91913.0, Essence, automatique,55520.0
FORD,FORD FOCUS 3 SW,2018.0,115795.0, Diesel, mécanique,12740.0
RENAULT,RENAULT CLIO 5,2022.0,11.0, Essence, mécanique,18600.0
SKODA,SKODA FABIA 3,2021.0,9463.0, Essence, mécanique,21980.0
FIAT,FIAT 500 (2E GENERATION),2019.0,32864.0, Essence, mécanique,12630.0
RENAULT,RENAULT CLIO 4,2019.0,45988.0, Diesel, mécanique,14500.0
MERCEDES,MERCEDES SL 2 AMG,2004.0,137622.0, Essence, automatique,39180.0
PEUGEOT,PEUGEOT 208,2020.0,11715.0, Essence, mécanique,16360.0
KIA,KIA SPORTAGE 4,2017.0,86044.0, Diesel, mécanique,18060.0
VOLKSWAGEN,VOLKSWAGEN TRANSPORTER 6,2019.0,99823.0, Diesel, mécanique,27580.0
MERCEDES,MERCEDES CLASSE B 3,2021.0,19583.0, Essence, automatique,37820.0
BMW,BMW X1 F48,2018.0,83329.0, Diesel, automatique,37500.0
PEUGEOT,PEUGEOT 2008,2019.0,51335.0, Essence, mécanique,17970.0
BMW,BMW SERIE 6 F06 GRAN COUPE M6,2014.0,74330.0, Essence, automatique,63580.0
CITROEN,CITROEN C5 AIRCROSS,2022.0,6743.0, Essence, mécanique,28640.0
BENTLEY,BENTLEY CONTINENTAL GT,2010.0,112320.0, Essence, automatique,68440.0
CITROEN,CITROEN C4 (3E GENERATION),2022.0,1.0, Essence, mécanique,29640.0
PORSCHE,PORSCHE BOXSTER 2 TYPE 987,2011.0,90203.0, Essence, automatique,49180.0
OPEL,OPEL CROSSLAND X,2019.0,29240.0, Essence, mécanique,13230.0
FIAT,FIAT 500 X,2022.0,11.0, Essence, mécanique,21780.0
PEUGEOT,PEUGEOT 208,2018.0,31193.0, Essence, mécanique,14610.0
LOTUS,LOTUS EVORA,2017.0,34416.0, Essence, mécanique,91280.0
DS,DS DS 7 CROSSBACK,2022.0,4683.0, Hybride essence électrique, automatique,57220.0
RENAULT,RENAULT CLIO 5,2022.0,12.0, Essence, mécanique,20210.0
CUPRA,CUPRA FORMENTOR,2021.0,9166.0, Essence, automatique,67720.0
OPEL,OPEL MOKKA X,2019.0,30710.0, Diesel, mécanique,19740.0
ALFA,ALFA ROMEO GIULIA 2 QUADRIFOGLIO,2018.0,126865.0, Essence, automatique,53480.0
FORD,FORD PUMA 2,2022.0,12960.0, Essence, mécanique,24730.0
CUPRA,CUPRA FORMENTOR,2022.0,11.0, Essence, automatique,38550.0
BMW,BMW X3 G01,2019.0,72736.0, Diesel, automatique,57110.0
PEUGEOT,PEUGEOT 308 (2E GENERATION) SW,2019.0,45680.0, Diesel, automatique,21480.0
PEUGEOT,PEUGEOT 5008,2016.0,107885.0, Diesel, mécanique,15240.0
MERCEDES,MERCEDES GLC,2020.0,66698.0, Diesel, automatique,49960.0
VOLKSWAGEN,VOLKSWAGEN TOURAN 3,2020.0,69556.0, Diesel, automatique,33290.0
BMW,BMW SERIE 5 G31 TOURING,2018.0,76680.0, Diesel, automatique,40440.0
AUDI,AUDI Q5,2014.0,177021.0, Diesel, automatique,25370.0
BMW,BMW SERIE 3 E93 CABRIOLET,2011.0,166389.0, Diesel, mécanique,18830.0
VOLKSWAGEN,VOLKSWAGEN GOLF 7 GTI,2021.0,15393.0, Essence, automatique,44460.0
FIAT,FIAT TALENTO,2019.0,66389.0, Diesel, mécanique,22800.0
VOLKSWAGEN,VOLKSWAGEN GOLF 7,2019.0,38069.0, Essence, mécanique,28150.0
CITROEN,CITROEN C5 AIRCROSS,2020.0,2837.0, Essence, mécanique,32050.0
RENAULT,RENAULT CLIO 4 ESTATE,2021.0,34650.0, Essence, mécanique,14680.0
ALFA,ALFA ROMEO STELVIO,2020.0,53537.0, Essence, automatique,48150.0
KIA,KIA STONIC,2022.0,11.0, Essence, mécanique,21040.0
VOLKSWAGEN,VOLKSWAGEN POLO 6,2022.0,10600.0, Essence, mécanique,18330.0
OPEL,OPEL GRANDLAND X,2019.0,66388.0, Diesel, mécanique,22210.0
HYUNDAI,HYUNDAI I40 SW,2019.0,128518.0, Diesel, automatique,20420.0
CITROEN,CITROEN C3 ENTREPRISE (2E GENERATION),2017.0,131225.0, Diesel, mécanique,8170.0
CITROEN,CITROEN C4 CACTUS,2019.0,126172.0, Diesel, mécanique,14860.0
FIAT,FIAT TIPO 2,2018.0,39379.0, Diesel, mécanique,18100.0
VOLKSWAGEN,VOLKSWAGEN TIGUAN 2,2022.0,15120.0, Diesel, automatique,42010.0
BMW,BMW SERIE 2 F45 ACTIVE TOURER,2018.0,51961.0, Diesel, automatique,27240.0
SKODA,SKODA FABIA 3,2022.0,17124.0, Essence, mécanique,19700.0
SEAT,SEAT LEON 4 ST,2022.0,20619.0, Diesel, automatique,36090.0
OPEL,OPEL CORSA 5,2019.0,63133.0, Essence, mécanique,10810.0
RENAULT,RENAULT MEGANE 4,2018.0,118741.0, Diesel, mécanique,16870.0
PEUGEOT,PEUGEOT 2008,2019.0,40997.0, Essence, mécanique,14670.0
RENAULT,RENAULT TALISMAN ESTATE,2020.0,104380.0, Diesel, automatique,22800.0
CITROEN,CITROEN BERLINGO 3 MULTISPACE,2022.0,4192.0, Diesel, mécanique,28500.0
VOLKSWAGEN,VOLKSWAGEN PASSAT 8 SW,2020.0,92645.0, Diesel, automatique,20640.0
VOLKSWAGEN,VOLKSWAGEN CADDY 4 FOURGON,2022.0,14880.0, Diesel, mécanique,22920.0
BMW,BMW SERIE 4 F82 M4,2018.0,67678.0, Essence, automatique,68910.0
BMW,BMW X1 F48,2019.0,92245.0, Diesel, automatique,31060.0
SEAT,SEAT ATECA,2019.0,60270.0, Essence, mécanique,25060.0
VOLKSWAGEN,VOLKSWAGEN TIGUAN 2,2021.0,11.0, Diesel, automatique,50040.0
VOLKSWAGEN,VOLKSWAGEN T-CROSS,2022.0,11.0, Essence, automatique,33040.0
AUDI,AUDI A4 (5E GENERATION) AVANT,2017.0,112138.0, Diesel, mécanique,20790.0
PEUGEOT,PEUGEOT 3008 (2E GENERATION),2022.0,8281.0, Hybride essence électrique, automatique,51400.0
BMW,BMW X4 F26,2016.0,140970.0, Diesel, automatique,28740.0
RENAULT,RENAULT CLIO 4,2019.0,38448.0, Essence, mécanique,13900.0
JEEP,JEEP COMPASS 2,2020.0,9628.0, Diesel, mécanique,28830.0
AUDI,AUDI A5 SPORTBACK (2E GENERATION),2022.0,26813.0, Diesel, automatique,60370.0
CITROEN,CITROEN C4 CACTUS,2020.0,67397.0, Diesel, mécanique,16360.0
AUDI,AUDI Q5,2015.0,143470.0, Diesel, automatique,29500.0
PEUGEOT,PEUGEOT 2008 (2E GENERATION),2021.0,22451.0, Essence, automatique,28620.0
SEAT,SEAT IBIZA 5,2020.0,35670.0, Essence, mécanique,14730.0
MERCEDES,MERCEDES CLASSE C 4 SW,2018.0,94656.0, Hybride diesel électrique, automatique,27730.0
VOLKSWAGEN,VOLKSWAGEN GOLF 8,2022.0,28090.0, Diesel, automatique,42420.0
BMW,BMW SERIE 1 E87 5 PORTES,2010.0,179331.0, Diesel, mécanique,10130.0
RENAULT,RENAULT KANGOO 2 EXPRESS,2017.0,85215.0, Diesel, mécanique,16230.0
FIAT,FIAT 500 X,2021.0,31503.0, Essence, mécanique,21330.0
VOLKSWAGEN,VOLKSWAGEN TIGUAN 2,2021.0,49735.0, Diesel, automatique,39580.0
BMW,BMW X1 F48,2019.0,50630.0, Diesel, automatique,31700.0
FORD,FORD C-MAX 2,2019.0,112041.0, Diesel, mécanique,16220.0
OPEL,OPEL MOKKA X,2018.0,101387.0, Diesel, mécanique,15380.0
MERCEDES,MERCEDES CLASSE E 5,2021.0,29129.0, Hybride diesel électrique, automatique,61860.0
OPEL,OPEL MOKKA X,2018.0,55412.0, Essence, automatique,19540.0
RENAULT,RENAULT CLIO 5,2022.0,11.0, Essence, mécanique,21070.0
CITROEN,CITROEN C4 (3E GENERATION),2022.0,121.0, Diesel, automatique,30840.0
FIAT,FIAT FIORINO 4 FOURGON,2019.0,28112.0, Diesel, mécanique,11740.0
BMW,BMW X4 F26,2016.0,153846.0, Diesel, automatique,37620.0
OPEL,OPEL GRANDLAND X,2018.0,35367.0, Essence, automatique,26550.0
PORSCHE,PORSCHE TAYCAN,2022.0,20024.0, Electrique, automatique,175130.0
AUDI,AUDI TT 2 S,2011.0,119400.0, Essence, automatique,28170.0
PEUGEOT,PEUGEOT 208,2018.0,64065.0, Diesel, mécanique,16380.0
PEUGEOT,PEUGEOT 108,2021.0,17054.0, Essence, mécanique,14360.0
FORD,FORD FOCUS 4,2022.0,11.0, Essence, mécanique,29620.0
VOLKSWAGEN,VOLKSWAGEN GOLF 8 GTI,2022.0,938.0, Essence, automatique,71120.0
VOLKSWAGEN,VOLKSWAGEN GOLF SPORTSVAN,2018.0,90191.0, Diesel, mécanique,17970.0
DS,DS DS 3,2017.0,76540.0, Diesel, mécanique,14820.0
RENAULT,RENAULT KADJAR,2022.0,12.0, Essence, automatique,30170.0
PORSCHE,PORSCHE CAYENNE 3 COUPE,2022.0,22040.0, Hybride essence électrique, automatique,160080.0
MERCEDES,MERCEDES VITO 3,2018.0,147620.0, Diesel, automatique,39800.0
AUDI,AUDI A4 (5E GENERATION) AVANT,2018.0,30580.0, Diesel, automatique,42610.0
DACIA,DACIA SANDERO 2,2020.0,14814.0, Essence, mécanique,8860.0
FIAT,FIAT 500 (2E GENERATION),2020.0,58958.0, Essence, mécanique,15970.0
ABARTH,ABARTH 500 (2E GENERATION),2019.0,28448.0, Essence, automatique,24620.0
PORSCHE,PORSCHE MACAN,2016.0,80938.0, Essence, automatique,69870.0
FORD,FORD F150,2019.0,37440.0, Essence, automatique,87630.0
CHEVROLET,CHEVROLET CAMARO 6,2018.0,46767.0, Essence, automatique,70090.0
PEUGEOT,PEUGEOT 208 (2E GENERATION),2021.0,24.0, Essence, mécanique,24580.0
VOLKSWAGEN,VOLKSWAGEN GOLF 6,2013.0,100580.0, Essence, mécanique,9610.0
PEUGEOT,PEUGEOT 2008 (2E GENERATION),2022.0,20689.0, Essence, automatique,36210.0
PEUGEOT,PEUGEOT 3008 (2E GENERATION),2022.0,10947.0, Hybride essence électrique, automatique,58910.0
DODGE,DODGE RAM,2022.0,21.0, Essence, automatique,146890.0
PEUGEOT,PEUGEOT 2008 (2E GENERATION),2020.0,12223.0, Diesel, automatique,31300.0
JAGUAR,JAGUAR F-PACE,2017.0,138021.0, Diesel, automatique,32740.0
PEUGEOT,PEUGEOT 308 (2E GENERATION) SW,2022.0,6328.0, Essence, mécanique,25870.0
CITROEN,CITROEN C3 (3E GENERATION),2019.0,27608.0, Essence, mécanique,13430.0
PEUGEOT,PEUGEOT 3008 (2E GENERATION),2019.0,61478.0, Diesel, mécanique,25940.0
BMW,BMW SERIE 1 F40,2022.0,10941.0, Essence, automatique,39750.0
NISSAN,NISSAN MICRA 5,2020.0,26991.0, Essence, mécanique,16220.0
CITROEN,CITROEN C3 AIRCROSS,2020.0,81755.0, Diesel, mécanique,18700.0
PEUGEOT,PEUGEOT 208,2015.0,123087.0, Essence, automatique,12900.0
VOLKSWAGEN,VOLKSWAGEN GOLF 7 GTI,2018.0,67980.0, Essence, automatique,29670.0
DS,DS DS 7 CROSSBACK,2020.0,24150.0, Hybride essence électrique, automatique,47140.0
AUDI,AUDI RS3 SPORTBACK,2016.0,58200.0, Essence, automatique,50380.0
PEUGEOT,PEUGEOT 207 CC,2009.0,142980.0, Essence, mécanique,7470.0
BMW,BMW X3 G01,2020.0,33250.0, Diesel, automatique,73610.0
DS,DS DS 7 CROSSBACK,2019.0,24304.0, Essence, automatique,40300.0
MAZDA,MAZDA MX5 (4E GENERATION) RF,2019.0,39632.0, Essence, mécanique,28020.0
CITROEN,CITROEN C3 (2E GENERATION),2017.0,66577.0, Diesel, mécanique,11650.0
MAZDA,MAZDA MX5 (3E GENERATION),2007.0,97377.0, Essence, mécanique,16290.0
VOLKSWAGEN,VOLKSWAGEN TIGUAN 2,2022.0,10998.0, Diesel, automatique,44430.0
RENAULT,RENAULT KADJAR,2019.0,43517.0, Essence, automatique,17470.0
CITROEN,CITROEN JUMPY 3 FOURGON,2018.0,118264.0, Diesel, mécanique,20040.0
MERCEDES,MERCEDES CLASSE C 4 SW,2019.0,84984.0, Diesel, automatique,37040.0
RENAULT,RENAULT SCENIC 3,2016.0,124505.0, Diesel, mécanique,15610.0
MERCEDES,MERCEDES CLASSE A 3,2018.0,77025.0, Diesel, automatique,22380.0
PEUGEOT,PEUGEOT 208 (2E GENERATION),2022.0,11029.0, Diesel, mécanique,23820.0
MERCEDES,MERCEDES GLA,2017.0,130900.0, Diesel, automatique,22490.0
VOLKSWAGEN,VOLKSWAGEN GOLF 7,2020.0,48000.0, Essence, automatique,25180.0
FORD,FORD MONDEO 4,2016.0,90266.0, Essence, mécanique,17090.0
VOLKSWAGEN,VOLKSWAGEN T-ROC,2022.0,13888.0, Essence, automatique,35830.0
MERCEDES,MERCEDES SLK 3,2014.0,106763.0, Essence, automatique,26230.0
PEUGEOT,PEUGEOT 2008,2019.0,50717.0, Essence, mécanique,19530.0
KIA,KIA RIO 3,2019.0,63769.0, Diesel, mécanique,15030.0
BMW,BMW SERIE 1 F21 3 PORTES,2019.0,70915.0, Essence, automatique,26070.0
RENAULT,RENAULT ZOE,2020.0,6826.0, Electrique, automatique,23970.0
PORSCHE,PORSCHE MACAN,2019.0,62880.0, Essence, automatique,100680.0
MINI,MINI MINI 3 3P,2019.0,43313.0, Diesel, automatique,30340.0
VOLKSWAGEN,VOLKSWAGEN GOLF 7,2016.0,81740.0, Essence, mécanique,18170.0
VOLKSWAGEN,VOLKSWAGEN POLO 6,2020.0,42126.0, Essence, mécanique,14260.0
SEAT,SEAT ARONA,2019.0,48281.0, Essence, mécanique,15780.0
BMW,BMW SERIE 5 G30,2018.0,107445.0, Diesel, automatique,40340.0
NISSAN,NISSAN X-TRAIL 3,2018.0,96137.0, Diesel, mécanique,18640.0
CITROEN,CITROEN C4 CACTUS,2020.0,83039.0, Essence, automatique,18040.0
OPEL,OPEL INSIGNIA 2 SPORTS TOURER,2021.0,29.0, Diesel, automatique,30930.0
SEAT,SEAT ATECA,2018.0,77688.0, Essence, automatique,24980.0
CITROEN,CITROEN C4 PICASSO 2,2018.0,105722.0, Diesel, mécanique,15910.0
RENAULT,RENAULT MEGANE 4,2021.0,18419.0, Diesel, mécanique,23110.0
PEUGEOT,PEUGEOT 3008 (2E GENERATION),2018.0,25915.0, Essence, mécanique,25180.0
CITROEN,CITROEN C3 AIRCROSS,2020.0,17738.0, Essence, mécanique,18860.0
PEUGEOT,PEUGEOT 2008 (2E GENERATION),2022.0,11.0, Essence, automatique,30780.0
FIAT,FIAT TIPO 2 SW,2020.0,56128.0, Diesel, mécanique,16570.0
RENAULT,RENAULT CLIO 5,2020.0,34291.0, Essence, mécanique,17420.0
RENAULT,RENAULT KADJAR,2021.0,37816.0, Diesel, mécanique,24690.0
VOLKSWAGEN,VOLKSWAGEN GOLF SPORTSVAN,2020.0,23521.0, Essence, mécanique,25280.0
BMW,BMW SERIE 5 G30,2020.0,67014.0, Diesel, automatique,39230.0
RENAULT,RENAULT CAPTUR,2020.0,57511.0, Essence, mécanique,19110.0
LAND,LAND ROVER RANGE ROVER SPORT 2,2018.0,173228.0, Diesel, automatique,44380.0
AUDI,AUDI A3 (3E GENERATION) SPORTBACK,2020.0,34720.0, Essence, automatique,25180.0
MERCEDES,MERCEDES CLASSE C 5 SW,2022.0,11235.0, Diesel, automatique,42690.0
PEUGEOT,PEUGEOT 3008 (2E GENERATION),2022.0,8478.0, Essence, mécanique,38120.0
VOLKSWAGEN,VOLKSWAGEN POLO 5,2015.0,128526.0, Diesel, mécanique,13290.0
BMW,BMW SERIE 1 F20 5 PORTES,2019.0,26515.0, Essence, mécanique,25710.0
CITROEN,CITROEN C1 (2E GENERATION),2020.0,45260.0, Essence, mécanique,9700.0
CITROEN,CITROEN C3 (3E GENERATION),2020.0,42958.0, Diesel, mécanique,15000.0
RENAULT,RENAULT KADJAR,2019.0,61310.0, Diesel, automatique,21940.0
FORD,FORD FOCUS 4,2022.0,11.0, Essence, mécanique,25600.0
NISSAN,NISSAN X-TRAIL 3,2017.0,51648.0, Diesel, mécanique,22110.0
PEUGEOT,PEUGEOT 3008 (2E GENERATION),2019.0,69205.0, Diesel, mécanique,24840.0
BMW,BMW X2 F39,2021.0,29702.0, Diesel, automatique,46990.0
SUZUKI,SUZUKI IGNIS 3,2021.0,1940.0, Essence, mécanique,17380.0
MERCEDES,MERCEDES CLASSE B 2,2017.0,139268.0, Diesel, automatique,20380.0
PEUGEOT,PEUGEOT 308 SW,2009.0,186820.0, Diesel, mécanique,9980.0
JAGUAR,JAGUAR XJ8,2004.0,148941.0, Essence, automatique,19010.0
RENAULT,RENAULT TRAFIC 3,2019.0,146135.0, Diesel, mécanique,17780.0
OPEL,OPEL ADAM,2019.0,32462.0, Essence, mécanique,12950.0
PORSCHE,PORSCHE 911 TYPE 991,2018.0,89271.0, Essence, automatique,130690.0
CITROEN,CITROEN C4 PICASSO 2,2018.0,144950.0, Diesel, automatique,15780.0
AUDI,AUDI Q3,2015.0,155598.0, Diesel, mécanique,21330.0
BMW,BMW SERIE 3 GT F34,2018.0,136880.0, Diesel, mécanique,22020.0
DACIA,DACIA LOGAN 2 MCV,2017.0,88061.0, Essence, mécanique,9610.0
RENAULT,RENAULT KADJAR,2018.0,65572.0, Essence, automatique,18000.0
BMW,BMW Z4 G29,2020.0,10452.0, Essence, automatique,69850.0
VOLKSWAGEN,VOLKSWAGEN POLO 6,2022.0,7400.0, Essence, automatique,26140.0
RENAULT,RENAULT CLIO 4 SOCIETE,2017.0,72386.0, Diesel, mécanique,11230.0
VOLKSWAGEN,VOLKSWAGEN PASSAT 8,2019.0,39689.0, Hybride essence électrique, automatique,29190.0
TOYOTA,TOYOTA COROLLA 12,2022.0,7894.0, Hybride essence électrique, automatique,29480.0
PEUGEOT,PEUGEOT 5008 (2E GENERATION),2019.0,110694.0, Diesel, automatique,34360.0
PORSCHE,PORSCHE 911 TYPE 997 CABRIOLET,2006.0,124976.0, Essence, automatique,51340.0
VOLVO,VOLVO XC60 (2E GENERATION),2022.0,13415.0, Hybride essence électrique, automatique,60390.0
VOLKSWAGEN,VOLKSWAGEN TIGUAN 2,2018.0,139851.0, Diesel, mécanique,23600.0
AUDI,AUDI Q5,2016.0,62620.0, Essence, automatique,35940.0
MERCEDES,MERCEDES CLASSE A 3,2014.0,115800.0, Diesel, automatique,22780.0
MINI,MINI MINI 2 3P,2013.0,101244.0, Diesel, automatique,13090.0
PEUGEOT,PEUGEOT 2008,2020.0,36448.0, Diesel, mécanique,20570.0
FORD,FORD MUSTANG 5 COUPE,2014.0,39974.0, Essence, mécanique,64790.0
AUDI,AUDI Q5 (2E GENERATION),2021.0,25446.0, Diesel, automatique,53920.0
RENAULT,RENAULT CLIO 5,2022.0,12.0, Essence, automatique,22470.0
PEUGEOT,PEUGEOT PARTNER 2 FOURGON,2018.0,26893.0, Electrique, automatique,16320.0
ASTON,ASTON MARTIN DB11,2018.0,19360.0, Essence, automatique,188760.0
JAGUAR,JAGUAR F-PACE,2017.0,48097.0, Diesel, automatique,40100.0
NISSAN,NISSAN QASHQAI 2,2015.0,113283.0, Essence, automatique,17820.0
RENAULT,RENAULT MASTER 3,2022.0,1.0, Diesel, mécanique,36160.0
FIAT,FIAT 500 X,2020.0,101794.0, Diesel, mécanique,18130.0
DACIA,DACIA SANDERO 2,2018.0,32818.0, Essence, mécanique,12180.0
VOLKSWAGEN,VOLKSWAGEN POLO 6,2022.0,12.0, Essence, mécanique,27650.0
MINI,MINI COUNTRYMAN 2,2019.0,33966.0, Essence, mécanique,25900.0
AUDI,AUDI RS4 (5E GENERATION) AVANT,2019.0,67276.0, Essence, automatique,99080.0
DS,DS DS 4,2017.0,116792.0, Diesel, automatique,15210.0
AUDI,AUDI Q5 (2E GENERATION),2019.0,48991.0, Diesel, automatique,49590.0
BMW,BMW SERIE 3 E93 CABRIOLET,2014.0,106038.0, Diesel, mécanique,26200.0
PEUGEOT,PEUGEOT 308 (2E GENERATION) SW,2019.0,110221.0, Diesel, automatique,20980.0
PEUGEOT,PEUGEOT 308 (2E GENERATION) SW,2022.0,6148.0, Essence, mécanique,21090.0
VOLKSWAGEN,VOLKSWAGEN TIGUAN 2 ALLSPACE,2022.0,11600.0, Diesel, automatique,51730.0
MAZDA,MAZDA MX5,2000.0,123170.0, Essence, mécanique,9020.0
VOLKSWAGEN,VOLKSWAGEN TOUAREG 2,2017.0,64323.0, Diesel, automatique,38730.0
CITROEN,CITROEN BERLINGO 3 MULTISPACE,2022.0,7137.0, Diesel, mécanique,25700.0
PEUGEOT,PEUGEOT 3008 (2E GENERATION),2022.0,2912.0, Hybride essence électrique, automatique,48620.0
RENAULT,RENAULT CLIO 5,2020.0,59335.0, Diesel, mécanique,15200.0
CITROEN,CITROEN C3 AIRCROSS,2020.0,16138.0, Essence, mécanique,21400.0
OPEL,OPEL ASTRA 5 SPORTS TOURER,2019.0,29224.0, Essence, ,17580.0
PEUGEOT,PEUGEOT 208,2017.0,52639.0, Diesel, mécanique,14980.0
RENAULT,RENAULT MEGANE 4,2019.0,63879.0, Essence, mécanique,14680.0
AUDI,AUDI Q3 (2E GENERATION),2021.0,12226.0, Hybride essence électrique, automatique,80350.0
TOYOTA,TOYOTA RAV 4 (5E GENERATION),2020.0,22487.0, Hybride essence électrique, automatique,45180.0
PEUGEOT,PEUGEOT 3008 (2E GENERATION),2022.0,5336.0, Hybride essence électrique, automatique,44070.0
BMW,BMW SERIE 2 F46 GRAN TOURER,2018.0,91488.0, Diesel, automatique,28040.0
PORSCHE,PORSCHE MACAN,2018.0,38812.0, Essence, automatique,74180.0
PEUGEOT,PEUGEOT 3008 (2E GENERATION),2021.0,33542.0, Diesel, automatique,36190.0
CITROEN,CITROEN SPACETOURER,2020.0,40111.0, Diesel, mécanique,30720.0
AUDI,AUDI Q5,2018.0,79518.0, Diesel, automatique,33810.0
PEUGEOT,PEUGEOT 308 CC,2012.0,167339.0, Diesel, mécanique,12010.0
PEUGEOT,PEUGEOT 508 (2E GENERATION) SW,2021.0,28905.0, Hybride essence électrique, automatique,46610.0
AUDI,AUDI A1 (2E GENERATION) CITYCARVER,2021.0,2209.0, Essence, mécanique,27620.0
PORSCHE,PORSCHE 911 TYPE 992 TARGA,2021.0,9889.0, Essence, automatique,214390.0
PEUGEOT,PEUGEOT 2008,2018.0,42719.0, Diesel, mécanique,19780.0
AUDI,AUDI A6 (4E GENERATION) AVANT,2019.0,79502.0, Essence, automatique,37160.0
BMW,BMW SERIE 1 F21 3 PORTES,2019.0,60062.0, Diesel, automatique,34790.0
MERCEDES-AMG,MERCEDES-AMG GT ROADSTER,2019.0,36297.0, Essence, automatique,135300.0
DS,DS DS 3 CROSSBACK,2021.0,9234.0, Essence, automatique,31300.0
OPEL,OPEL GRANDLAND X,2021.0,19215.0, Diesel, automatique,28330.0
CITROEN,CITROEN C4 CACTUS,2021.0,14686.0, Essence, mécanique,17260.0
BMW,BMW SERIE 5 G31 TOURING,2018.0,74276.0, Diesel, automatique,44500.0
PEUGEOT,PEUGEOT 208 (2E GENERATION),2020.0,49519.0, Diesel, mécanique,19870.0
RENAULT,RENAULT MEGANE 4,2022.0,12.0, Diesel, mécanique,28040.0
AUDI,AUDI Q5 (2E GENERATION),2020.0,67724.0, Diesel, automatique,49120.0
PEUGEOT,PEUGEOT 2008,2018.0,112597.0, Diesel, mécanique,13060.0
AUDI,AUDI S3 (3E GENERATION) BERLINE,2018.0,53675.0, Essence, automatique,39530.0
PORSCHE,PORSCHE BOXSTER 3 TYPE 981,2013.0,78883.0, Essence, mécanique,50730.0
CITROEN,CITROEN C-ZERO,2018.0,17351.0, Electrique, automatique,13630.0
RENAULT,RENAULT CAPTUR,2016.0,123726.0, Diesel, automatique,12530.0
PEUGEOT,PEUGEOT 508,2014.0,138921.0, Hybride diesel électrique, automatique,13910.0
RENAULT,RENAULT CLIO 5,2022.0,12.0, Essence, automatique,24770.0
CITROEN,CITROEN C4 SPACETOURER,2019.0,76224.0, Diesel, mécanique,19610.0
BMW,BMW I3,2020.0,30230.0, Electrique, automatique,35530.0
CITROEN,CITROEN C4 PICASSO 2,2018.0,106861.0, Diesel, mécanique,16500.0
LAND,LAND ROVER RANGE ROVER VELAR,2021.0,33499.0, Diesel, automatique,83180.0
RENAULT,RENAULT MEGANE 4,2017.0,68256.0, Diesel, mécanique,14560.0
VOLKSWAGEN,VOLKSWAGEN GOLF 8,2022.0,108.0, Essence, automatique,36600.0
MASERATI,MASERATI LEVANTE,2019.0,19775.0, Essence, automatique,102710.0
PEUGEOT,PEUGEOT BOXER 2,2019.0,83640.0, Diesel, mécanique,19930.0
DS,DS DS 4 CROSSBACK,2018.0,65182.0, Essence, mécanique,20860.0
CITROEN,CITROEN C3 AIRCROSS,2020.0,52593.0, Diesel, mécanique,19530.0
SKODA,SKODA FABIA 3,2022.0,8851.0, Essence, automatique,19010.0
PEUGEOT,PEUGEOT 508 (2E GENERATION),2020.0,33877.0, Diesel, automatique,35320.0
VOLVO,VOLVO XC40,2020.0,49513.0, Diesel, automatique,36640.0
AUDI,AUDI Q2,2022.0,21600.0, Essence, automatique,39850.0
RENAULT,RENAULT CLIO 4,2018.0,49020.0, Diesel, mécanique,12530.0
MERCEDES,MERCEDES CLASSE C 4,2022.0,31178.0, Diesel, automatique,47980.0
BMW,BMW X2 F39,2019.0,87511.0, Diesel, automatique,45730.0
AUDI,AUDI A3 (4E GENERATION) SPORTBACK,2021.0,11400.0, Hybride essence électrique, automatique,53880.0
CITROEN,CITROEN C3 (3E GENERATION),2022.0,17927.0, Essence, mécanique,20890.0
RENAULT,RENAULT MEGANE 4,2022.0,12.0, Diesel, automatique,30480.0
VOLKSWAGEN,VOLKSWAGEN TIGUAN 2,2019.0,60741.0, Diesel, automatique,37370.0
OPEL,OPEL GRANDLAND X,2020.0,32675.0, Essence, automatique,25090.0
TOYOTA,TOYOTA COROLLA 12 TOURING SPORTS,2022.0,8260.0, Hybride essence électrique, automatique,38330.0
RENAULT,RENAULT SCENIC 4,2019.0,32678.0, Diesel, mécanique,19060.0
NISSAN,NISSAN JUKE,2019.0,65749.0, Diesel, mécanique,14080.0
RENAULT,RENAULT CLIO 5,2022.0,125.0, Essence, mécanique,22860.0
VOLKSWAGEN,VOLKSWAGEN GOLF 7,2016.0,88215.0, Essence, automatique,19820.0
PEUGEOT,PEUGEOT 208 AFFAIRE,2019.0,53844.0, Diesel, mécanique,14250.0
FORD,FORD KUGA 2,2019.0,131679.0, Diesel, mécanique,19950.0
ALFA,ALFA ROMEO GIULIETTA 3,2018.0,97603.0, Diesel, mécanique,15790.0
PEUGEOT,PEUGEOT 3008 (2E GENERATION),2022.0,2590.0, Diesel, automatique,40100.0
VOLVO,VOLVO XC60,2017.0,80715.0, Diesel, automatique,30490.0
PEUGEOT,PEUGEOT 208 (2E GENERATION),2021.0,24285.0, Essence, mécanique,18120.0
MINI,MINI MINI 3 5P,2018.0,65886.0, Diesel, automatique,23570.0
PEUGEOT,PEUGEOT 3008 (2E GENERATION),2020.0,52250.0, Essence, mécanique,24980.0
JAGUAR,JAGUAR F-PACE,2018.0,46358.0, Diesel, automatique,39180.0
DACIA,DACIA SANDERO 2 STEPWAY,2022.0,12876.0, Essence, automatique,18430.0
PEUGEOT,PEUGEOT 308 (2E GENERATION) SW,2017.0,125738.0, Diesel, mécanique,14010.0
MERCEDES,MERCEDES CLASSE C 4 COUPE,2020.0,36922.0, Diesel, automatique,50340.0
OPEL,OPEL INSIGNIA 2 GRAND SPORT,2018.0,97001.0, Diesel, mécanique,23210.0
CITROEN,CITROEN C1 (2E GENERATION),2022.0,4551.0, Essence, mécanique,12190.0
PEUGEOT,PEUGEOT 3008 (2E GENERATION),2019.0,84210.0, Diesel, mécanique,28130.0
RENAULT,RENAULT CLIO 4,2017.0,137313.0, Diesel, mécanique,8540.0
JAGUAR,JAGUAR XF 2,2020.0,23997.0, Diesel, automatique,38100.0
TOYOTA,TOYOTA COROLLA 12,2021.0,14874.0, Hybride essence électrique, automatique,26320.0
PORSCHE,PORSCHE 911 TYPE 991 TURBO,2014.0,61094.0, Essence, automatique,149830.0
PEUGEOT,PEUGEOT 207 CC,2013.0,175080.0, Essence, mécanique,7080.0
BMW,BMW SERIE 2 F45 ACTIVE TOURER,2018.0,36703.0, Hybride essence électrique, automatique,28330.0
BMW,BMW SERIE 5 F10,2014.0,131639.0, Diesel, automatique,35680.0
MERCEDES,MERCEDES GLC,2017.0,84975.0, Hybride essence électrique, automatique,40100.0
FORD,FORD MUSTANG 6 COUPE,2017.0,35520.0, Essence, mécanique,90900.0
CITROEN,CITROEN JUMPY 3 FOURGON,2019.0,239251.0, Diesel, mécanique,16080.0
RENAULT,RENAULT CLIO 5,2022.0,13.0, Diesel, mécanique,26230.0
CITROEN,CITROEN C3 (3E GENERATION),2019.0,50588.0, Diesel, mécanique,15820.0
NISSAN,NISSAN 370Z ROADSTER,2014.0,63063.0, Essence, automatique,33910.0
PORSCHE,PORSCHE TAYCAN,2022.0,4398.0, Electrique, automatique,133730.0
PEUGEOT,PEUGEOT 108,2021.0,14508.0, Essence, mécanique,13620.0
AUDI,AUDI A3 (3E GENERATION) SPORTBACK,2018.0,126429.0, Diesel, mécanique,16620.0
FIAT,FIAT 500 X,2022.0,6.0, Essence, mécanique,36720.0
MERCEDES,MERCEDES CLASSE E 5 BREAK,2018.0,78868.0, Diesel, automatique,34660.0
PEUGEOT,PEUGEOT 308 (2E GENERATION) SW,2019.0,164578.0, Diesel, mécanique,12060.0
LAND,LAND ROVER RANGE ROVER SPORT 2,2021.0,8245.0, Hybride essence électrique, automatique,136680.0
OPEL,OPEL CORSA 6,2021.0,8800.0, Electrique, automatique,27280.0
FIAT,FIAT DUCATO 3,2016.0,98280.0, Diesel, mécanique,17170.0
BMW,BMW SERIE 5 G31 TOURING,2019.0,115388.0, Diesel, automatique,38620.0
PEUGEOT,PEUGEOT 3008 (2E GENERATION),2020.0,65805.0, Diesel, automatique,33190.0
BMW,BMW SERIE 3 F30,2018.0,74228.0, Diesel, automatique,21780.0
RENAULT,RENAULT CLIO 4,2019.0,43581.0, Diesel, mécanique,14500.0
DODGE,DODGE RAM,2022.0,21.0, Essence, automatique,71970.0
PEUGEOT,PEUGEOT 308 (2E GENERATION) SW,2022.0,6758.0, Diesel, mécanique,28540.0
CHEVROLET,CHEVROLET C20,1972.0,27250.0, Essence, automatique,31500.0
PEUGEOT,PEUGEOT 208,2020.0,21226.0, Essence, automatique,19420.0
PEUGEOT,PEUGEOT 308,2010.0,144300.0, Essence, mécanique,6090.0
AUDI,AUDI A3 (3E GENERATION) SPORTBACK,2018.0,82620.0, Diesel, automatique,19590.0
RENAULT,RENAULT CAPTUR 2,2022.0,4815.0, Essence, automatique,26200.0
PEUGEOT,PEUGEOT 2008,2019.0,27822.0, Diesel, mécanique,19600.0
RENAULT,RENAULT CLIO 4 SOCIETE,2018.0,110179.0, Diesel, mécanique,8660.0
ALFA,ALFA ROMEO STELVIO,2020.0,106501.0, Diesel, automatique,33230.0
RENAULT,RENAULT CAPTUR,2018.0,104741.0, Diesel, mécanique,14250.0
CITROEN,CITROEN C4 (3E GENERATION),2022.0,1.0, Essence, mécanique,28510.0
VOLKSWAGEN,VOLKSWAGEN GOLF 8,2022.0,62.0, Diesel, automatique,60140.0
PEUGEOT,PEUGEOT 308 (2E GENERATION),2017.0,129402.0, Diesel, mécanique,14380.0
LAND,LAND ROVER RANGE ROVER SPORT 2,2021.0,21090.0, Hybride essence électrique, automatique,113220.0
BMW,BMW SERIE 1 F20 5 PORTES,2019.0,84567.0, Diesel, automatique,20400.0
AUDI,AUDI A5 SPORTBACK (2E GENERATION),2021.0,24184.0, Diesel, automatique,48770.0
FORD,FORD FOCUS 4,2020.0,49433.0, Diesel, mécanique,20690.0
MERCEDES,MERCEDES CLASSE C 4,2020.0,32330.0, Hybride diesel électrique, automatique,49950.0
BMW,BMW SERIE 2 F23 CABRIOLET,2019.0,37145.0, Diesel, automatique,31570.0
TOYOTA,TOYOTA RAV 4,2022.0,8091.0, Hybride diesel électrique, automatique,40580.0
RENAULT,RENAULT CAPTUR 2,2022.0,12.0, Essence, mécanique,24090.0
PEUGEOT,PEUGEOT 308 (2E GENERATION) GTI,2018.0,140841.0, Essence, mécanique,24090.0
PORSCHE,PORSCHE BOXSTER TYPE 986,2002.0,81754.0, Essence, automatique,22360.0
FIAT,FIAT 500 X,2022.0,11.0, Essence, mécanique,20310.0
MAZDA,MAZDA MX5 (4E GENERATION) ST,2017.0,49145.0, Essence, mécanique,22450.0
FORD,FORD FOCUS 3 ST,2018.0,43530.0, Essence, mécanique,33020.0
TOYOTA,TOYOTA AURIS 2,2019.0,31011.0, Essence, mécanique,17100.0
CITROEN,CITROEN C1 (2E GENERATION),2020.0,43420.0, Essence, mécanique,9430.0
SMART,SMART FORFOUR 2,2017.0,47500.0, Essence, mécanique,11230.0
PEUGEOT,PEUGEOT 3008 (2E GENERATION),2019.0,63231.0, Essence, mécanique,23610.0
MINI,MINI MINI 3 JCW 3P,2021.0,2310.0, Essence, automatique,59290.0
PEUGEOT,PEUGEOT 208,2015.0,127212.0, Essence, mécanique,7860.0
CITROEN,CITROEN SPACETOURER,2020.0,25145.0, Diesel, mécanique,32080.0
MAZDA,MAZDA CX-5 (2E GENERATION),2022.0,9920.0, Diesel, mécanique,47350.0
BMW,BMW I8 ROADSTER,2021.0,1344.0, Hybride essence électrique, automatique,152200.0
AUDI,AUDI A1 (2E GENERATION) SPORTBACK,2021.0,15240.0, Essence, automatique,29850.0
CITROEN,CITROEN C3 (3E GENERATION),2020.0,23252.0, Essence, mécanique,18380.0
PEUGEOT,PEUGEOT 208,2019.0,26875.0, Essence, mécanique,14540.0
AUDI,AUDI A3 (3E GENERATION) SPORTBACK,2017.0,52668.0, Essence, automatique,22580.0
SEAT,SEAT ATECA,2021.0,6250.0, Diesel, automatique,39350.0
RENAULT,RENAULT KADJAR,2020.0,32844.0, Diesel, mécanique,24380.0
PEUGEOT,PEUGEOT 207 SW,2014.0,100440.0, Essence, mécanique,9580.0
OPEL,OPEL CROSSLAND X,2021.0,27150.0, Diesel, automatique,23080.0
ALFA,ALFA ROMEO GIULIA 2,2018.0,49242.0, Essence, automatique,38280.0
NISSAN,NISSAN QASHQAI 2,2019.0,27843.0, Essence, mécanique,24780.0
BMW,BMW SERIE 1 F40,2022.0,6738.0, Essence, automatique,37720.0
CITROEN,CITROEN C3 (3E GENERATION),2020.0,46570.0, Essence, mécanique,15380.0
OPEL,OPEL CROSSLAND,2022.0,18.0, Diesel, mécanique,25580.0
VOLKSWAGEN,VOLKSWAGEN GOLF 8,2022.0,13987.0, Diesel, automatique,45070.0
LAND,LAND ROVER RANGE ROVER VELAR,2022.0,9990.0, Diesel, automatique,85350.0
AUDI,AUDI A4 (5E GENERATION) AVANT,2022.0,25155.0, Diesel, automatique,47850.0
MERCEDES,MERCEDES CLA 2 SHOOTING BRAKE AMG,2020.0,39100.0, Essence, automatique,60830.0
FORD,FORD MUSTANG 5 COUPE,2011.0,29128.0, Essence, mécanique,62130.0
PORSCHE,PORSCHE BOXSTER 3 TYPE 981,2013.0,115330.0, Essence, automatique,47980.0
OPEL,OPEL CORSA 5,2020.0,12310.0, Essence, mécanique,13150.0
DACIA,DACIA LOGAN 2 MCV,2015.0,111384.0, Diesel, mécanique,11290.0
VOLVO,VOLVO XC40,2019.0,82500.0, Diesel, automatique,36280.0
MINI,MINI COUNTRYMAN 2,2019.0,35113.0, Essence, mécanique,32110.0
MERCEDES,MERCEDES CLASSE A 4,2020.0,100473.0, Diesel, automatique,30380.0
CHEVROLET,CHEVROLET CHEVY,1988.0,86559.0, Essence, automatique,27390.0
PEUGEOT,PEUGEOT 5008 (2E GENERATION),2020.0,29241.0, Diesel, automatique,45250.0
PEUGEOT,PEUGEOT 3008 (2E GENERATION),2021.0,12313.0, Diesel, automatique,46100.0
VOLKSWAGEN,VOLKSWAGEN GOLF 6 CABRIOLET,2013.0,94873.0, Diesel, automatique,19700.0
SEAT,SEAT LEON 3 ST,2020.0,41256.0, Diesel, mécanique,19670.0
FORD,FORD FIESTA 5,2010.0,76678.0, Essence, mécanique,5780.0
CITROEN,CITROEN C3 (3E GENERATION),2021.0,9860.0, Essence, mécanique,17100.0
MERCEDES,MERCEDES CLASSE B 2,2017.0,106953.0, Diesel, automatique,19830.0
VOLKSWAGEN,VOLKSWAGEN TIGUAN 2,2019.0,58231.0, Diesel, automatique,35830.0
BMW,BMW X1 F48,2019.0,60878.0, Diesel, automatique,32810.0
OPEL,OPEL GRANDLAND X,2021.0,7688.0, Hybride essence électrique, automatique,47720.0
CITROEN,CITROEN C4 (2E GENERATION),2016.0,163674.0, Diesel, mécanique,11140.0
OPEL,OPEL MOKKA 2,2022.0,3.0, Essence, automatique,29380.0
CITROEN,CITROEN C3 AIRCROSS,2020.0,65608.0, Essence, mécanique,20630.0
DS,DS DS 7 CROSSBACK,2021.0,15210.0, Hybride essence électrique, automatique,58380.0
AUDI,AUDI Q5 (2E GENERATION),2018.0,85940.0, Diesel, automatique,38400.0
VOLKSWAGEN,VOLKSWAGEN GOLF 7,2019.0,31866.0, Diesel, automatique,22540.0
MERCEDES,MERCEDES VITO 3,2021.0,77299.0, Diesel, automatique,44340.0
PEUGEOT,PEUGEOT 208,2020.0,83976.0, Essence, mécanique,10900.0
BMW,BMW SERIE 2 F45 ACTIVE TOURER,2019.0,81635.0, Diesel, mécanique,20320.0
MERCEDES,MERCEDES CLASSE A 4,2020.0,19127.0, Essence, automatique,39960.0
VOLKSWAGEN,VOLKSWAGEN TOUAREG,2009.0,171720.0, Diesel, automatique,15880.0
PEUGEOT,PEUGEOT 2008 (2E GENERATION),2022.0,11.0, Diesel, automatique,32940.0
DACIA,DACIA DUSTER,2019.0,57050.0, Essence, mécanique,16950.0
DS,DS DS 3,2018.0,115745.0, Diesel, mécanique,13180.0
CITROEN,CITROEN C1 (2E GENERATION),2019.0,10243.0, Essence, mécanique,14870.0
AUDI,AUDI S4 AVANT (5E GENERATION),2018.0,111845.0, Essence, automatique,57980.0
RENAULT,RENAULT CAPTUR 2,2022.0,1.0, Essence, mécanique,29270.0
LEXUS,LEXUS UX,2021.0,37037.0, Hybride essence électrique, automatique,33480.0
RENAULT,RENAULT MEGANE 4,2020.0,53898.0, Diesel, mécanique,15940.0
RENAULT,RENAULT CLIO 5,2020.0,34691.0, Diesel, mécanique,20720.0
AUDI,AUDI A3 (3E GENERATION) SPORTBACK,2021.0,14225.0, Hybride essence électrique, automatique,41460.0
DS,DS DS 3 CROSSBACK,2022.0,7130.0, Essence, automatique,43680.0
AUDI,AUDI A4 (4E GENERATION) AVANT,2014.0,95779.0, Diesel, automatique,16260.0
PORSCHE,PORSCHE CAYENNE 2,2015.0,148676.0, Diesel, automatique,42020.0
FORD,FORD KUGA 2,2019.0,49123.0, Essence, mécanique,21480.0
DACIA,DACIA LOGAN 2 MCV,2018.0,91180.0, Essence, mécanique,11740.0
OPEL,OPEL CORSA 5,2019.0,36797.0, Essence, mécanique,12190.0
TESLA,TESLA MODEL X,2020.0,21480.0, Electrique, automatique,118680.0
PEUGEOT,PEUGEOT 308 (2E GENERATION),2019.0,139881.0, Diesel, automatique,17730.0
HYUNDAI,HYUNDAI I20 (3E GENERATION),2022.0,12300.0, Essence, mécanique,19040.0
RENAULT,RENAULT KADJAR,2019.0,49324.0, Diesel, mécanique,22210.0
FORD,FORD MUSTANG 6 CABRIOLET,2017.0,43585.0, Essence, automatique,53930.0
MERCEDES,MERCEDES GLC COUPE,2021.0,6944.0, Diesel, automatique,82440.0
OPEL,OPEL CROSSLAND X,2022.0,1.0, Essence, mécanique,19790.0
CITROEN,CITROEN C4 CACTUS,2020.0,27951.0, Essence, automatique,17790.0
OPEL,OPEL INSIGNIA,2015.0,125998.0, Diesel, mécanique,11380.0
AUDI,AUDI A4 (4E GENERATION),2011.0,150444.0, Essence, automatique,17240.0
KIA,KIA SPORTAGE 4,2018.0,85970.0, Diesel, mécanique,18300.0
BMW,BMW SERIE 3 G20,2020.0,78080.0, Diesel, automatique,41460.0
DACIA,DACIA DUSTER,2014.0,87904.0, Diesel, mécanique,15610.0
MERCEDES,MERCEDES CLASSE A 4,2022.0,14061.0, Hybride essence électrique, automatique,44630.0
SUBARU,SUBARU OUTBACK 3,2013.0,165850.0, Diesel, mécanique,12820.0
PEUGEOT,PEUGEOT 2008,2017.0,46785.0, Essence, mécanique,13110.0
CITROEN,CITROEN BERLINGO 2,2019.0,45554.0, Diesel, mécanique,17500.0
TOYOTA,TOYOTA C-HR,2022.0,6300.0, Hybride essence électrique, automatique,34110.0
MINI,MINI MINI 3 CLUBMAN,2019.0,53987.0, Diesel, automatique,29130.0
MERCEDES,MERCEDES CLASSE A 2,2012.0,196125.0, Diesel, automatique,7480.0
CITROEN,CITROEN C3 (3E GENERATION),2019.0,20667.0, Essence, mécanique,20950.0
PEUGEOT,PEUGEOT PARTNER 2 FOURGON,2017.0,128818.0, Diesel, mécanique,13550.0
HYUNDAI,HYUNDAI TUCSON 3,2019.0,117920.0, Diesel, automatique,17580.0
PEUGEOT,PEUGEOT 2008 (2E GENERATION),2022.0,12.0, Diesel, automatique,36710.0
FIAT,FIAT PANDA 3 4X4,2022.0,12.0, Essence, mécanique,22400.0
CITROEN,CITROEN JUMPY 3 FOURGON,2019.0,111165.0, Diesel, mécanique,23380.0
BMW,BMW X1 E84,2014.0,128800.0, Diesel, mécanique,16090.0
CITROEN,CITROEN C5 AIRCROSS,2022.0,13.0, Diesel, automatique,39980.0
MINI,MINI MINI 3 CABRIOLET,2017.0,123691.0, Diesel, automatique,23470.0
FIAT,FIAT 500 (2E GENERATION),2019.0,32376.0, Essence, mécanique,10810.0
VOLKSWAGEN,VOLKSWAGEN T-CROSS,2022.0,11246.0, Essence, mécanique,27820.0
CITROEN,CITROEN C3 (3E GENERATION),2020.0,47093.0, Essence, mécanique,13210.0
PEUGEOT,PEUGEOT EXPERT 2 FOURGON,2008.0,260780.0, Diesel, mécanique,9320.0
AUDI,AUDI A3 (3E GENERATION) SPORTBACK,2019.0,61315.0, Diesel, mécanique,22530.0
HYUNDAI,HYUNDAI I30 (3E GENERATION) SW,2020.0,127946.0, Diesel, mécanique,17360.0
MERCEDES,MERCEDES GLC,2018.0,131843.0, Diesel, automatique,40780.0
BMW,BMW X3 G01,2019.0,90008.0, Diesel, automatique,52340.0
PEUGEOT,PEUGEOT EXPERT 3 FOURGON,2019.0,66471.0, Diesel, automatique,31300.0
PEUGEOT,PEUGEOT 3008 (2E GENERATION),2020.0,70428.0, Diesel, automatique,32110.0
PEUGEOT,PEUGEOT 3008,2013.0,154550.0, Diesel, mécanique,9580.0
MAZDA,MAZDA CX-30,2022.0,17.0, Essence, mécanique,29520.0
RENAULT,RENAULT CLIO 5,2022.0,123.0, Bicarburation essence GPL, mécanique,20030.0
PEUGEOT,PEUGEOT 208 (2E GENERATION),2022.0,5507.0, Essence, mécanique,22240.0
MAZDA,MAZDA MX5 (3E GENERATION),2011.0,88530.0, Essence, mécanique,19830.0
PORSCHE,PORSCHE 911 TYPE 997,2006.0,127440.0, Essence, mécanique,59290.0
AUDI,AUDI A5 (2E GENERATION),2020.0,24200.0, Diesel, automatique,50670.0
BMW,BMW SERIE 4 F33 CABRIOLET,2016.0,79343.0, Diesel, automatique,32220.0
DS,DS DS 5,2018.0,79135.0, Diesel, automatique,24970.0
DS,DS DS 7 CROSSBACK,2022.0,10778.0, Hybride essence électrique, automatique,55480.0
PORSCHE,PORSCHE CAYENNE 3 COUPE,2022.0,1140.0, Hybride essence électrique, automatique,162900.0
AUDI,AUDI TT 3 S ROADSTER,2017.0,65880.0, Essence, automatique,47450.0
DS,DS DS 4,2016.0,141250.0, Essence, mécanique,17480.0
FORD,FORD MUSTANG 6 CABRIOLET,2017.0,51886.0, Essence, automatique,55290.0
PORSCHE,PORSCHE 911 TYPE 992,2020.0,20034.0, Essence, automatique,171610.0
PEUGEOT,PEUGEOT 208 (2E GENERATION),2022.0,9490.0, Essence, mécanique,26230.0
VOLKSWAGEN,VOLKSWAGEN TIGUAN 2,2019.0,48251.0, Diesel, automatique,29930.0
CITROEN,CITROEN C3 (2E GENERATION),2017.0,112749.0, Diesel, mécanique,9490.0
OPEL,OPEL GRANDLAND X,2021.0,7502.0, Hybride essence électrique, automatique,58490.0
PEUGEOT,PEUGEOT 208 (2E GENERATION),2021.0,25651.0, Essence, mécanique,22670.0
SUZUKI,SUZUKI SX4 S-CROSS,2018.0,75516.0, Essence, mécanique,21060.0
PEUGEOT,PEUGEOT 2008,2020.0,65058.0, Diesel, mécanique,18430.0
CITROEN,CITROEN C3 (3E GENERATION),2022.0,6924.0, Essence, mécanique,17380.0
CITROEN,CITROEN JUMPY 3 FOURGON,2020.0,115660.0, Diesel, automatique,31520.0
DS,DS DS 5,2019.0,49998.0, Diesel, mécanique,25350.0
PEUGEOT,PEUGEOT 308 (2E GENERATION),2018.0,67628.0, Diesel, mécanique,22120.0
DODGE,DODGE CHALLENGER 2,2013.0,77125.0, Essence, automatique,62370.0
PEUGEOT,PEUGEOT 2008,2020.0,31609.0, Diesel, mécanique,22240.0
AUDI,AUDI A3 (3E GENERATION) SPORTBACK,2020.0,11920.0, Essence, mécanique,28240.0
BMW,BMW SERIE 3 F30,2014.0,177666.0, Diesel, mécanique,16500.0
FIAT,FIAT 124 (2E GENERATION) SPIDER,2017.0,44588.0, Essence, mécanique,26430.0
HYUNDAI,HYUNDAI IX35,2012.0,138818.0, Diesel, mécanique,12520.0
AUDI,AUDI Q5 (2E GENERATION) SPORTBACK,2022.0,10350.0, Diesel, automatique,80150.0
PEUGEOT,PEUGEOT 208 (2E GENERATION),2021.0,33640.0, Essence, mécanique,19700.0
RENAULT,RENAULT CLIO 5,2022.0,11.0, Essence, mécanique,18510.0
MERCEDES,MERCEDES CLASSE A 4,2020.0,23751.0, Diesel, automatique,35680.0
RENAULT,RENAULT CAPTUR 2,2022.0,122.0, Essence, mécanique,24260.0
FIAT,FIAT 500 L,2019.0,35254.0, Essence, mécanique,12960.0
MAZDA,MAZDA CX-5 (2E GENERATION),2022.0,1170.0, Diesel, automatique,52530.0
RENAULT,RENAULT MEGANE 4,2021.0,27709.0, Diesel, automatique,20140.0
FORD,FORD ECOSPORT,2016.0,82320.0, Essence, mécanique,11860.0
CITROEN,CITROEN C3 (3E GENERATION),2022.0,12257.0, Essence, mécanique,16410.0
AUDI,AUDI Q2,2019.0,61270.0, Diesel, mécanique,24070.0
CITROEN,CITROEN C3 AIRCROSS,2020.0,71794.0, Diesel, mécanique,17830.0
AUDI,AUDI Q2,2018.0,105788.0, Diesel, automatique,31610.0
AUDI,AUDI Q2,2018.0,76263.0, Diesel, automatique,27130.0
SEAT,SEAT LEON 2,2012.0,97684.0, Diesel, mécanique,13780.0
PORSCHE,PORSCHE MACAN,2020.0,20500.0, Essence, automatique,84740.0
OPEL,OPEL ASTRA 5 SPORTS TOURER,2019.0,42117.0, Essence, mécanique,19820.0
AUDI,AUDI A1,2013.0,116981.0, Diesel, mécanique,14980.0
AUDI,AUDI TT,2003.0,211894.0, Essence, mécanique,6320.0
RENAULT,RENAULT MASTER 3,2022.0,1.0, Diesel, mécanique,37140.0
VOLKSWAGEN,VOLKSWAGEN GOLF 7,2018.0,87350.0, Diesel, automatique,22060.0
PEUGEOT,PEUGEOT 208 (2E GENERATION),2022.0,10146.0, Essence, mécanique,22680.0
VOLKSWAGEN,VOLKSWAGEN TIGUAN 2,2019.0,71870.0, Diesel, automatique,31700.0
MERCEDES,MERCEDES GLA 2,2022.0,19875.0, Essence, automatique,56110.0
FORD,FORD C-MAX 2,2019.0,72000.0, Diesel, automatique,20750.0
AUDI,AUDI A7 SPORTBACK,2016.0,177858.0, Diesel, automatique,32340.0
BMW,BMW SERIE 4 F32,2014.0,80013.0, Essence, mécanique,23000.0
KIA,KIA SPORTAGE 4,2020.0,47300.0, Diesel, automatique,34630.0
AUDI,AUDI A4 (5E GENERATION),2019.0,42706.0, Essence, automatique,30230.0
OPEL,OPEL MERIVA 2,2015.0,140750.0, Diesel, mécanique,9980.0
CUPRA,CUPRA FORMENTOR,2022.0,13250.0, Essence, automatique,38050.0
VOLVO,VOLVO S90 (2E GENERATION),2019.0,82687.0, Diesel, automatique,34770.0
OPEL,OPEL CROSSLAND X,2020.0,40128.0, Diesel, mécanique,19710.0
MERCEDES,MERCEDES CLASSE B 2,2019.0,34672.0, Diesel, mécanique,23750.0
VOLKSWAGEN,VOLKSWAGEN GOLF 8,2022.0,24.0, Essence, automatique,38100.0
RENAULT,RENAULT KADJAR,2019.0,119894.0, Diesel, automatique,16570.0
BMW,BMW X3 F25,2013.0,157038.0, Diesel, automatique,23710.0
MERCEDES,MERCEDES GLB,2021.0,17808.0, Essence, automatique,65500.0
CITROEN,CITROEN C4 (3E GENERATION),2022.0,4928.0, Essence, automatique,27580.0
AUDI,AUDI A3 (3E GENERATION) BERLINE,2017.0,104423.0, Essence, mécanique,18700.0
NISSAN,NISSAN CABSTAR,2012.0,75600.0, Diesel, mécanique,22680.0
CITROEN,CITROEN C4 (2E GENERATION),2018.0,72710.0, Diesel, automatique,15880.0
CITROEN,CITROEN C4 (3E GENERATION),2022.0,11.0, Essence, automatique,29360.0
BMW,BMW SERIE 1 F40,2021.0,21288.0, Diesel, automatique,44320.0
VOLKSWAGEN,VOLKSWAGEN T-ROC,2022.0,16436.0, Essence, mécanique,31230.0
BMW,BMW X2 F39,2021.0,23604.0, Diesel, automatique,40770.0
PEUGEOT,PEUGEOT 108,2019.0,19856.0, Essence, mécanique,12270.0
MERCEDES,MERCEDES GLC COUPE,2018.0,79213.0, Diesel, automatique,61240.0
DS,DS DS 7 CROSSBACK,2022.0,14063.0, Hybride essence électrique, automatique,62700.0
CITROEN,CITROEN C3 (3E GENERATION),2018.0,78199.0, Diesel, mécanique,15270.0
DS,DS DS 9,2022.0,34955.0, Hybride essence électrique, automatique,61410.0
MINI,MINI COUNTRYMAN 2,2019.0,44287.0, Diesel, mécanique,27000.0
VOLKSWAGEN,VOLKSWAGEN TIGUAN 2,2019.0,76442.0, Diesel, mécanique,27720.0
VOLKSWAGEN,VOLKSWAGEN T-ROC,2019.0,25864.0, Diesel, automatique,38110.0
PEUGEOT,PEUGEOT 3008 (2E GENERATION),2020.0,100738.0, Diesel, mécanique,23740.0
OPEL,OPEL CORSA 6,2021.0,1015.0, Essence, mécanique,18430.0
CITROEN,CITROEN C3 AIRCROSS,2020.0,72349.0, Diesel, automatique,20630.0
VOLKSWAGEN,VOLKSWAGEN TIGUAN 2 ALLSPACE,2019.0,111634.0, Diesel, automatique,33580.0
JEEP,JEEP RENEGADE,2021.0,42000.0, Diesel, automatique,28300.0
MAZDA,MAZDA MX5 (4E GENERATION),2018.0,38119.0, Essence, mécanique,24330.0
LAND,LAND ROVER RANGE ROVER EVOQUE,2018.0,83169.0, Diesel, mécanique,27980.0
AUDI,AUDI S5 CABRIOLET,2012.0,141680.0, Essence, automatique,26860.0
PEUGEOT,PEUGEOT 208 (2E GENERATION),2021.0,9228.0, Essence, mécanique,26060.0
LAND,LAND ROVER RANGE ROVER EVOQUE 2,2020.0,47125.0, Diesel, automatique,66230.0
RENAULT,RENAULT CAPTUR 2,2022.0,12.0, Essence, mécanique,21830.0
DACIA,DACIA SANDERO 2,2020.0,570.0, Essence, mécanique,11970.0
MERCEDES,MERCEDES CLASSE C 3 SW,2010.0,230535.0, Diesel, mécanique,9790.0
MERCEDES-AMG,MERCEDES-AMG GT,2020.0,70406.0, Essence, automatique,144870.0
PEUGEOT,PEUGEOT 2008,2018.0,42465.0, Diesel, mécanique,18430.0
PEUGEOT,PEUGEOT 2008,2020.0,30169.0, Essence, automatique,20500.0
AUDI,AUDI SQ5,2016.0,109347.0, Diesel, automatique,37270.0
DS,DS DS 7 CROSSBACK,2022.0,11.0, Hybride essence électrique, automatique,60400.0
MERCEDES,MERCEDES SL,1988.0,106950.0, Essence, automatique,32080.0
MINI,MINI MINI 3 3P,2018.0,79161.0, Diesel, mécanique,20860.0
MERCEDES,MERCEDES GLS,2017.0,68384.0, Diesel, automatique,68380.0
CITROEN,CITROEN C3 AIRCROSS,2020.0,97200.0, Diesel, automatique,17980.0
RENAULT,RENAULT CAPTUR 2,2022.0,1.0, Essence, mécanique,29780.0
RENAULT,RENAULT TRAFIC 3 COMBI,2017.0,61566.0, Diesel, mécanique,27920.0
BMW,BMW X5 F15,2018.0,73148.0, Diesel, automatique,55200.0
MINI,MINI MINI 3 5P,2020.0,27532.0, Essence, automatique,32340.0
PEUGEOT,PEUGEOT 208,2019.0,64531.0, Essence, mécanique,13790.0
CITROEN,CITROEN C3 (3E GENERATION),2019.0,63812.0, Essence, mécanique,12960.0
PORSCHE,PORSCHE 911,2020.0,7748.0, Essence, automatique,171000.0
TOYOTA,TOYOTA YARIS 4,2022.0,12.0, Hybride essence électrique, automatique,24170.0
RENAULT,RENAULT CAPTUR 2,2022.0,12.0, Essence, automatique,32260.0
CITROEN,CITROEN C3 ENTREPRISE (3E GENERATION),2019.0,67860.0, Diesel, mécanique,12060.0
HYUNDAI,HYUNDAI I20 (3E GENERATION),2021.0,5929.0, Essence, automatique,21170.0
BMW,BMW SERIE 3 GT F34,2015.0,166656.0, Diesel, automatique,23250.0
LAND,LAND ROVER RANGE ROVER EVOQUE 2,2020.0,28467.0, Hybride diesel électrique, automatique,53160.0
DODGE,DODGE RAM,2020.0,4774.0, Bicarburation essence GPL, automatique,88610.0
PORSCHE,PORSCHE 911 TYPE 911,1979.0,278802.0, Essence, mécanique,56680.0
MERCEDES,MERCEDES CLASSE A 4,2021.0,24528.0, Diesel, automatique,34440.0
ASTON,ASTON MARTIN V8 VANTAGE,2015.0,39050.0, Essence, automatique,96780.0
PEUGEOT,PEUGEOT 208 (2E GENERATION),2021.0,21136.0, Essence, mécanique,20580.0
SEAT,SEAT LEON 3,2021.0,16588.0, Essence, mécanique,20860.0
MERCEDES,MERCEDES CLASSE E 5 COUPE,2019.0,63189.0, Diesel, automatique,52320.0
DACIA,DACIA DUSTER 2,2022.0,4942.0, Diesel, mécanique,22190.0
CITROEN,CITROEN C3 AIRCROSS,2020.0,36905.0, Essence, mécanique,18240.0
AUDI,AUDI TT 3 S,2017.0,71500.0, Essence, automatique,49970.0
VOLKSWAGEN,VOLKSWAGEN POLO 5,2017.0,27723.0, Essence, automatique,15610.0
MERCEDES,MERCEDES CLASSE C 4,2020.0,34020.0, Hybride diesel électrique, automatique,49660.0
PORSCHE,PORSCHE 911 TYPE 992,2020.0,2640.0, Essence, automatique,188280.0
VOLKSWAGEN,VOLKSWAGEN GOLF 7,2019.0,162487.0, Diesel, automatique,16080.0
MERCEDES,MERCEDES GLC,2019.0,111055.0, Diesel, automatique,42510.0
PEUGEOT,PEUGEOT 3008 (2E GENERATION),2019.0,121357.0, Diesel, automatique,30030.0
MERCEDES,MERCEDES CLASSE A 3,2019.0,75226.0, Essence, automatique,24920.0
RENAULT,RENAULT TALISMAN ESTATE,2020.0,19488.0, Diesel, automatique,32460.0
KIA,KIA CEE D 2,2018.0,96717.0, Diesel, automatique,14680.0
ALFA,ALFA ROMEO SPIDER BASE BRERA,2008.0,136782.0, Diesel, mécanique,13920.0
FIAT,FIAT 500 X,2022.0,12.0, Essence, mécanique,23190.0
BMW,BMW SERIE 3 F31 TOURING,2015.0,115218.0, Essence, mécanique,17720.0
CITROEN,CITROEN C3 ENTREPRISE (3E GENERATION),2019.0,30439.0, Diesel, mécanique,12950.0
VOLKSWAGEN,VOLKSWAGEN POLO 6,2021.0,20657.0, Essence, mécanique,19330.0
RENAULT,RENAULT CAPTUR 2,2022.0,120.0, Essence, mécanique,23860.0
HYUNDAI,HYUNDAI KONA,2022.0,6215.0, Diesel, automatique,32480.0
PEUGEOT,PEUGEOT 3008 (2E GENERATION),2019.0,66991.0, Diesel, automatique,28320.0
DACIA,DACIA DUSTER,2012.0,204140.0, Diesel, mécanique,7670.0
FIAT,FIAT 500 (2E GENERATION),2021.0,13458.0, Essence, mécanique,14360.0
MAZDA,MAZDA MX5 (4E GENERATION) ST,2017.0,62903.0, Essence, mécanique,25110.0
VOLKSWAGEN,VOLKSWAGEN GOLF 7,2021.0,10379.0, Hybride essence électrique, automatique,31980.0
RENAULT,RENAULT CLIO 4,2019.0,62855.0, Diesel, mécanique,11610.0
KIA,KIA XCEED,2021.0,12540.0, Essence, automatique,33040.0
BMW,BMW Z4 G29,2020.0,30061.0, Essence, automatique,49850.0
VOLVO,VOLVO XC60,2013.0,151380.0, Diesel, automatique,19210.0
MERCEDES,MERCEDES CLASSE B 2,2019.0,36088.0, Diesel, mécanique,25480.0
MERCEDES,MERCEDES CLA,2019.0,44425.0, Diesel, automatique,29290.0
OPEL,OPEL ASTRA 4 BERLINE,2015.0,120038.0, Diesel, mécanique,10060.0
RENAULT,RENAULT CAPTUR,2019.0,58031.0, Diesel, mécanique,19660.0
JEEP,JEEP RENEGADE,2021.0,44971.0, Diesel, mécanique,23980.0
MERCEDES,MERCEDES CLA,2020.0,62211.0, Diesel, automatique,40780.0
BMW,BMW X1 F48,2019.0,83056.0, Diesel, mécanique,23180.0
OPEL,OPEL CORSA 5,2017.0,13580.0, Essence, mécanique,10240.0
SKODA,SKODA FABIA 4,2022.0,3050.0, Essence, mécanique,23420.0
PEUGEOT,PEUGEOT 308 (2E GENERATION),2016.0,95225.0, Essence, automatique,16250.0
RENAULT,RENAULT CAPTUR 2,2022.0,12.0, Essence, automatique,30680.0
PORSCHE,PORSCHE CAYENNE,2008.0,180687.0, Essence, automatique,23230.0
AUDI,AUDI A6 (5E GENERATION),2021.0,21999.0, Diesel, automatique,56620.0
BMW,BMW SERIE 1 F21 3 PORTES,2019.0,47743.0, Diesel, mécanique,21950.0
VOLVO,VOLVO XC60 (2E GENERATION),2021.0,7743.0, Hybride essence électrique, automatique,60300.0
FIAT,FIAT 500 X,2019.0,40121.0, Diesel, mécanique,19770.0
PORSCHE,PORSCHE MACAN,2020.0,19073.0, Essence, automatique,83680.0
OPEL,OPEL ASTRA 5,2020.0,21809.0, Diesel, automatique,23700.0
OPEL,OPEL CROSSLAND X,2021.0,13786.0, Essence, mécanique,18530.0
FERRARI,FERRARI CALIFORNIA T,2016.0,28566.0, Essence, automatique,156490.0
PEUGEOT,PEUGEOT 3008 (2E GENERATION),2022.0,10228.0, Diesel, automatique,41670.0
VOLKSWAGEN,VOLKSWAGEN TOUAREG 3,2021.0,11681.0, Hybride essence électrique, automatique,99210.0
PEUGEOT,PEUGEOT 3008 (2E GENERATION),2022.0,11283.0, Hybride essence électrique, automatique,54100.0
BMW,BMW X5 E70,2011.0,169510.0, Diesel, automatique,27460.0
VOLKSWAGEN,VOLKSWAGEN GOLF 8,2021.0,19764.0, Diesel, mécanique,32920.0
KIA,KIA STONIC,2022.0,68.0, Essence, mécanique,25360.0
DACIA,DACIA LODGY STEPWAY,2022.0,11.0, Diesel, mécanique,20060.0
MERCEDES,MERCEDES CLASSE C 2,2008.0,110432.0, Diesel, automatique,28990.0
PEUGEOT,PEUGEOT 2008 (2E GENERATION),2022.0,19020.0, Essence, mécanique,28430.0
PEUGEOT,PEUGEOT 208,2020.0,14370.0, Essence, mécanique,20580.0
PEUGEOT,PEUGEOT 3008 (2E GENERATION),2018.0,43709.0, Diesel, mécanique,29410.0
CHEVROLET,CHEVROLET CORVETTE C7 STINGRAY TARGA,2016.0,33131.0, Essence, mécanique,74410.0
BMW,BMW SERIE 4 F33 CABRIOLET,2020.0,39441.0, Diesel, automatique,50790.0
MAZDA,MAZDA MX5 (4E GENERATION),2020.0,39075.0, Essence, mécanique,30280.0
MERCEDES,MERCEDES SLK,2004.0,83300.0, Essence, mécanique,12480.0
AUDI,AUDI A5 (2E GENERATION),2018.0,36544.0, Essence, automatique,32290.0
RENAULT,RENAULT KADJAR,2022.0,12.0, Essence, mécanique,34370.0
OPEL,OPEL MERIVA 2,2017.0,99397.0, Diesel, mécanique,14500.0
RENAULT,RENAULT ARKANA,2022.0,4232.0, Hybride essence électrique, automatique,38420.0
VOLKSWAGEN,VOLKSWAGEN TIGUAN 2,2018.0,72547.0, Diesel, automatique,31880.0
MERCEDES,MERCEDES CLASSE B 3,2022.0,21960.0, Hybride essence électrique, automatique,53550.0
RENAULT,RENAULT MEGANE 4 ESTATE,2018.0,51866.0, Essence, automatique,17500.0
PEUGEOT,PEUGEOT 308 (3E GENERATION),2022.0,12.0, Diesel, automatique,32380.0
PORSCHE,PORSCHE CAYENNE 3 COUPE,2021.0,5726.0, Hybride essence électrique, automatique,135870.0
CITROEN,CITROEN C3 AIRCROSS,2020.0,77618.0, Essence, automatique,22480.0
PEUGEOT,PEUGEOT 308 (2E GENERATION),2021.0,17476.0, Diesel, automatique,25280.0
VOLVO,VOLVO XC60 (2E GENERATION),2020.0,57963.0, Hybride essence électrique, automatique,63600.0
DS,DS DS 3,2018.0,82214.0, Diesel, mécanique,19530.0
CITROEN,CITROEN C1 (2E GENERATION),2020.0,12252.0, Essence, mécanique,12760.0
RENAULT,RENAULT SCENIC 4,2019.0,44737.0, Hybride diesel électrique, mécanique,18850.0
PEUGEOT,PEUGEOT 3008 (2E GENERATION),2021.0,48966.0, Diesel, automatique,29260.0
CITROEN,CITROEN C3 AIRCROSS,2019.0,50438.0, Essence, automatique,20980.0
PORSCHE,PORSCHE 911 TYPE 991,2013.0,123806.0, Essence, automatique,89230.0
PORSCHE,PORSCHE 911 TYPE 991 CABRIOLET,2019.0,37932.0, Essence, automatique,149220.0
AUDI,AUDI Q5 (2E GENERATION),2018.0,84043.0, Diesel, automatique,45480.0
ALFA,ALFA ROMEO STELVIO,2019.0,31950.0, Diesel, automatique,35980.0
FIAT,FIAT 500 (2E GENERATION),2020.0,21665.0, Essence, mécanique,11970.0
PEUGEOT,PEUGEOT 208,2019.0,45043.0, Essence, mécanique,13510.0
PORSCHE,PORSCHE 911 TYPE 992,2020.0,53028.0, Essence, automatique,157570.0
RENAULT,RENAULT MEGANE 3,2015.0,130171.0, Diesel, mécanique,12900.0
VOLKSWAGEN,VOLKSWAGEN T-CROSS,2022.0,12.0, Essence, automatique,33330.0
CITROEN,CITROEN C3 (2E GENERATION),2015.0,125680.0, Essence, mécanique,6810.0
FORD,FORD FIESTA 6,2021.0,7262.0, Essence, mécanique,16480.0
FORD,FORD MUSTANG 6 COUPE,2017.0,67470.0, Essence, automatique,46330.0
SEAT,SEAT ATECA,2017.0,173826.0, Diesel, mécanique,14540.0
RENAULT,RENAULT TRAFIC 3,2020.0,93725.0, Diesel, mécanique,26330.0
CITROEN,CITROEN C3 (2E GENERATION),2016.0,91291.0, Essence, mécanique,8120.0
PEUGEOT,PEUGEOT 308 (2E GENERATION) SW,2021.0,20953.0, Diesel, automatique,21510.0
RENAULT,RENAULT CAPTUR 2,2022.0,11.0, Essence, mécanique,28290.0
RENAULT,RENAULT CLIO 5,2022.0,12.0, Essence, automatique,23420.0
BMW,BMW SERIE 4 F36 GRAN COUPE,2018.0,88738.0, Diesel, automatique,36850.0
RENAULT,RENAULT CAPTUR 2,2022.0,11.0, Essence, mécanique,22560.0
SUZUKI,SUZUKI VITARA 4,2017.0,149271.0, Diesel, automatique,18380.0
MERCEDES,MERCEDES CLASSE A 4,2021.0,13674.0, Diesel, automatique,38260.0
PEUGEOT,PEUGEOT 308 (2E GENERATION) SW,2021.0,30397.0, Essence, mécanique,21350.0
VOLKSWAGEN,VOLKSWAGEN POLO 6,2022.0,23370.0, Essence, mécanique,21260.0
OPEL,OPEL CROSSLAND X,2019.0,36331.0, Essence, automatique,20050.0
CITROEN,CITROEN C4 CACTUS,2020.0,94605.0, Diesel, automatique,17730.0
BMW,BMW SERIE 3 E92 COUPE,2009.0,152794.0, Essence, automatique,19780.0
VOLKSWAGEN,VOLKSWAGEN COCCINELLE,2013.0,124412.0, Essence, mécanique,15580.0
FIAT,FIAT 500 X,2021.0,32768.0, Essence, mécanique,22180.0
FORD,FORD FIESTA 6,2021.0,15367.0, Essence, mécanique,19220.0
CITROEN,CITROEN C3 (3E GENERATION),2020.0,73568.0, Diesel, mécanique,14480.0
BMW,BMW SERIE 2 F45 ACTIVE TOURER,2018.0,73935.0, Hybride essence électrique, automatique,26060.0
FERRARI,FERRARI F430,2009.0,60416.0, Essence, automatique,196940.0
FORD,FORD FOCUS 4,2019.0,101060.0, Essence, mécanique,17340.0
BMW,BMW X1 F48,2019.0,45672.0, Essence, automatique,27950.0
CITROEN,CITROEN C3 (3E GENERATION),2021.0,21137.0, Essence, mécanique,20210.0
VOLKSWAGEN,VOLKSWAGEN GOLF 7 GTI,2018.0,53447.0, Essence, automatique,29730.0
VOLKSWAGEN,VOLKSWAGEN GOLF 7,2016.0,87010.0, Diesel, automatique,28120.0
TOYOTA,TOYOTA COROLLA 12 TOURING SPORTS,2020.0,91225.0, Hybride essence électrique, automatique,21380.0
PEUGEOT,PEUGEOT 308 (2E GENERATION) SW,2019.0,47571.0, Diesel, automatique,25200.0
CITROEN,CITROEN C3 (3E GENERATION),2020.0,42938.0, Essence, mécanique,16810.0
PORSCHE,PORSCHE CAYENNE 2,2017.0,235320.0, Hybride essence électrique, automatique,40260.0
PEUGEOT,PEUGEOT 308 (2E GENERATION) SW,2017.0,120901.0, Diesel, automatique,13760.0
VOLKSWAGEN,VOLKSWAGEN GOLF PLUS,2010.0,20558.0, Essence, mécanique,13060.0
PEUGEOT,PEUGEOT 2008 (2E GENERATION),2022.0,111.0, Essence, mécanique,28290.0
OPEL,OPEL CROSSLAND,2022.0,103.0, Diesel, mécanique,24590.0
AUDI,AUDI Q5 (2E GENERATION),2021.0,29698.0, Hybride essence électrique, automatique,68200.0
FORD,FORD FIESTA 5,2017.0,64297.0, Essence, mécanique,10500.0
ALFA,ALFA ROMEO GIULIA 2,2022.0,7257.0, Diesel, automatique,44260.0
PEUGEOT,PEUGEOT 208 (2E GENERATION),2021.0,25324.0, Diesel, mécanique,21080.0
BMW,BMW X3 G01,2019.0,101513.0, Diesel, automatique,44650.0
BMW,BMW SERIE 1 F40,2020.0,2482.0, Diesel, automatique,28030.0
ABARTH,ABARTH 500 (2E GENERATION),2022.0,1220.0, Essence, mécanique,28650.0
VOLKSWAGEN,VOLKSWAGEN GOLF 8,2022.0,7739.0, Essence, automatique,34850.0
SMART,SMART FORFOUR 2,2020.0,9544.0, Electrique, automatique,16180.0
HONDA,HONDA CR-V 5,2020.0,61457.0, Essence, mécanique,30760.0
AUDI,AUDI A3 (3E GENERATION) SPORTBACK,2016.0,179988.0, Diesel, automatique,20380.0
VOLKSWAGEN,VOLKSWAGEN TIGUAN 2,2018.0,102190.0, Diesel, automatique,25280.0
ALFA,ALFA ROMEO GIULIETTA 3,2019.0,34198.0, Essence, mécanique,22200.0
NISSAN,NISSAN MICRA 5,2019.0,36160.0, Essence, mécanique,11270.0
RENAULT,RENAULT TRAFIC 3,2022.0,1.0, Diesel, mécanique,30240.0
AUDI,AUDI TT 2,2009.0,134000.0, Essence, mécanique,13800.0
MERCEDES,MERCEDES CLASSE E 5,2019.0,49472.0, Diesel, automatique,42070.0
BMW,BMW X2 F39,2019.0,74220.0, Essence, automatique,35070.0
FORD,FORD FOCUS 3,2014.0,171960.0, Diesel, mécanique,11380.0
NISSAN,NISSAN LEAF 2,2019.0,48378.0, Electrique, automatique,20860.0
FORD,FORD ECOSPORT,2020.0,16632.0, Essence, mécanique,21350.0
PORSCHE,PORSCHE PANAMERA 2 SPORT TURISMO,2019.0,139800.0, Hybride essence électrique, automatique,95880.0
LAND,LAND ROVER RANGE ROVER EVOQUE,2018.0,79686.0, Diesel, mécanique,30220.0
PEUGEOT,PEUGEOT 308 (2E GENERATION) GTI,2017.0,38115.0, Essence, mécanique,29290.0
HYUNDAI,HYUNDAI IONIQ,2022.0,734.0, Hybride essence électrique, automatique,28870.0
BMW,BMW SERIE 2 F45 ACTIVE TOURER,2019.0,94725.0, Diesel, automatique,22530.0
DACIA,DACIA LOGAN 2,2020.0,28386.0, Essence, mécanique,11380.0
TOYOTA,TOYOTA PROACE 2,2022.0,4200.0, Electrique, automatique,42000.0
FORD,FORD MUSTANG 6 COUPE,2020.0,10704.0, Essence, mécanique,59410.0
RENAULT,RENAULT CAPTUR 2,2022.0,119.0, Essence, mécanique,23660.0
MASERATI,MASERATI LEVANTE,2018.0,54489.0, Essence, automatique,72910.0
MAZDA,MAZDA MX5 (4E GENERATION) ST,2018.0,28902.0, Essence, mécanique,30370.0
RENAULT,RENAULT CLIO 5,2022.0,12.0, Essence, mécanique,21630.0
CHEVROLET,CHEVROLET CORVETTE C7 STINGRAY CABRIOLET,2019.0,32373.0, Essence, automatique,89270.0
BMW,BMW SERIE 1 F20 5 PORTES,2015.0,168467.0, Diesel, mécanique,12760.0
RENAULT,RENAULT MEGANE 3 COUPE RS,2016.0,66242.0, Essence, mécanique,25170.0
OPEL,OPEL INSIGNIA 2 GRAND SPORT,2019.0,51881.0, Diesel, automatique,24580.0
SKODA,SKODA SUPERB 2 COMBI,2014.0,79598.0, Diesel, mécanique,19360.0
CITROEN,CITROEN C3 (3E GENERATION),2020.0,14269.0, Essence, mécanique,16720.0
VOLKSWAGEN,VOLKSWAGEN GOLF 7,2018.0,70944.0, Diesel, automatique,24100.0
JEEP,JEEP RENEGADE,2020.0,12019.0, Essence, mécanique,23200.0
PEUGEOT,PEUGEOT 308 (2E GENERATION) SW,2022.0,12.0, Diesel, mécanique,28650.0
PEUGEOT,PEUGEOT 3008 (2E GENERATION),2019.0,86769.0, Essence, mécanique,27660.0
MERCEDES,MERCEDES GLC,2018.0,96467.0, Diesel, automatique,40590.0
CITROEN,CITROEN C5 AIRCROSS,2020.0,28021.0, Diesel, automatique,30730.0
RENAULT,RENAULT SCENIC 4,2020.0,32809.0, Diesel, mécanique,21630.0
BMW,BMW I3,2020.0,18044.0, Electrique, automatique,37470.0
BMW,BMW X4 G02,2020.0,22924.0, Essence, automatique,59370.0
MERCEDES,MERCEDES CLASSE B 2,2015.0,121163.0, Diesel, mécanique,16230.0
NISSAN,NISSAN X-TRAIL 3,2017.0,51220.0, Diesel, automatique,25810.0
SEAT,SEAT ARONA,2021.0,7575.0, Essence, mécanique,20520.0
CITROEN,CITROEN C4 CACTUS,2021.0,21040.0, Essence, mécanique,16780.0
PEUGEOT,PEUGEOT 208 (2E GENERATION),2021.0,16747.0, Essence, mécanique,22420.0
MINI,MINI MINI 3 3P,2019.0,17819.0, Essence, automatique,24760.0
AUDI,AUDI TT 2 ROADSTER,2013.0,74773.0, Diesel, mécanique,23740.0
CITROEN,CITROEN C4 (3E GENERATION),2022.0,1.0, Essence, mécanique,27440.0
KIA,KIA XCEED,2021.0,11541.0, Hybride essence électrique, automatique,37560.0
AUDI,AUDI A1 (2E GENERATION) CITYCARVER,2021.0,11491.0, Essence, mécanique,29480.0
HONDA,HONDA CR-V 5,2021.0,1166.0, Hybride essence électrique, automatique,42160.0
CITROEN,CITROEN C3,2013.0,230116.0, Diesel, mécanique,5980.0
LAND,LAND ROVER RANGE ROVER EVOQUE 2,2021.0,41894.0, Diesel, automatique,55630.0
OPEL,OPEL CORSA 5,2019.0,72962.0, Essence, mécanique,12290.0
NISSAN,NISSAN QASHQAI 2,2019.0,55171.0, Essence, automatique,20590.0
PEUGEOT,PEUGEOT 3008 (2E GENERATION),2019.0,63767.0, Essence, automatique,29020.0
LAND,LAND ROVER RANGE ROVER SPORT 2,2018.0,70729.0, Diesel, automatique,60970.0
PEUGEOT,PEUGEOT 208 AFFAIRE,2019.0,40061.0, Diesel, mécanique,12400.0
CITROEN,CITROEN BERLINGO 3,2020.0,97539.0, Diesel, mécanique,17580.0
FIAT,FIAT 500 X,2018.0,71162.0, Diesel, mécanique,15210.0
CHEVROLET,CHEVROLET CORVETTE C3,1977.0,105450.0, Essence, mécanique,27190.0
VOLKSWAGEN,VOLKSWAGEN GOLF 7,2019.0,56034.0, Essence, automatique,20590.0
PEUGEOT,PEUGEOT 108,2020.0,14070.0, Essence, mécanique,13760.0
AUDI,AUDI A5 SPORTBACK (2E GENERATION),2020.0,52463.0, Diesel, automatique,35490.0
PORSCHE,PORSCHE PANAMERA,2011.0,149990.0, Essence, automatique,46740.0
PEUGEOT,PEUGEOT 208 (2E GENERATION),2021.0,36853.0, Essence, mécanique,22510.0
JAGUAR,JAGUAR XF 2,2016.0,114590.0, Diesel, automatique,26620.0
LAND,LAND ROVER RANGE ROVER EVOQUE 2,2021.0,57010.0, Hybride essence électrique, automatique,74270.0
OPEL,OPEL CORSA 5,2019.0,44440.0, Essence, mécanique,11430.0
VOLKSWAGEN,VOLKSWAGEN GOLF 8,2022.0,11.0, Essence, automatique,34630.0
PEUGEOT,PEUGEOT 2008,2020.0,25448.0, Essence, automatique,22880.0
CITROEN,CITROEN GRAND C4 PICASSO 2,2018.0,90201.0, Diesel, mécanique,21060.0
MERCEDES,MERCEDES CLASSE A 4,2020.0,40555.0, Diesel, automatique,38620.0
AUDI,AUDI Q5 (2E GENERATION),2019.0,71477.0, Diesel, automatique,39740.0
RENAULT,RENAULT MEGANE 4,2019.0,56728.0, Diesel, automatique,16660.0
PEUGEOT,PEUGEOT 2008 (2E GENERATION),2022.0,1.0, Essence, automatique,35880.0
RENAULT,RENAULT CLIO 4,2020.0,33853.0, Essence, mécanique,16450.0
NISSAN,NISSAN JUKE,2016.0,71576.0, Essence, mécanique,15840.0
CITROEN,CITROEN C3 ENTREPRISE (2E GENERATION),2017.0,130103.0, Diesel, mécanique,8100.0
CITROEN,CITROEN C3 (3E GENERATION),2022.0,7693.0, Diesel, mécanique,19060.0
PORSCHE,PORSCHE 911 TYPE 991 CABRIOLET,2014.0,58966.0, Essence, automatique,129500.0
CITROEN,CITROEN C4 AIRCROSS,2014.0,192200.0, Diesel, mécanique,11140.0
BMW,BMW X1 F48,2019.0,34626.0, Essence, mécanique,27930.0
RENAULT,RENAULT TWINGO 3,2022.0,6037.0, Essence, mécanique,15580.0
PEUGEOT,PEUGEOT BOXER 2,2020.0,21535.0, Diesel, mécanique,31840.0
BMW,BMW X3 G01,2020.0,60765.0, Diesel, automatique,64330.0
DODGE,DODGE RAM,2022.0,22.0, Bicarburation essence bioéthanol, automatique,95250.0
CITROEN,CITROEN C4 (3E GENERATION),2022.0,28.0, Essence, mécanique,31570.0
MERCEDES,MERCEDES CLASSE C 4 SW,2018.0,83880.0, Diesel, automatique,30340.0
PEUGEOT,PEUGEOT 308,2009.0,184378.0, Essence, automatique,7360.0
AUDI,AUDI Q3,2016.0,57741.0, Diesel, mécanique,28730.0
VOLKSWAGEN,VOLKSWAGEN TIGUAN 2,2018.0,81888.0, Diesel, automatique,33900.0
VOLKSWAGEN,VOLKSWAGEN T-ROC,2020.0,42123.0, Essence, mécanique,23760.0
PEUGEOT,PEUGEOT 208 (2E GENERATION),2021.0,24350.0, Essence, mécanique,22060.0
AUDI,AUDI Q3 (2E GENERATION),2020.0,60207.0, Diesel, automatique,46420.0
AUDI,AUDI Q5 (2E GENERATION),2019.0,76258.0, Diesel, automatique,46080.0
CITROEN,CITROEN JUMPY 2,2016.0,113925.0, Diesel, mécanique,15640.0
TOYOTA,TOYOTA C-HR,2020.0,44802.0, Hybride essence électrique, automatique,22940.0
AUDI,AUDI A1 SPORTBACK,2018.0,74651.0, Diesel, automatique,18880.0
PEUGEOT,PEUGEOT 508 (2E GENERATION) PSE,2022.0,2165.0, Hybride essence électrique, automatique,60930.0
PORSCHE,PORSCHE MACAN,2017.0,43267.0, Diesel, automatique,75690.0
MASERATI,MASERATI LEVANTE,2017.0,72898.0, Diesel, automatique,52440.0
PEUGEOT,PEUGEOT 208 AFFAIRE,2015.0,97440.0, Diesel, mécanique,8000.0
AUDI,AUDI A3 (2E GENERATION) SPORTBACK,2014.0,130832.0, Diesel, mécanique,12740.0
OPEL,OPEL GRANDLAND X,2021.0,26279.0, Diesel, mécanique,34120.0
VOLKSWAGEN,VOLKSWAGEN CARAVELLE MINIBUS,2020.0,18989.0, Diesel, automatique,40210.0
OPEL,OPEL MOKKA,2016.0,143211.0, Diesel, mécanique,12410.0
VOLKSWAGEN,VOLKSWAGEN T-ROC,2019.0,63897.0, Diesel, automatique,28070.0
SKODA,SKODA KAMIQ,2021.0,18759.0, Essence, mécanique,17740.0
BMW,BMW SERIE 2 F45 ACTIVE TOURER,2018.0,55101.0, Hybride essence électrique, automatique,26530.0
OPEL,OPEL MOKKA,2017.0,180880.0, Diesel, mécanique,11170.0
MERCEDES,MERCEDES CLASSE C 4,2020.0,16117.0, Essence, automatique,38480.0
BMW,BMW X2 F39,2019.0,57488.0, Diesel, automatique,36670.0
AUDI,AUDI Q5 (2E GENERATION),2020.0,35986.0, Diesel, automatique,57320.0
VOLVO,VOLVO V40 (2E GENERATION),2015.0,127050.0, Diesel, mécanique,11530.0
MINI,MINI MINI 3 CLUBMAN,2019.0,64606.0, Essence, automatique,23210.0
MINI,MINI COUNTRYMAN 2,2019.0,49289.0, Essence, automatique,31230.0
PEUGEOT,PEUGEOT 2008,2019.0,19261.0, Essence, automatique,21260.0
BMW,BMW SERIE 3 G21 TOURING,2021.0,9578.0, Diesel, automatique,58540.0
CITROEN,CITROEN E-C4 (3E GENERATION),2022.0,887.0, Electrique, automatique,32740.0
VOLKSWAGEN,VOLKSWAGEN ARTEON,2020.0,148349.0, Diesel, automatique,36730.0
ALFA,ALFA ROMEO GIULIETTA 3,2020.0,44563.0, Diesel, mécanique,20680.0
MERCEDES,MERCEDES CLASSE C 5,2022.0,10540.0, Diesel, automatique,68070.0
FORD,FORD FIESTA 6,2021.0,12876.0, Essence, mécanique,18430.0
BMW,BMW X2 F39,2019.0,92119.0, Essence, mécanique,27720.0
PORSCHE,PORSCHE 911,2020.0,16420.0, Essence, automatique,170170.0
AUDI,AUDI A1 (2E GENERATION) CITYCARVER,2022.0,11875.0, Essence, automatique,42370.0
AUDI,AUDI A5 SPORTBACK,2014.0,176958.0, Diesel, automatique,18060.0
BMW,BMW SERIE 5 G31 TOURING,2018.0,96164.0, Diesel, automatique,38150.0
RENAULT,RENAULT ARKANA,2022.0,12.0, Essence, automatique,34440.0
PEUGEOT,PEUGEOT 308 (3E GENERATION),2022.0,9963.0, Diesel, automatique,34940.0
LAND,LAND ROVER RANGE ROVER SPORT 2,2016.0,104390.0, Diesel, automatique,50470.0
PORSCHE,PORSCHE 911 TYPE 997,2012.0,72691.0, Essence, automatique,76290.0
RENAULT,RENAULT CAPTUR,2020.0,60458.0, Diesel, automatique,15380.0
PEUGEOT,PEUGEOT 3008 (2E GENERATION),2018.0,147481.0, Diesel, automatique,21430.0
PEUGEOT,PEUGEOT 208,2019.0,47564.0, Essence, mécanique,10780.0
VOLVO,VOLVO XC40,2019.0,27659.0, Diesel, mécanique,33970.0
MERCEDES,MERCEDES GLC,2016.0,78191.0, Diesel, automatique,35010.0
RENAULT,RENAULT KOLEOS 2,2020.0,25077.0, Diesel, automatique,36280.0
HYUNDAI,HYUNDAI I30 (3E GENERATION) SW,2021.0,53083.0, Essence, automatique,23960.0
RENAULT,RENAULT KOLEOS 2,2019.0,124386.0, Diesel, automatique,27780.0
RENAULT,RENAULT TWINGO 2,2011.0,138343.0, Essence, mécanique,4660.0
AUDI,AUDI Q5 (2E GENERATION),2018.0,75390.0, Diesel, mécanique,29290.0
CITROEN,CITROEN C3 AIRCROSS,2020.0,85469.0, Diesel, mécanique,21230.0
MERCEDES,MERCEDES CLASSE A 4 BERLINE,2021.0,26812.0, Hybride essence électrique, automatique,50680.0
TOYOTA,TOYOTA COROLLA VERSO 2,2009.0,174349.0, Diesel, mécanique,7780.0
PEUGEOT,PEUGEOT 2008,2019.0,57625.0, Essence, mécanique,18730.0
VOLKSWAGEN,VOLKSWAGEN GOLF 7,2019.0,87120.0, Essence, automatique,18230.0
CITROEN,CITROEN C3 (3E GENERATION),2019.0,31450.0, Essence, mécanique,17960.0
KIA,KIA SPORTAGE 4,2017.0,87864.0, Diesel, mécanique,19230.0
TOYOTA,TOYOTA COROLLA 12,2021.0,26374.0, Hybride essence électrique, automatique,24660.0
CITROEN,CITROEN JUMPY 3 FOURGON,2021.0,24721.0, Diesel, mécanique,30600.0
AUDI,AUDI A4 (5E GENERATION) AVANT,2021.0,42929.0, Diesel, automatique,36700.0
AUDI,AUDI A4 (5E GENERATION) AVANT,2021.0,26500.0, Essence, automatique,36570.0
JEEP,JEEP RENEGADE,2018.0,70489.0, Diesel, automatique,28730.0
BMW,BMW SERIE 5 F10,2012.0,48034.0, Essence, automatique,25400.0
RENAULT,RENAULT ESPACE 5,2016.0,133492.0, Diesel, automatique,17730.0
BMW,BMW SERIE 3 F31 TOURING,2017.0,107000.0, Diesel, mécanique,18170.0
VOLVO,VOLVO V40 (2E GENERATION) CROSS COUNTRY,2016.0,129470.0, Diesel, mécanique,15600.0
AUDI,AUDI Q5,2012.0,107812.0, Diesel, mécanique,22370.0
PORSCHE,PORSCHE CAYENNE 3 COUPE,2020.0,24295.0, Essence, automatique,111860.0
TOYOTA,TOYOTA C-HR,2022.0,17638.0, Hybride essence électrique, automatique,32870.0
PEUGEOT,PEUGEOT 2008,2019.0,48148.0, Essence, automatique,20210.0
ASTON,ASTON MARTIN V8 VANTAGE,2009.0,99647.0, Essence, mécanique,61480.0
PEUGEOT,PEUGEOT 3008 (2E GENERATION),2019.0,59501.0, Essence, automatique,29020.0
PEUGEOT,PEUGEOT 208,2020.0,28122.0, Essence, mécanique,15710.0
DACIA,DACIA SANDERO 2 STEPWAY,2020.0,22490.0, Essence, mécanique,13070.0
MINI,MINI MINI 3 CLUBMAN,2019.0,17873.0, Essence, automatique,32490.0
RENAULT,RENAULT KANGOO 2 SOCIETE,2017.0,140793.0, Diesel, mécanique,11380.0
PORSCHE,PORSCHE 911 TYPE 991 GT3,2018.0,11250.0, Essence, automatique,224980.0
MERCEDES,MERCEDES CLASSE E 4 COUPE,2013.0,190268.0, Essence, automatique,19340.0
BMW,BMW SERIE 1 F20 5 PORTES,2019.0,29849.0, Essence, mécanique,24730.0
FORD,FORD KUGA 2,2019.0,91324.0, Diesel, automatique,22410.0
VOLKSWAGEN,VOLKSWAGEN TIGUAN 2,2018.0,105300.0, Diesel, mécanique,21040.0
CITROEN,CITROEN C5 AIRCROSS,2021.0,5.0, Diesel, mécanique,28940.0
PEUGEOT,PEUGEOT 2008 (2E GENERATION),2022.0,1.0, Essence, mécanique,27820.0
NISSAN,NISSAN QASHQAI,2012.0,174881.0, Diesel, mécanique,9350.0
PEUGEOT,PEUGEOT 208,2017.0,85988.0, Diesel, mécanique,13090.0
VOLKSWAGEN,VOLKSWAGEN GOLF 6 CABRIOLET,2013.0,117153.0, Diesel, mécanique,14230.0
RENAULT,RENAULT CLIO 5,2022.0,52.0, Essence, mécanique,21560.0
VOLKSWAGEN,VOLKSWAGEN T-CROSS,2021.0,11.0, Diesel, automatique,28220.0
OPEL,OPEL CORSA 5,2019.0,71564.0, Diesel, mécanique,12410.0
HYUNDAI,HYUNDAI I20 (3E GENERATION),2021.0,17644.0, Essence, automatique,22990.0
BMW,BMW X3 G01,2019.0,66118.0, Diesel, automatique,54880.0
SEAT,SEAT IBIZA 5,2020.0,13237.0, Essence, automatique,17960.0
FORD,FORD MUSTANG 6 COUPE,2018.0,65407.0, Essence, mécanique,37780.0
PEUGEOT,PEUGEOT 3008 (2E GENERATION),2022.0,38.0, Diesel, automatique,47480.0
SEAT,SEAT IBIZA 5,2022.0,7257.0, Essence, automatique,26920.0
SKODA,SKODA FABIA 3,2022.0,9120.0, Essence, automatique,19780.0
BMW,BMW SERIE 2 F45 ACTIVE TOURER,2016.0,70691.0, Essence, automatique,23300.0
CITROEN,CITROEN C4 CACTUS,2020.0,26257.0, Essence, mécanique,21400.0
RENAULT,RENAULT SCENIC 3,2016.0,95346.0, Essence, mécanique,11970.0
VOLVO,VOLVO XC60 (2E GENERATION),2019.0,168513.0, Hybride essence électrique, automatique,44440.0
PEUGEOT,PEUGEOT 208,2016.0,72577.0, Diesel, mécanique,10700.0
CITROEN,CITROEN C4 SPACETOURER,2019.0,71613.0, Diesel, automatique,19240.0
AUDI,AUDI Q5,2015.0,156485.0, Diesel, automatique,24380.0
VOLKSWAGEN,VOLKSWAGEN POLO 6,2021.0,23600.0, Essence, automatique,25840.0
SEAT,SEAT LEON 4,2022.0,169.0, Diesel, mécanique,31620.0
VOLKSWAGEN,VOLKSWAGEN GOLF 7,2019.0,62488.0, Diesel, automatique,34470.0
PEUGEOT,PEUGEOT 208 (2E GENERATION),2022.0,4049.0, Essence, mécanique,26700.0
VOLKSWAGEN,VOLKSWAGEN TIGUAN 2,2021.0,9717.0, Diesel, automatique,60250.0
AUDI,AUDI RS5,2012.0,176593.0, Essence, automatique,37180.0
VOLKSWAGEN,VOLKSWAGEN T-ROC,2020.0,80500.0, Diesel, automatique,30930.0
VOLKSWAGEN,VOLKSWAGEN GOLF 7 GTI,2017.0,59272.0, Essence, mécanique,35940.0
PEUGEOT,PEUGEOT 208 AFFAIRE,2019.0,152349.0, Diesel, mécanique,8580.0
VOLKSWAGEN,VOLKSWAGEN TIGUAN 2,2019.0,46116.0, Diesel, automatique,29140.0
FIAT,FIAT 500 X,2019.0,33126.0, Diesel, mécanique,17650.0
MAZDA,MAZDA MX5 (3E GENERATION),2009.0,98760.0, Essence, mécanique,16860.0
SMART,SMART FORTWO 3,2017.0,25809.0, Essence, mécanique,17910.0
VOLKSWAGEN,VOLKSWAGEN GOLF 7,2019.0,24045.0, Diesel, mécanique,23580.0
TOYOTA,TOYOTA AYGO 2,2021.0,4434.0, Essence, mécanique,14000.0
PORSCHE,PORSCHE MACAN,2018.0,42790.0, Essence, automatique,72490.0
RENAULT,RENAULT CLIO 5,2021.0,18837.0, Essence, mécanique,16360.0
CITROEN,CITROEN C4 (2E GENERATION),2016.0,116600.0, Diesel, mécanique,10980.0
PEUGEOT,PEUGEOT 308 (2E GENERATION) GTI,2019.0,20196.0, Essence, mécanique,33460.0
PEUGEOT,PEUGEOT 208,2017.0,50885.0, Diesel, mécanique,14480.0
PEUGEOT,PEUGEOT 308 (2E GENERATION),2018.0,65469.0, Essence, mécanique,19420.0
CITROEN,CITROEN C5 AIRCROSS,2020.0,199176.0, Diesel, automatique,23860.0
RENAULT,RENAULT ZOE,2020.0,23209.0, Electrique, automatique,14130.0
TOYOTA,TOYOTA RAV 4 (4E GENERATION),2018.0,37930.0, Hybride essence électrique, automatique,29130.0
PEUGEOT,PEUGEOT 3008 (2E GENERATION),2019.0,52035.0, Essence, automatique,26690.0
MINI,MINI COUNTRYMAN 2,2019.0,38535.0, Essence, mécanique,20350.0
PEUGEOT,PEUGEOT 3008 (2E GENERATION),2019.0,109961.0, Diesel, mécanique,23140.0
AUDI,AUDI A1 (2E GENERATION) SPORTBACK,2021.0,13892.0, Essence, automatique,34180.0
BMW,BMW SERIE 2 F23 CABRIOLET,2019.0,55277.0, Diesel, automatique,40550.0
PEUGEOT,PEUGEOT 3008 (2E GENERATION),2018.0,99790.0, Diesel, mécanique,20980.0
MERCEDES,MERCEDES GLC,2021.0,24448.0, Hybride essence électrique, automatique,64790.0
CITROEN,CITROEN JUMPY 3 FOURGON,2022.0,610.0, Diesel, mécanique,29620.0
KIA,KIA SPORTAGE 4,2019.0,55750.0, Diesel, mécanique,19200.0
VOLKSWAGEN,VOLKSWAGEN TIGUAN 2,2018.0,86917.0, Diesel, mécanique,23490.0
VOLKSWAGEN,VOLKSWAGEN TIGUAN,2014.0,132354.0, Essence, mécanique,14930.0
PEUGEOT,PEUGEOT 208,2017.0,105934.0, Essence, automatique,14500.0
TOYOTA,TOYOTA AYGO 2,2019.0,6344.0, Essence, mécanique,10580.0
TOYOTA,TOYOTA C-HR,2020.0,48995.0, Hybride essence électrique, automatique,23850.0
CITROEN,CITROEN C3 AIRCROSS,2022.0,523.0, Diesel, automatique,25710.0
AUDI,AUDI A1 SPORTBACK,2019.0,93000.0, Essence, automatique,20950.0
PEUGEOT,PEUGEOT 3008 (2E GENERATION),2021.0,105.0, Hybride essence électrique, automatique,64480.0
VOLKSWAGEN,VOLKSWAGEN TIGUAN 2,2019.0,48371.0, Diesel, mécanique,27780.0
PEUGEOT,PEUGEOT 5008 (2E GENERATION),2022.0,11061.0, Diesel, automatique,35820.0
MERCEDES,MERCEDES CLASSE A 4,2020.0,32182.0, Diesel, automatique,34500.0
CITROEN,CITROEN GRAND C4 PICASSO 2,2018.0,118162.0, Diesel, automatique,19610.0
BMW,BMW SERIE 3 F31 TOURING,2019.0,48734.0, Essence, automatique,33020.0
AUDI,AUDI A4 (5E GENERATION),2017.0,65307.0, Diesel, automatique,30240.0
RENAULT,RENAULT CLIO 3 RS,2007.0,172385.0, Essence, mécanique,11480.0
BMW,BMW SERIE 3 G20,2022.0,6720.0, Hybride essence électrique, automatique,58720.0
VOLKSWAGEN,VOLKSWAGEN TOUAREG 3,2021.0,16328.0, Hybride essence électrique, automatique,94690.0
AUDI,AUDI Q5 (2E GENERATION),2022.0,21486.0, Diesel, automatique,52980.0
AUDI,AUDI Q2,2022.0,18876.0, Essence, automatique,41000.0
MERCEDES,MERCEDES CLA SHOOTING BRAKE,2019.0,68856.0, Diesel, automatique,26440.0
RENAULT,RENAULT MEGANE 3 COUPE RS,2016.0,58540.0, Essence, mécanique,23290.0
BMW,BMW X3 G01,2022.0,10791.0, Hybride essence électrique, automatique,80550.0
DS,DS DS 3,2018.0,61405.0, Essence, mécanique,12970.0
FIAT,FIAT 500 C (3E GENERATION),2022.0,107.0, Electrique, automatique,30480.0
SEAT,SEAT ARONA,2022.0,3469.0, Essence, automatique,24070.0
OPEL,OPEL CORSA 5,2019.0,25029.0, Essence, mécanique,14370.0
CHEVROLET,CHEVROLET CORVETTE C1 CABRIOLET,1961.0,55350.0, Essence, mécanique,117460.0
PEUGEOT,PEUGEOT EXPERT 3 FOURGON,2022.0,7.0, Electrique, automatique,42430.0
MG,MG MG ZS,2022.0,935.0, Electrique, automatique,41400.0
CITROEN,CITROEN C4 (2E GENERATION),2016.0,38788.0, Essence, mécanique,9260.0
MINI,MINI COUNTRYMAN 2,2019.0,75664.0, Diesel, mécanique,24300.0
ALFA,ALFA ROMEO STELVIO,2020.0,26169.0, Diesel, automatique,47480.0
HONDA,HONDA JAZZ 4,2021.0,4200.0, Hybride essence électrique, automatique,21940.0
BMW,BMW SERIE 1 F40,2022.0,13601.0, Essence, automatique,34870.0
CITROEN,CITROEN BERLINGO 3 MULTISPACE,2020.0,83895.0, Essence, mécanique,21300.0
FIAT,FIAT 500 X,2020.0,35758.0, Diesel, automatique,20680.0
VOLKSWAGEN,VOLKSWAGEN POLO 6,2021.0,14708.0, Diesel, automatique,20880.0
VOLKSWAGEN,VOLKSWAGEN SHARAN 2,2017.0,96236.0, Diesel, mécanique,27810.0
RENAULT,RENAULT CLIO 4,2019.0,47536.0, Essence, mécanique,12650.0
PEUGEOT,PEUGEOT 308 (2E GENERATION),2020.0,74011.0, Essence, mécanique,19180.0
MERCEDES,MERCEDES CLASSE CLS 2,2013.0,180902.0, Diesel, automatique,24180.0
LAND,LAND ROVER RANGE ROVER EVOQUE,2019.0,73383.0, Diesel, automatique,39630.0
PEUGEOT,PEUGEOT 3008 (2E GENERATION),2019.0,90720.0, Essence, automatique,23500.0
LAND,LAND ROVER RANGE ROVER VELAR,2019.0,106800.0, Essence, automatique,76680.0
KIA,KIA VENGA,2019.0,36867.0, Essence, mécanique,13510.0
RENAULT,RENAULT CAPTUR 2,2022.0,11.0, Essence, mécanique,22030.0
RENAULT,RENAULT KADJAR,2017.0,165980.0, Diesel, mécanique,17480.0
BMW,BMW SERIE 2 F46 GRAN TOURER,2020.0,36704.0, Diesel, automatique,36930.0
FORD,FORD THUNDERBIRD 2 CABRIOLET,1956.0,70200.0, Essence, automatique,52530.0
MAZDA,MAZDA MX5 (4E GENERATION) ST,2020.0,11888.0, Essence, mécanique,32750.0
CITROEN,CITROEN C4 SPACETOURER,2019.0,118792.0, Diesel, automatique,19780.0
RENAULT,RENAULT CAPTUR,2018.0,41874.0, Essence, mécanique,15580.0
MERCEDES,MERCEDES GLE,2019.0,90287.0, Diesel, automatique,56380.0
JEEP,JEEP GLADIATOR,2022.0,24.0, Essence, automatique,94250.0
AUDI,AUDI A1 (2E GENERATION) SPORTBACK,2022.0,7332.0, Essence, automatique,29680.0
DS,DS DS 7 CROSSBACK,2021.0,32602.0, Hybride essence électrique, automatique,51680.0
PEUGEOT,PEUGEOT BOXER 2,2020.0,35057.0, Diesel, mécanique,24290.0
PEUGEOT,PEUGEOT 208 (2E GENERATION),2022.0,8984.0, Essence, mécanique,27250.0
RENAULT,RENAULT KADJAR,2022.0,12.0, Essence, mécanique,30760.0
PORSCHE,PORSCHE MACAN,2020.0,18974.0, Essence, automatique,94230.0
OPEL,OPEL CORSA 5,2020.0,21959.0, Essence, mécanique,12860.0
PEUGEOT,PEUGEOT 308 (2E GENERATION),2020.0,121331.0, Diesel, automatique,20860.0
AUDI,AUDI RS4 (4E GENERATION) AVANT,2014.0,106140.0, Essence, automatique,52440.0
RENAULT,RENAULT CAPTUR 2,2022.0,11.0, Essence, mécanique,22640.0
DS,DS DS 7 CROSSBACK,2021.0,12500.0, Hybride essence électrique, automatique,66120.0
LAND,LAND ROVER RANGE ROVER VELAR,2019.0,60096.0, Essence, automatique,83880.0
PEUGEOT,PEUGEOT 5008 (2E GENERATION),2020.0,18846.0, Essence, automatique,38350.0
PEUGEOT,PEUGEOT 3008 (2E GENERATION),2018.0,134665.0, Diesel, automatique,27600.0
VOLKSWAGEN,VOLKSWAGEN GOLF 6,2010.0,107761.0, Diesel, mécanique,12410.0
LAND,LAND ROVER DEFENDER 2,2007.0,244260.0, Diesel, mécanique,29380.0
VOLKSWAGEN,VOLKSWAGEN T-CROSS,2021.0,16864.0, Essence, mécanique,28380.0
AUDI,AUDI A6 (5E GENERATION),2019.0,46010.0, Diesel, automatique,53480.0
MAZDA,MAZDA CX-3,2017.0,150208.0, Diesel, mécanique,14140.0
PORSCHE,PORSCHE 911 TYPE 992,2020.0,27724.0, Essence, automatique,169240.0
PEUGEOT,PEUGEOT BOXER 2,2020.0,78200.0, Diesel, mécanique,26330.0
FIAT,FIAT DUCATO 3,2018.0,116953.0, Diesel, mécanique,21680.0
DS,DS DS 7 CROSSBACK,2019.0,52319.0, Diesel, automatique,39580.0
OPEL,OPEL CROSSLAND X,2020.0,41876.0, Diesel, mécanique,20050.0
DODGE,DODGE RAM,2022.0,25.0, Essence, automatique,174870.0
VOLKSWAGEN,VOLKSWAGEN GOLF 8,2021.0,20802.0, Diesel, automatique,33320.0
VOLVO,VOLVO XC90 (2E GENERATION),2021.0,32159.0, Hybride essence électrique, automatique,79680.0
MINI,MINI MINI 2 3P,2013.0,128230.0, Essence, mécanique,11650.0
OPEL,OPEL CORSA 6,2021.0,32981.0, Diesel, mécanique,20040.0
ALFA,ALFA ROMEO MITO,2010.0,129564.0, Essence, mécanique,7700.0
RENAULT,RENAULT KOLEOS 2,2018.0,95414.0, Diesel, mécanique,23980.0
BMW,BMW SERIE 1 F20 5 PORTES,2018.0,109628.0, Diesel, mécanique,16090.0
OPEL,OPEL CROSSLAND X,2018.0,75405.0, Diesel, mécanique,14670.0
VOLKSWAGEN,VOLKSWAGEN COCCINELLE,2014.0,130198.0, Essence, automatique,14820.0
RENAULT,RENAULT CLIO 4,2019.0,66480.0, Essence, mécanique,13180.0
DACIA,DACIA DUSTER,2017.0,65339.0, Diesel, mécanique,15880.0
RENAULT,RENAULT CLIO 5,2022.0,11.0, Essence, mécanique,20390.0
RENAULT,RENAULT MEGANE 4,2021.0,31310.0, Essence, mécanique,19930.0
FORD,FORD MUSTANG 6 CABRIOLET,1967.0,58000.0, Essence, automatique,54170.0
PEUGEOT,PEUGEOT 2008 (2E GENERATION),2021.0,27674.0, Diesel, mécanique,27880.0
NISSAN,NISSAN NAVARA,2017.0,82215.0, Diesel, mécanique,22520.0
PEUGEOT,PEUGEOT 5008 (2E GENERATION),2019.0,116317.0, Diesel, automatique,33860.0
BMW,BMW SERIE 5 E39 M5,2000.0,120488.0, Essence, mécanique,44870.0
MERCEDES,MERCEDES GLC,2021.0,41140.0, Diesel, automatique,70050.0
PEUGEOT,PEUGEOT 2008 (2E GENERATION),2021.0,21564.0, Diesel, mécanique,23070.0
DS,DS DS 3,2018.0,41020.0, Diesel, mécanique,17500.0
BMW,BMW X2 F39,2019.0,62938.0, Diesel, automatique,32430.0
BMW,BMW SERIE 1 F40,2022.0,19398.0, Diesel, automatique,45120.0
VOLKSWAGEN,VOLKSWAGEN T-ROC,2020.0,43354.0, Essence, automatique,29320.0
OPEL,OPEL MOKKA,2015.0,110009.0, Diesel, mécanique,12520.0
AUDI,AUDI RS3 SPORTBACK,2012.0,113921.0, Essence, automatique,32140.0
OPEL,OPEL COMBO CARGO 3,2019.0,52569.0, Diesel, mécanique,17240.0
SEAT,SEAT IBIZA 5,2020.0,22397.0, Essence, mécanique,16720.0
BMW,BMW X1 F48,2020.0,70788.0, Diesel, automatique,43630.0
VOLKSWAGEN,VOLKSWAGEN PASSAT 8 SW,2018.0,148163.0, Diesel, automatique,18850.0
PORSCHE,PORSCHE MACAN,2015.0,217338.0, Diesel, automatique,35500.0
BMW,BMW X3 G01,2022.0,4282.0, Diesel, automatique,70910.0
VOLKSWAGEN,VOLKSWAGEN GOLF 7,2020.0,16503.0, Essence, automatique,25830.0
FIAT,FIAT 500 (2E GENERATION),2021.0,11.0, Essence, mécanique,15240.0
VOLKSWAGEN,VOLKSWAGEN TIGUAN 2,2020.0,47016.0, Essence, automatique,43610.0
MAZDA,MAZDA MX5 (3E GENERATION),2011.0,85944.0, Essence, mécanique,20810.0
CHEVROLET,CHEVROLET CAMARO 5,2015.0,34001.0, Essence, mécanique,50690.0
PEUGEOT,PEUGEOT 108,2017.0,36333.0, Essence, mécanique,11080.0
OPEL,OPEL CORSA 6,2022.0,3733.0, Essence, mécanique,21070.0
DACIA,DACIA LODGY,2014.0,147342.0, Diesel, mécanique,8910.0
RENAULT,RENAULT KADJAR,2022.0,12.0, Essence, mécanique,29620.0
BMW,BMW SERIE 4 F36 GRAN COUPE,2017.0,94600.0, Diesel, automatique,31880.0
JAGUAR,JAGUAR F-TYPE,2014.0,44191.0, Essence, mécanique,55520.0
RENAULT,RENAULT CAPTUR 2,2022.0,3966.0, Essence, automatique,28060.0
RENAULT,RENAULT CLIO 5,2022.0,13.0, Essence, mécanique,22360.0
PEUGEOT,PEUGEOT 208,2018.0,45142.0, Essence, automatique,18580.0
LAND,LAND ROVER RANGE ROVER EVOQUE 2,2020.0,41470.0, Diesel, automatique,58280.0
PEUGEOT,PEUGEOT PARTNER 2 FOURGON,2016.0,130831.0, Diesel, mécanique,14630.0
SKODA,SKODA OCTAVIA 4 COMBI,2022.0,22200.0, Diesel, automatique,35400.0
LEXUS,LEXUS UX,2021.0,34890.0, Hybride essence électrique, automatique,36770.0
BMW,BMW SERIE 3 E92 COUPE,2008.0,83114.0, Essence, mécanique,15380.0
RENAULT,RENAULT CAPTUR 2,2022.0,118.0, Essence, automatique,30660.0
VOLKSWAGEN,VOLKSWAGEN GOLF 6 CABRIOLET,2015.0,81637.0, Diesel, mécanique,15660.0
JAGUAR,JAGUAR F-PACE,2019.0,39007.0, Diesel, automatique,40170.0
DS,DS DS 7 CROSSBACK,2019.0,73106.0, Essence, automatique,34960.0
VOLVO,VOLVO V40 (2E GENERATION) CROSS COUNTRY,2018.0,37560.0, Diesel, mécanique,21100.0
PEUGEOT,PEUGEOT 208 (2E GENERATION),2021.0,11477.0, Essence, mécanique,21300.0
NISSAN,NISSAN QASHQAI 2,2019.0,32343.0, Essence, mécanique,20520.0
PORSCHE,PORSCHE 911 TYPE 997,2008.0,102724.0, Essence, automatique,82800.0
LAND,LAND ROVER RANGE ROVER EVOQUE,2018.0,42783.0, Diesel, mécanique,32630.0
PEUGEOT,PEUGEOT 508 (2E GENERATION),2021.0,7908.0, Hybride essence électrique, automatique,38580.0
RENAULT,RENAULT SCENIC 3,2016.0,118231.0, Diesel, automatique,12190.0
PEUGEOT,PEUGEOT 308 (2E GENERATION) SW,2019.0,60156.0, Diesel, mécanique,18790.0
AUDI,AUDI A3 (3E GENERATION) SPORTBACK,2019.0,57988.0, Diesel, automatique,31290.0
AUDI,AUDI RS6 (2E GENERATION) AVANT,2009.0,181250.0, Essence, automatique,48610.0
CITROEN,CITROEN C3 (3E GENERATION),2020.0,18664.0, Essence, mécanique,18240.0
BMW,BMW SERIE 3 F30,2020.0,22251.0, Diesel, automatique,37740.0
VOLVO,VOLVO XC40,2021.0,12512.0, Essence, automatique,47030.0
RENAULT,RENAULT KANGOO 2 EXPRESS,2019.0,97675.0, Diesel, mécanique,14450.0
ALFA,ALFA ROMEO STELVIO,2022.0,3420.0, Diesel, automatique,59260.0
MINI,MINI MINI 3 3P,2017.0,66104.0, Essence, mécanique,18860.0
PEUGEOT,PEUGEOT 3008,2018.0,92380.0, Essence, mécanique,28500.0
VOLKSWAGEN,VOLKSWAGEN GOLF SPORTSVAN,2020.0,20360.0, Essence, mécanique,23160.0
DS,DS DS 3 CABRIOLET,2019.0,72950.0, Essence, mécanique,15940.0
MAZDA,MAZDA MX5 (4E GENERATION) ST,2017.0,52800.0, Essence, mécanique,26930.0
MINI,MINI MINI 3 CLUBMAN,2019.0,81241.0, Diesel, automatique,28510.0
BMW,BMW SERIE 1 F20 5 PORTES,2018.0,76796.0, Diesel, mécanique,19410.0
VOLKSWAGEN,VOLKSWAGEN GOLF 7,2019.0,76917.0, Diesel, mécanique,21510.0
MERCEDES,MERCEDES SLK 2,2007.0,99960.0, Essence, automatique,23980.0
PORSCHE,PORSCHE 911 TYPE 991 TURBO,2015.0,51480.0, Essence, automatique,167880.0
SEAT,SEAT ARONA,2020.0,40608.0, Essence, automatique,18340.0
HYUNDAI,HYUNDAI I20,2012.0,101884.0, Essence, mécanique,7730.0
FIAT,FIAT 500 C,2019.0,37827.0, Essence, mécanique,16010.0
PEUGEOT,PEUGEOT 208 (2E GENERATION),2022.0,11.0, Diesel, mécanique,28020.0
CITROEN,CITROEN C5 AIRCROSS,2022.0,12.0, Hybride essence électrique, automatique,45730.0
DS,DS DS 7 CROSSBACK,2020.0,38288.0, Diesel, automatique,40660.0
PEUGEOT,PEUGEOT 308 (2E GENERATION),2019.0,68632.0, Diesel, mécanique,18860.0
VOLVO,VOLVO XC60 (2E GENERATION),2022.0,12626.0, Hybride essence électrique, automatique,66320.0
MERCEDES,MERCEDES CLA SHOOTING BRAKE,2019.0,68400.0, Diesel, automatique,26200.0
KIA,KIA XCEED,2020.0,10364.0, Essence, mécanique,27480.0
RENAULT,RENAULT CLIO 5,2022.0,115.0, Essence, mécanique,21370.0
OPEL,OPEL CORSA 5,2020.0,25214.0, Essence, mécanique,12910.0
RENAULT,RENAULT CAPTUR,2016.0,104797.0, Diesel, mécanique,10590.0
MERCEDES,MERCEDES GLC,2018.0,93252.0, Diesel, automatique,39780.0
PORSCHE,PORSCHE PANAMERA 2,2020.0,113.0, Hybride essence électrique, automatique,158180.0
CITROEN,CITROEN C4 (2E GENERATION),2012.0,142528.0, Essence, mécanique,7000.0
PEUGEOT,PEUGEOT 5008 (2E GENERATION),2021.0,10449.0, Diesel, automatique,36620.0
VOLKSWAGEN,VOLKSWAGEN GOLF 7,2020.0,35090.0, Diesel, automatique,27690.0
OPEL,OPEL MOKKA 2,2022.0,6971.0, Electrique, automatique,48950.0
CITROEN,CITROEN C4 AIRCROSS,2017.0,81344.0, Diesel, mécanique,19700.0
MAZDA,MAZDA MX5 (4E GENERATION) RF,2018.0,35218.0, Essence, automatique,30210.0
MAZDA,MAZDA 3 (4E GENERATION),2022.0,4060.0, Essence, automatique,36480.0
CITROEN,CITROEN C3 AIRCROSS,2021.0,25870.0, Essence, mécanique,20720.0
CITROEN,CITROEN C3 (3E GENERATION),2022.0,14041.0, Essence, mécanique,18430.0
RENAULT,RENAULT ZOE,2016.0,53119.0, Electrique, automatique,9610.0
CITROEN,CITROEN BERLINGO 2 MULTISPACE,2019.0,78282.0, Essence, mécanique,21070.0
MERCEDES,MERCEDES CLASSE B 2,2018.0,23762.0, Essence, mécanique,25050.0
CITROEN,CITROEN C5 AIRCROSS,2021.0,25309.0, Essence, automatique,31590.0
PORSCHE,PORSCHE 911 TYPE 991 TARGA,2017.0,57750.0, Essence, automatique,169860.0
VOLKSWAGEN,VOLKSWAGEN PASSAT 8 SW,2017.0,117668.0, Diesel, automatique,18080.0
SEAT,SEAT LEON 3,2018.0,61396.0, Diesel, automatique,21740.0
PEUGEOT,PEUGEOT 5008 (2E GENERATION),2022.0,6115.0, Diesel, automatique,39020.0
BMW,BMW X3 G01,2020.0,79394.0, Diesel, automatique,43320.0
VOLKSWAGEN,VOLKSWAGEN ARTEON,2020.0,15858.0, Diesel, mécanique,30290.0
AUDI,AUDI A5 CABRIOLET,2015.0,95805.0, Diesel, automatique,28500.0
MINI,MINI MINI 3 3P,2020.0,28995.0, Essence, automatique,27420.0
LAND,LAND ROVER RANGE ROVER EVOQUE,2018.0,101329.0, Diesel, automatique,29990.0
FORD,FORD FIESTA 6,2020.0,23805.0, Essence, mécanique,13910.0
BMW,BMW SERIE 5 G30,2018.0,53211.0, Diesel, automatique,36140.0
PEUGEOT,PEUGEOT E-2008 (2E GENERATION),2021.0,24056.0, Electrique, automatique,36230.0
JEEP,JEEP RENEGADE,2022.0,5.0, Hybride essence électrique, automatique,37430.0
AUDI,AUDI Q2,2019.0,93949.0, Diesel, automatique,31200.0
OPEL,OPEL INSIGNIA SPORTS TOURER,2016.0,71569.0, Diesel, mécanique,15580.0
MAZDA,MAZDA MX5 (3E GENERATION),2012.0,72670.0, Essence, mécanique,18400.0
MERCEDES,MERCEDES CLASSE C 4 AMG,2018.0,30738.0, Essence, automatique,76190.0
PEUGEOT,PEUGEOT 3008 (2E GENERATION),2019.0,64312.0, Essence, mécanique,25130.0
OPEL,OPEL CROSSLAND X,2018.0,30732.0, Essence, mécanique,14610.0
CITROEN,CITROEN C4 CACTUS,2021.0,24088.0, Diesel, mécanique,22800.0
FIAT,FIAT 500 (2E GENERATION),2021.0,13040.0, Essence, mécanique,13300.0
MERCEDES,MERCEDES CLASSE R,2008.0,137376.0, Diesel, automatique,15350.0
CITROEN,CITROEN C5 AIRCROSS,2022.0,9127.0, Essence, mécanique,31610.0
BMW,BMW SERIE 3 G21 TOURING,2020.0,84802.0, Diesel, automatique,25860.0
VOLKSWAGEN,VOLKSWAGEN TRANSPORTER 6,2016.0,86774.0, Diesel, automatique,46600.0
MINI,MINI MINI 2 CABRIOLET,2013.0,113544.0, Diesel, automatique,15920.0
SKODA,SKODA FABIA 3,2018.0,27775.0, Essence, mécanique,12740.0
SUZUKI,SUZUKI ACROSS,2022.0,1.0, Hybride essence électrique, automatique,58550.0
PEUGEOT,PEUGEOT 3008 (2E GENERATION),2022.0,11.0, Diesel, automatique,39200.0
BMW,BMW SERIE 3 F30,2018.0,55280.0, Essence, mécanique,23150.0
JAGUAR,JAGUAR F-PACE,2019.0,79925.0, Diesel, automatique,48280.0
OPEL,OPEL ASTRA 5 SPORTS TOURER,2019.0,35963.0, Diesel, automatique,17330.0
VOLKSWAGEN,VOLKSWAGEN PASSAT 8 SW,2018.0,70806.0, Essence, automatique,26480.0
CITROEN,CITROEN C3 AIRCROSS,2018.0,113460.0, Diesel, mécanique,14800.0
NISSAN,NISSAN QASHQAI 2,2019.0,29963.0, Essence, mécanique,24980.0
PEUGEOT,PEUGEOT 2008 (2E GENERATION),2021.0,13065.0, Diesel, mécanique,27520.0
MERCEDES,MERCEDES GLE,2018.0,135488.0, Diesel, automatique,42900.0
PEUGEOT,PEUGEOT 3008 (2E GENERATION),2022.0,11.0, Hybride essence électrique, automatique,44780.0
PEUGEOT,PEUGEOT 108,2022.0,15495.0, Essence, mécanique,14750.0
PEUGEOT,PEUGEOT 508 (2E GENERATION),2020.0,35271.0, Diesel, automatique,38690.0
CITROEN,CITROEN C3 (3E GENERATION),2019.0,60915.0, Diesel, mécanique,15230.0
PEUGEOT,PEUGEOT 3008 (2E GENERATION),2020.0,35986.0, Diesel, automatique,31480.0
AUDI,AUDI Q5 (2E GENERATION) SPORTBACK,2022.0,2420.0, Diesel, automatique,90260.0
PEUGEOT,PEUGEOT 208,2020.0,34794.0, Essence, mécanique,16000.0
RENAULT,RENAULT KADJAR,2019.0,108686.0, Diesel, mécanique,18890.0
OPEL,OPEL ASTRA 5 SPORTS TOURER,2021.0,36249.0, Diesel, automatique,23070.0
PEUGEOT,PEUGEOT 3008 (2E GENERATION),2021.0,29630.0, Hybride essence électrique, automatique,44260.0
HYUNDAI,HYUNDAI IONIQ,2022.0,1330.0, Electrique, automatique,33530.0
PEUGEOT,PEUGEOT 308 (2E GENERATION) SW,2021.0,44705.0, Diesel, automatique,24180.0
PEUGEOT,PEUGEOT 208 (2E GENERATION),2021.0,3215.0, Essence, mécanique,24790.0
CITROEN,CITROEN C4 (2E GENERATION) BUSINESS,2018.0,132521.0, Diesel, mécanique,14130.0
BMW,BMW X4 F26,2018.0,89988.0, Diesel, automatique,46220.0
VOLVO,VOLVO XC60 (2E GENERATION),2021.0,12.0, Hybride essence électrique, automatique,69000.0
BMW,BMW SERIE 5 G30,2018.0,72267.0, Diesel, automatique,43560.0
CITROEN,CITROEN JUMPY 3 FOURGON,2022.0,11.0, Diesel, mécanique,34390.0
HONDA,HONDA CR-V 4,2017.0,126176.0, Diesel, mécanique,21300.0
AUDI,AUDI Q5 (2E GENERATION),2018.0,106549.0, Diesel, automatique,46050.0
MERCEDES,MERCEDES CLASSE B 2,2018.0,90480.0, Diesel, mécanique,17960.0
SEAT,SEAT IBIZA 5,2019.0,72384.0, Essence, mécanique,15060.0
RENAULT,RENAULT ZOE,2019.0,20870.0, Electrique, automatique,15250.0
PORSCHE,PORSCHE 911 TYPE 997,2007.0,80613.0, Essence, mécanique,70080.0
VOLKSWAGEN,VOLKSWAGEN POLO 6,2020.0,27152.0, Diesel, mécanique,20630.0
CITROEN,CITROEN C3 ENTREPRISE (2E GENERATION),2016.0,61444.0, Diesel, mécanique,8680.0
NISSAN,NISSAN JUKE 2,2022.0,7680.0, Essence, mécanique,29980.0
BMW,BMW Z4 E89,2011.0,84680.0, Essence, automatique,42320.0
MERCEDES,MERCEDES CLASSE A 3,2014.0,148108.0, Diesel, automatique,23140.0
CITROEN,CITROEN C5 AIRCROSS,2020.0,42506.0, Essence, automatique,30190.0
VOLKSWAGEN,VOLKSWAGEN TOUAREG 3,2021.0,52886.0, Diesel, automatique,89780.0
VOLVO,VOLVO S60 (3E GENERATION),2022.0,11.0, Hybride essence électrique, automatique,71560.0
MINI,MINI MINI 3 3P,2021.0,7658.0, Electrique, automatique,31020.0
PEUGEOT,PEUGEOT 308 (3E GENERATION),2020.0,43531.0, Essence, mécanique,21850.0
PEUGEOT,PEUGEOT 308 (2E GENERATION),2021.0,7505.0, Diesel, mécanique,27780.0
VOLKSWAGEN,VOLKSWAGEN TAIGO,2022.0,10146.0, Essence, automatique,35340.0
VOLKSWAGEN,VOLKSWAGEN POLO 5,2018.0,7812.0, Diesel, mécanique,17260.0
FIAT,FIAT 500 C (3E GENERATION),2022.0,121.0, Electrique, automatique,29020.0
CITROEN,CITROEN C4 PICASSO 2,2015.0,170483.0, Diesel, mécanique,10610.0
PEUGEOT,PEUGEOT 308 (2E GENERATION),2022.0,12677.0, Essence, mécanique,21580.0
RENAULT,RENAULT CLIO 5,2022.0,106.0, Essence, automatique,20760.0
ABARTH,ABARTH 500,2018.0,46980.0, Essence, mécanique,21580.0
PEUGEOT,PEUGEOT 3008 (2E GENERATION),2019.0,77082.0, Diesel, automatique,25280.0
RENAULT,RENAULT MASTER 3,2018.0,90238.0, Diesel, mécanique,23570.0
PORSCHE,PORSCHE CAYENNE 3 COUPE,2022.0,7915.0, Hybride essence électrique, automatique,146980.0
PORSCHE,PORSCHE CAYMAN 2 TYPE 981 GT4,2017.0,56173.0, Essence, mécanique,117550.0
MINI,MINI MINI 3 5P,2019.0,48285.0, Essence, automatique,22600.0
RENAULT,RENAULT CLIO 4,2017.0,60946.0, Diesel, mécanique,11640.0
BMW,BMW SERIE 3 E93 CABRIOLET,2008.0,138324.0, Essence, automatique,17700.0
PEUGEOT,PEUGEOT 308 (2E GENERATION) SW,2018.0,96667.0, Diesel, mécanique,16210.0
SKODA,SKODA FABIA 3 COMBI,2022.0,15691.0, Essence, mécanique,17750.0
PEUGEOT,PEUGEOT 3008 (2E GENERATION),2020.0,35305.0, Essence, automatique,27810.0
PEUGEOT,PEUGEOT 308 (2E GENERATION) SW,2022.0,6960.0, Essence, mécanique,26560.0
PEUGEOT,PEUGEOT 207,2008.0,127656.0, Essence, mécanique,5380.0
RENAULT,RENAULT GRAND SCENIC 3,2010.0,224082.0, Diesel, mécanique,5270.0
MAZDA,MAZDA MX5 (4E GENERATION),2017.0,19481.0, Essence, mécanique,23530.0
MINI,MINI MINI 3 CABRIOLET,2017.0,94026.0, Diesel, mécanique,24810.0
MASERATI,MASERATI QUATTROPORTE 6,2021.0,177.0, Essence, automatique,121420.0
PEUGEOT,PEUGEOT 308 (2E GENERATION),2020.0,63618.0, Diesel, mécanique,19140.0
TOYOTA,TOYOTA AYGO 2,2022.0,14652.0, Essence, mécanique,14850.0
MINI,MINI MINI 3 3P,2019.0,33850.0, Essence, automatique,26860.0
DACIA,DACIA LOGAN 2,2018.0,61171.0, Essence, mécanique,12740.0
PORSCHE,PORSCHE PANAMERA 2 SPORT TURISMO,2020.0,37843.0, Hybride essence électrique, automatique,129780.0
MERCEDES,MERCEDES CL 3,2012.0,118290.0, Essence, automatique,35360.0
PEUGEOT,PEUGEOT 208,2020.0,44222.0, Essence, mécanique,12740.0
PORSCHE,PORSCHE MACAN,2016.0,121695.0, Essence, automatique,44080.0
HONDA,HONDA JAZZ 3,2018.0,72529.0, Essence, automatique,16050.0
CITROEN,CITROEN C3 (3E GENERATION),2020.0,28077.0, Essence, mécanique,18540.0
RENAULT,RENAULT KANGOO 2 EXPRESS,2018.0,81644.0, Diesel, mécanique,17200.0
FIAT,FIAT DOBLO 2,2010.0,149500.0, Diesel, mécanique,9730.0
AUDI,AUDI Q5 (2E GENERATION),2019.0,57780.0, Diesel, automatique,44900.0
CITROEN,CITROEN GRAND C4 PICASSO 2,2017.0,105098.0, Diesel, automatique,17410.0
MINI,MINI MINI 3 5P,2019.0,26937.0, Essence, mécanique,25200.0
RENAULT,RENAULT CAPTUR 2,2022.0,11.0, Essence, automatique,28330.0
VOLKSWAGEN,VOLKSWAGEN T-ROC,2019.0,100583.0, Diesel, automatique,26370.0
FORD,FORD TRANSIT COURIER,2019.0,83821.0, Diesel, mécanique,12290.0
MERCEDES,MERCEDES GLC COUPE,2018.0,141972.0, Diesel, automatique,44660.0
PEUGEOT,PEUGEOT 208,2020.0,44994.0, Essence, mécanique,16230.0
PEUGEOT,PEUGEOT 5008 (2E GENERATION),2020.0,37488.0, Diesel, automatique,44350.0
VOLVO,VOLVO XC90 (2E GENERATION),2017.0,73591.0, Diesel, automatique,40810.0
LAND,LAND ROVER RANGE ROVER EVOQUE 2,2020.0,46509.0, Diesel, automatique,57590.0
CITROEN,CITROEN C3 (3E GENERATION),2019.0,27376.0, Essence, mécanique,14960.0
RENAULT,RENAULT MEGANE 4,2019.0,50193.0, Diesel, mécanique,21860.0
CITROEN,CITROEN C3 AIRCROSS,2020.0,80972.0, Essence, automatique,23540.0
BMW,BMW SERIE 5 G30,2020.0,38440.0, Diesel, automatique,49580.0
DS,DS DS 7 CROSSBACK,2020.0,24460.0, Essence, automatique,48380.0
SEAT,SEAT ARONA,2020.0,16594.0, Diesel, automatique,26980.0
AUDI,AUDI Q2,2022.0,4563.0, Essence, automatique,45510.0
KIA,KIA PICANTO 3,2019.0,33356.0, Essence, mécanique,11470.0
AUDI,AUDI A5 (2E GENERATION),2018.0,94447.0, Diesel, automatique,35650.0
JAGUAR,JAGUAR F-PACE,2020.0,52395.0, Essence, automatique,92290.0
MERCEDES,MERCEDES GLC COUPE AMG,2019.0,54720.0, Essence, automatique,97810.0
AUDI,AUDI A3 (3E GENERATION) SPORTBACK,2019.0,58414.0, Diesel, automatique,28390.0
VOLKSWAGEN,VOLKSWAGEN TIGUAN 2,2021.0,38368.0, Diesel, automatique,40300.0
PEUGEOT,PEUGEOT 2008 (2E GENERATION),2021.0,11970.0, Essence, mécanique,26780.0
MINI,MINI MINI 3 5P,2019.0,50464.0, Essence, automatique,24540.0
NISSAN,NISSAN JUKE,2015.0,141120.0, Diesel, mécanique,9840.0
MERCEDES,MERCEDES GLA,2020.0,28094.0, Essence, automatique,34630.0
BMW,BMW SERIE 4 F36 GRAN COUPE,2018.0,55989.0, Diesel, automatique,38040.0
AUDI,AUDI A1,2017.0,127114.0, Diesel, mécanique,15730.0
TOYOTA,TOYOTA YARIS 4,2022.0,2567.0, Hybride essence électrique, automatique,26040.0
VOLKSWAGEN,VOLKSWAGEN TIGUAN 2 ALLSPACE,2019.0,63178.0, Diesel, automatique,46980.0
VOLVO,VOLVO XC40,2020.0,39576.0, Diesel, automatique,42060.0
FORD,FORD FIESTA 6,2020.0,37751.0, Essence, mécanique,12980.0
VOLKSWAGEN,VOLKSWAGEN GOLF 7,2018.0,78334.0, Diesel, automatique,24360.0
SEAT,SEAT LEON 3 SC,2015.0,111204.0, Diesel, mécanique,18430.0
VOLKSWAGEN,VOLKSWAGEN TIGUAN 2,2018.0,63137.0, Diesel, automatique,33460.0
VOLKSWAGEN,VOLKSWAGEN TOURAN 2,2012.0,89689.0, Diesel, mécanique,16720.0
BMW,BMW SERIE 1 F20 5 PORTES,2019.0,102555.0, Diesel, automatique,19230.0
VOLKSWAGEN,VOLKSWAGEN TIGUAN 2,2018.0,136440.0, Diesel, mécanique,23020.0
PEUGEOT,PEUGEOT 3008 (2E GENERATION),2018.0,81420.0, Diesel, automatique,28300.0
PEUGEOT,PEUGEOT 3008 (2E GENERATION),2021.0,25936.0, Diesel, automatique,37220.0
BMW,BMW SERIE 3 E92 COUPE M3,2011.0,102777.0, Essence, automatique,42750.0
CITROEN,CITROEN GRAND C4 PICASSO 2,2018.0,64782.0, Diesel, automatique,21060.0
KIA,KIA XCEED,2021.0,29032.0, Diesel, automatique,28660.0
AUDI,AUDI A4 (4E GENERATION) AVANT,2014.0,103933.0, Diesel, mécanique,20040.0
MAZDA,MAZDA 6 (3E GENERATION) WAGON,2015.0,107946.0, Diesel, automatique,15100.0
FORD,FORD FIESTA 6,2019.0,93861.0, Diesel, mécanique,13020.0
PEUGEOT,PEUGEOT EXPERT 3 FOURGON,2018.0,61227.0, Diesel, automatique,32920.0
OPEL,OPEL ASTRA 5,2019.0,87052.0, Diesel, mécanique,15350.0
BMW,BMW X1 F48,2019.0,33300.0, Essence, mécanique,30840.0
MINI,MINI MINI 3 3P,2018.0,91008.0, Diesel, mécanique,16450.0
AUDI,AUDI Q5,2014.0,91728.0, Essence, mécanique,24620.0
VOLKSWAGEN,VOLKSWAGEN GOLF 8,2021.0,20342.0, Diesel, mécanique,27230.0
VOLKSWAGEN,VOLKSWAGEN TIGUAN,2015.0,82005.0, Diesel, automatique,18880.0
CITROEN,CITROEN C4 (3E GENERATION),2022.0,1.0, Essence, mécanique,25720.0
SKODA,SKODA FABIA 3,2021.0,11929.0, Essence, mécanique,20110.0
PEUGEOT,PEUGEOT 3008 (2E GENERATION),2019.0,81197.0, Diesel, automatique,22030.0
CITROEN,CITROEN C4 (3E GENERATION),2022.0,6010.0, Diesel, automatique,30780.0
AUDI,AUDI A1 (2E GENERATION) SPORTBACK,2022.0,4329.0, Essence, automatique,33180.0
CITROEN,CITROEN C3 AIRCROSS,2019.0,37005.0, Essence, mécanique,17960.0
DACIA,DACIA DUSTER 2,2022.0,63.0, Essence, mécanique,21230.0
FORD,FORD PUMA 2,2022.0,11.0, Essence, mécanique,30650.0
CITROEN,CITROEN C5 AIRCROSS,2022.0,11025.0, Essence, mécanique,32830.0
CITROEN,CITROEN C5 AIRCROSS,2021.0,28314.0, Diesel, automatique,35070.0
FERRARI,FERRARI TESTAROSSA,1993.0,44146.0, Essence, mécanique,125980.0
CITROEN,CITROEN C3 ENTREPRISE (3E GENERATION),2019.0,89666.0, Diesel, mécanique,11860.0
SEAT,SEAT ARONA,2022.0,10194.0, Essence, automatique,23860.0
RENAULT,RENAULT MEGANE 4,2020.0,29194.0, Diesel, mécanique,16700.0
BMW,BMW X3 G01,2022.0,5501.0, Diesel, automatique,74690.0
VOLKSWAGEN,VOLKSWAGEN TIGUAN,2013.0,95969.0, Diesel, automatique,21760.0
MERCEDES,MERCEDES CLA AMG,2020.0,16218.0, Essence, automatique,65610.0
RENAULT,RENAULT TWINGO 3,2020.0,26789.0, Essence, mécanique,14860.0
JAGUAR,JAGUAR F-TYPE COUPE,2020.0,20860.0, Essence, automatique,133260.0
TOYOTA,TOYOTA AYGO 2,2020.0,30731.0, Essence, mécanique,10200.0
MERCEDES,MERCEDES CLASSE C 4,2020.0,48409.0, Diesel, automatique,43270.0
BMW,BMW SERIE 2 F22 COUPE,2019.0,53910.0, Essence, automatique,38700.0
PEUGEOT,PEUGEOT 3008 (2E GENERATION),2019.0,45844.0, Diesel, mécanique,24390.0
FIAT,FIAT 500 (2E GENERATION),2021.0,14389.0, Essence, mécanique,13300.0
MERCEDES,MERCEDES CLASSE E 5 COUPE,2020.0,26191.0, Diesel, automatique,41710.0
CITROEN,CITROEN JUMPER 2,2019.0,134464.0, Diesel, mécanique,25600.0
SEAT,SEAT ATECA,2022.0,12.0, Diesel, automatique,38700.0
NISSAN,NISSAN LEAF 2,2022.0,11.0, Electrique, automatique,37380.0
DACIA,DACIA DUSTER 2,2022.0,12.0, Diesel, mécanique,27240.0
BMW,BMW SERIE 3 F31 TOURING,2018.0,83841.0, Diesel, automatique,25280.0
MINI,MINI MINI 3 CLUBMAN,2018.0,97256.0, Diesel, automatique,22150.0
CITROEN,CITROEN C3 (3E GENERATION),2022.0,1.0, Essence, mécanique,24790.0
HYUNDAI,HYUNDAI TUCSON 3,2020.0,28750.0, Essence, automatique,31030.0
MERCEDES,MERCEDES CLASSE C 4 COUPE,2019.0,77383.0, Diesel, automatique,45610.0
FORD,FORD MUSTANG COUPE,1969.0,132776.0, Essence, mécanique,123160.0
MERCEDES,MERCEDES CLASSE A 4,2020.0,24727.0, Essence, mécanique,30460.0
ASTON,ASTON MARTIN V8 VANTAGE,2018.0,21924.0, Essence, automatique,106810.0
MINI,MINI MINI 3 5P,2016.0,201250.0, Diesel, automatique,16080.0
VOLKSWAGEN,VOLKSWAGEN T-CROSS,2021.0,17331.0, Essence, mécanique,24500.0
HYUNDAI,HYUNDAI TUCSON 3,2019.0,70518.0, Diesel, automatique,21980.0
AUDI,AUDI Q2,2019.0,154440.0, Diesel, automatique,22210.0
FORD,FORD FIESTA 6,2020.0,21540.0, Essence, mécanique,13180.0
AUDI,AUDI A6 (5E GENERATION) AVANT,2020.0,76260.0, Diesel, automatique,57790.0
MINI,MINI MINI 3 5P,2016.0,47600.0, Essence, automatique,23960.0
AUDI,AUDI A3 (3E GENERATION) SPORTBACK,2019.0,148868.0, Diesel, automatique,21450.0
LAND,LAND ROVER DEFENDER 4,2022.0,16.0, Hybride essence électrique, automatique,136480.0
BMW,BMW SERIE 3 F30,2016.0,105791.0, Diesel, automatique,23780.0
LEXUS,LEXUS NX,2022.0,7150.0, Hybride essence électrique, automatique,53790.0
PEUGEOT,PEUGEOT 208 AFFAIRE,2019.0,44595.0, Diesel, mécanique,9430.0
IVECO,IVECO DAILY 5,2018.0,79500.0, Diesel, mécanique,23900.0
BMW,BMW X3 F25,2017.0,153890.0, Diesel, automatique,24070.0
PEUGEOT,PEUGEOT 2008 (2E GENERATION),2022.0,1.0, Essence, automatique,35300.0
VOLKSWAGEN,VOLKSWAGEN TIGUAN 2,2017.0,131023.0, Diesel, mécanique,24970.0
BMW,BMW X1 F48,2018.0,36816.0, Diesel, automatique,37180.0
FIAT,FIAT TIPO 2 SW,2020.0,40421.0, Diesel, mécanique,14280.0
SEAT,SEAT ARONA,2022.0,122.0, Essence, automatique,28040.0
SEAT,SEAT ARONA,2020.0,30991.0, Essence, mécanique,18850.0
JAGUAR,JAGUAR F-TYPE COUPE,2018.0,45100.0, Essence, automatique,101200.0
PEUGEOT,PEUGEOT 5008 (2E GENERATION),2020.0,39666.0, Diesel, automatique,30510.0
FORD,FORD FIESTA 6,2020.0,25711.0, Essence, mécanique,12740.0
AUDI,AUDI A3 (3E GENERATION) SPORTBACK,2021.0,14470.0, Essence, automatique,32360.0
CITROEN,CITROEN C4 CACTUS,2020.0,43133.0, Diesel, mécanique,17820.0
TOYOTA,TOYOTA COROLLA 12 TOURING SPORTS,2022.0,10291.0, Hybride essence électrique, automatique,31060.0
FIAT,FIAT 500 X,2021.0,25981.0, Essence, mécanique,21580.0
DACIA,DACIA DUSTER 2,2020.0,61032.0, Diesel, mécanique,18130.0
AUDI,AUDI A1 (2E GENERATION) SPORTBACK,2022.0,6960.0, Essence, automatique,28760.0
MERCEDES,MERCEDES GLA,2016.0,85859.0, Diesel, automatique,25940.0
MERCEDES,MERCEDES GLC AMG,2019.0,94757.0, Essence, automatique,58840.0
CITROEN,CITROEN C4 PICASSO 2,2016.0,129901.0, Diesel, mécanique,14310.0
BMW,BMW X1 F48,2020.0,64013.0, Essence, automatique,30270.0
JAGUAR,JAGUAR F-TYPE,2018.0,55310.0, Essence, automatique,104740.0
PEUGEOT,PEUGEOT 3008 (2E GENERATION),2020.0,136011.0, Diesel, automatique,31230.0
RENAULT,RENAULT CAPTUR,2018.0,37080.0, Diesel, mécanique,17480.0
BMW,BMW I8 ROADSTER,2019.0,20267.0, Hybride essence électrique, automatique,129740.0
DODGE,DODGE CHALLENGER 2,2020.0,14640.0, Essence, automatique,87710.0
AUDI,AUDI A1 (2E GENERATION) SPORTBACK,2021.0,23948.0, Essence, automatique,33190.0
PORSCHE,PORSCHE 911 TYPE 992 CABRIOLET,2021.0,4060.0, Essence, automatique,212160.0
MINI,MINI COUNTRYMAN,2012.0,131828.0, Diesel, automatique,13530.0
SEAT,SEAT IBIZA 4,2012.0,147060.0, Diesel, mécanique,7620.0
OPEL,OPEL CORSA 6,2021.0,53820.0, Diesel, mécanique,17810.0
RENAULT,RENAULT SCENIC 4,2018.0,80550.0, Diesel, mécanique,17080.0
SKODA,SKODA SCALA,2021.0,24860.0, Essence, automatique,25870.0
PEUGEOT,PEUGEOT 1007,2007.0,77761.0, Essence, automatique,7820.0
CITROEN,CITROEN C3 (3E GENERATION),2022.0,1669.0, Essence, mécanique,18850.0
FORD,FORD FIESTA 6,2020.0,24291.0, Essence, mécanique,11960.0
NISSAN,NISSAN JUKE,2019.0,81396.0, Diesel, mécanique,17240.0
VOLVO,VOLVO XC60 (2E GENERATION),2019.0,47201.0, Essence, automatique,57550.0
AUDI,AUDI A1 (2E GENERATION) SPORTBACK,2022.0,7482.0, Essence, automatique,35450.0
RENAULT,RENAULT KANGOO 2,2019.0,58081.0, Diesel, mécanique,17500.0
JAGUAR,JAGUAR F-TYPE,2019.0,27809.0, Essence, automatique,75580.0
FIAT,FIAT 500 (2E GENERATION),2015.0,43459.0, Essence, automatique,10980.0
PEUGEOT,PEUGEOT 3008 (2E GENERATION),2018.0,81157.0, Diesel, mécanique,22330.0
VOLVO,VOLVO XC90 (2E GENERATION),2016.0,138568.0, Diesel, automatique,38480.0
MINI,MINI MINI 2 3P,2014.0,111930.0, Diesel, mécanique,13650.0
CITROEN,CITROEN C3 (3E GENERATION),2022.0,7655.0, Essence, mécanique,16570.0
VOLKSWAGEN,VOLKSWAGEN GOLF 7 GTI,2015.0,143237.0, Essence, automatique,25600.0
BMW,BMW Z4 E89,2011.0,76739.0, Essence, mécanique,25590.0
VOLKSWAGEN,VOLKSWAGEN GOLF 7 GTI,2018.0,69617.0, Essence, automatique,32980.0
MERCEDES,MERCEDES CLASSE B 2,2014.0,99986.0, Diesel, mécanique,16180.0
AUDI,AUDI A3 (3E GENERATION) SPORTBACK,2019.0,50114.0, Essence, automatique,37800.0
PEUGEOT,PEUGEOT 208 (2E GENERATION),2021.0,70268.0, Diesel, mécanique,14870.0
MERCEDES,MERCEDES GLC,2016.0,99440.0, Diesel, automatique,37170.0
PORSCHE,PORSCHE CAYENNE 2,2014.0,121414.0, Diesel, automatique,37930.0
VOLKSWAGEN,VOLKSWAGEN CRAFTER 2,2021.0,53240.0, Diesel, mécanique,41010.0
CITROEN,CITROEN C3 AIRCROSS,2021.0,44225.0, Essence, mécanique,18340.0
PEUGEOT,PEUGEOT RIFTER,2021.0,50144.0, Diesel, mécanique,27450.0
PEUGEOT,PEUGEOT 308 (2E GENERATION),2018.0,59070.0, Diesel, automatique,21430.0
BMW,BMW SERIE 2 F45 ACTIVE TOURER,2019.0,47920.0, Diesel, automatique,29140.0
RENAULT,RENAULT CLIO 5,2022.0,12.0, Essence, mécanique,20340.0
KIA,KIA CEED 3,2018.0,67952.0, Diesel, mécanique,18470.0
VOLKSWAGEN,VOLKSWAGEN GOLF 8,2022.0,12.0, Essence, automatique,39040.0
MINI,MINI MINI 3 3P,2019.0,75101.0, Essence, mécanique,17960.0
AUDI,AUDI A1 SPORTBACK,2013.0,110961.0, Diesel, mécanique,16100.0
AUDI,AUDI Q7 (2E GENERATION),2017.0,109882.0, Diesel, automatique,43440.0
BMW,BMW X1 F48,2018.0,86305.0, Diesel, automatique,27010.0
PORSCHE,PORSCHE 911 TYPE 930,1990.0,130663.0, Essence, mécanique,137780.0
OPEL,OPEL CORSA 5,2019.0,52066.0, Essence, mécanique,12850.0
TOYOTA,TOYOTA RAV 4 (4E GENERATION),2017.0,89752.0, Hybride essence électrique, automatique,22240.0
PEUGEOT,PEUGEOT 2008,2019.0,70142.0, Essence, mécanique,18470.0
HYUNDAI,HYUNDAI TUCSON 3,2018.0,68435.0, Diesel, automatique,26210.0
BMW,BMW SERIE 3 G20,2021.0,33895.0, Diesel, automatique,39400.0
CITROEN,CITROEN C4 SPACETOURER,2019.0,76874.0, Diesel, automatique,20090.0
PEUGEOT,PEUGEOT 308 (2E GENERATION),2021.0,15588.0, Diesel, mécanique,23760.0
TOYOTA,TOYOTA C-HR,2021.0,13765.0, Hybride essence électrique, automatique,39020.0
MINI,MINI MINI 3 3P,2016.0,166050.0, Essence, automatique,16590.0
ALFA,ALFA ROMEO SPIDER BASE BRERA,2008.0,128599.0, Diesel, mécanique,13090.0
VOLKSWAGEN,VOLKSWAGEN TRANSPORTER 6,2019.0,96908.0, Diesel, mécanique,26230.0
PEUGEOT,PEUGEOT 3008 (2E GENERATION),2020.0,8239.0, Diesel, mécanique,34780.0
BMW,BMW SERIE 3 G21 TOURING,2020.0,21183.0, Diesel, automatique,45490.0
VOLKSWAGEN,VOLKSWAGEN POLO 6,2022.0,20819.0, Essence, mécanique,18590.0
VOLKSWAGEN,VOLKSWAGEN SHARAN 2,2014.0,99669.0, Diesel, mécanique,25800.0
OPEL,OPEL ASTRA 5,2019.0,38137.0, Essence, mécanique,19060.0
OPEL,OPEL CROSSLAND X,2021.0,5182.0, Diesel, mécanique,26010.0
MAZDA,MAZDA CX-5,2014.0,184140.0, Diesel, mécanique,15480.0
PORSCHE,PORSCHE PANAMERA 2 SPORT TURISMO,2019.0,24244.0, Essence, automatique,114720.0
CITROEN,CITROEN C3 (3E GENERATION),2020.0,77033.0, Diesel, mécanique,11650.0
CITROEN,CITROEN C3 (3E GENERATION),2022.0,11.0, Diesel, mécanique,22170.0
CITROEN,CITROEN C4 (3E GENERATION),2022.0,268.0, Essence, mécanique,26640.0
CITROEN,CITROEN C3 AIRCROSS,2019.0,119591.0, Essence, automatique,19570.0
FIAT,FIAT 500 X,2022.0,11.0, Essence, mécanique,21070.0
FIAT,FIAT 500 X,2020.0,29641.0, Essence, mécanique,22360.0
HYUNDAI,HYUNDAI TUCSON 4,2022.0,12.0, Diesel, mécanique,37100.0
RENAULT,RENAULT CLIO 4,2018.0,34554.0, Diesel, mécanique,13480.0
MINI,MINI MINI 2 CLUBMAN,2012.0,185365.0, Diesel, mécanique,12080.0
HYUNDAI,HYUNDAI KONA,2022.0,667.0, Diesel, mécanique,29480.0
BMW,BMW SERIE 1 F20 5 PORTES,2019.0,53280.0, Essence, automatique,47710.0
NISSAN,NISSAN QASHQAI 2,2017.0,71674.0, Diesel, mécanique,19140.0
VOLKSWAGEN,VOLKSWAGEN TIGUAN 2,2020.0,39442.0, Diesel, automatique,34550.0
PEUGEOT,PEUGEOT 3008 (2E GENERATION),2021.0,26739.0, Diesel, automatique,32140.0
PEUGEOT,PEUGEOT 3008 (2E GENERATION),2021.0,17220.0, Hybride essence électrique, automatique,64560.0
PEUGEOT,PEUGEOT 308 (2E GENERATION) SW,2018.0,167577.0, Diesel, mécanique,11410.0
MERCEDES,MERCEDES GLE 2,2020.0,62038.0, Essence, automatique,73550.0
MERCEDES,MERCEDES GLC,2020.0,58348.0, Diesel, automatique,50580.0
MAZDA,MAZDA CX-5 (2E GENERATION),2020.0,64620.0, Diesel, automatique,33010.0
TOYOTA,TOYOTA YARIS 3,2016.0,87442.0, Essence, mécanique,10510.0
AUDI,AUDI A4 (5E GENERATION) AVANT,2018.0,82216.0, Diesel, automatique,32210.0
ALFA,ALFA ROMEO STELVIO,2018.0,79611.0, Essence, automatique,39120.0
CITROEN,CITROEN C5 AIRCROSS,2020.0,79707.0, Diesel, automatique,25150.0
CITROEN,CITROEN C4 CACTUS,2021.0,6.0, Diesel, mécanique,26700.0
FORD,FORD MUSTANG COUPE,1966.0,86800.0, Essence, automatique,78000.0
PEUGEOT,PEUGEOT 2008,2020.0,45262.0, Essence, mécanique,14280.0
VOLKSWAGEN,VOLKSWAGEN T-ROC,2021.0,21830.0, Diesel, automatique,40090.0
AUDI,AUDI Q5 (2E GENERATION),2019.0,77338.0, Diesel, automatique,45200.0
VOLKSWAGEN,VOLKSWAGEN GOLF 8,2022.0,10890.0, Diesel, automatique,36270.0
VOLKSWAGEN,VOLKSWAGEN GOLF 7 SW,2019.0,74173.0, Diesel, automatique,17810.0
RENAULT,RENAULT GRAND SCENIC 4,2022.0,12.0, Diesel, mécanique,36560.0
PEUGEOT,PEUGEOT 208 (2E GENERATION),2022.0,12.0, Essence, automatique,28730.0
PEUGEOT,PEUGEOT 308 (2E GENERATION),2020.0,27492.0, Diesel, automatique,23370.0
AUDI,AUDI Q3 (2E GENERATION),2020.0,96699.0, Diesel, automatique,35530.0
PORSCHE,PORSCHE PANAMERA 2,2019.0,62015.0, Essence, automatique,95170.0
MINI,MINI MINI 3 3P,2018.0,83938.0, Diesel, mécanique,22120.0
RENAULT,RENAULT GRAND SCENIC 4,2018.0,50686.0, Hybride diesel électrique, mécanique,19120.0
VOLKSWAGEN,VOLKSWAGEN TOURAN 3,2019.0,173879.0, Diesel, mécanique,19450.0
MERCEDES,MERCEDES CLASSE C 4 SW,2022.0,5375.0, Diesel, automatique,60730.0
RENAULT,RENAULT MEGANE 3 ESTATE,2017.0,40950.0, Diesel, mécanique,16780.0
BMW,BMW SERIE 2 F45 ACTIVE TOURER,2020.0,79956.0, Diesel, automatique,24130.0
BMW,BMW SERIE 2 F45 ACTIVE TOURER,2018.0,95468.0, Diesel, automatique,24230.0
MERCEDES,MERCEDES GLA,2020.0,42000.0, Essence, automatique,37370.0
JAGUAR,JAGUAR XJ8,2004.0,167625.0, Essence, automatique,19950.0
PORSCHE,PORSCHE CAYENNE 3,2019.0,128465.0, Essence, automatique,109100.0
FERRARI,FERRARI GTC4,2018.0,17296.0, Essence, automatique,248580.0
RENAULT,RENAULT MASTER 3,2020.0,5781.0, Diesel, mécanique,32590.0
RENAULT,RENAULT CAPTUR 2,2022.0,11.0, Essence, mécanique,23470.0
NISSAN,NISSAN JUKE,2012.0,212830.0, Diesel, mécanique,7480.0
MG,MG MG ZS,2022.0,1063.0, Electrique, automatique,46230.0
NISSAN,NISSAN MICRA 5,2020.0,28946.0, Essence, mécanique,16340.0
SEAT,SEAT ATECA,2022.0,12.0, Diesel, automatique,39340.0
MAZDA,MAZDA MX5 (4E GENERATION) ST,2017.0,57288.0, Essence, mécanique,26860.0
MERCEDES,MERCEDES CLASSE E,2019.0,117789.0, Diesel, automatique,35080.0
PEUGEOT,PEUGEOT 508,2018.0,63525.0, Diesel, automatique,22940.0
PEUGEOT,PEUGEOT 2008 (2E GENERATION),2022.0,13352.0, Essence, automatique,33910.0
OPEL,OPEL ASTRA 5,2021.0,8306.0, Diesel, automatique,31530.0
VOLKSWAGEN,VOLKSWAGEN POLO 5,2018.0,99994.0, Diesel, mécanique,12970.0
BMW,BMW X1 F48,2018.0,95048.0, Diesel, mécanique,20590.0
CITROEN,CITROEN GRAND C4 SPACETOURER,2022.0,10592.0, Diesel, automatique,27730.0
AUDI,AUDI A1 SPORTBACK,2015.0,120092.0, Diesel, mécanique,15080.0
AUDI,AUDI A1 (2E GENERATION) SPORTBACK,2020.0,50241.0, Essence, automatique,31740.0
RENAULT,RENAULT MEGANE 4,2019.0,91394.0, Diesel, mécanique,15860.0
BMW,BMW SERIE 3 F31 TOURING,2018.0,58786.0, Diesel, automatique,33060.0
VOLKSWAGEN,VOLKSWAGEN TIGUAN,2014.0,146107.0, Diesel, mécanique,13620.0
FIAT,FIAT TIPO 2 SW,2018.0,44297.0, Diesel, mécanique,16050.0
CITROEN,CITROEN C3 AIRCROSS,2020.0,86646.0, Diesel, mécanique,21060.0
PORSCHE,PORSCHE PANAMERA 2 SPORT TURISMO,2020.0,1318.0, Hybride essence électrique, automatique,155230.0
OPEL,OPEL ZAFIRA 3,2019.0,80080.0, Diesel, mécanique,18680.0
RENAULT,RENAULT MEGANE 4,2019.0,89161.0, Diesel, automatique,16290.0
BMW,BMW SERIE 1 F20 5 PORTES,2013.0,94970.0, Essence, mécanique,12290.0
MERCEDES,MERCEDES CLA 2,2021.0,11410.0, Diesel, automatique,41120.0
AUDI,AUDI Q2,2018.0,41836.0, Diesel, automatique,31830.0
VOLKSWAGEN,VOLKSWAGEN GOLF 6 R,2013.0,95920.0, Essence, automatique,23960.0
NISSAN,NISSAN MICRA 5,2019.0,23144.0, Essence, mécanique,12810.0
PEUGEOT,PEUGEOT 2008,2018.0,69021.0, Essence, mécanique,17640.0
PORSCHE,PORSCHE BOXSTER 2 TYPE 987,2006.0,169060.0, Essence, mécanique,22470.0
FIAT,FIAT 500 X,2022.0,11.0, Diesel, mécanique,24620.0
HYUNDAI,HYUNDAI KONA,2021.0,26305.0, Electrique, automatique,26430.0
MINI,MINI MINI 3 3P,2015.0,86124.0, Diesel, mécanique,18720.0
NISSAN,NISSAN MICRA 5,2020.0,15672.0, Essence, mécanique,17160.0
PEUGEOT,PEUGEOT 3008,2012.0,181441.0, Diesel, mécanique,10960.0
BMW,BMW SERIE 1 F20 5 PORTES,2018.0,76836.0, Diesel, mécanique,22170.0
HYUNDAI,HYUNDAI IONIQ,2021.0,12177.0, Hybride essence électrique, automatique,30120.0
BMW,BMW SERIE 1 F40,2020.0,9879.0, Essence, automatique,58810.0
OPEL,OPEL ASTRA 5 SPORTS TOURER,2019.0,31634.0, Essence, mécanique,17580.0
JEEP,JEEP GRAND CHEROKEE 4,2015.0,69913.0, Essence, automatique,59380.0
PEUGEOT,PEUGEOT 2008,2016.0,125344.0, Essence, mécanique,10910.0
CITROEN,CITROEN BERLINGO 3,2020.0,43320.0, Diesel, mécanique,17080.0
RENAULT,RENAULT CLIO 3 ESTATE,2010.0,112873.0, Essence, mécanique,7570.0
SEAT,SEAT IBIZA 5,2021.0,9919.0, Essence, mécanique,19600.0
DS,DS DS 5,2016.0,142131.0, Diesel, mécanique,12940.0
VOLKSWAGEN,VOLKSWAGEN GOLF 8,2022.0,115.0, Essence, automatique,39080.0
AUDI,AUDI Q2,2019.0,34080.0, Diesel, automatique,34870.0
RENAULT,RENAULT TWINGO 2,2015.0,87103.0, Essence, mécanique,7890.0
CITROEN,CITROEN C3 ENTREPRISE (3E GENERATION),2020.0,54169.0, Diesel, mécanique,16640.0
PEUGEOT,PEUGEOT 5008 (2E GENERATION),2018.0,100285.0, Diesel, automatique,25940.0
KIA,KIA XCEED,2021.0,122.0, Essence, mécanique,24270.0
VOLVO,VOLVO XC60 (2E GENERATION),2019.0,46327.0, Diesel, automatique,51800.0
OPEL,OPEL GRANDLAND X,2018.0,86206.0, Diesel, mécanique,21570.0
VOLKSWAGEN,VOLKSWAGEN TIGUAN 2,2018.0,92299.0, Diesel, automatique,33580.0
RENAULT,RENAULT CAPTUR,2016.0,131275.0, Diesel, mécanique,12370.0
PORSCHE,PORSCHE 911 TYPE 992,2020.0,67500.0, Essence, automatique,137040.0
PEUGEOT,PEUGEOT 108,2020.0,56717.0, Essence, mécanique,10340.0
VOLKSWAGEN,VOLKSWAGEN GOLF SPORTSVAN,2019.0,39153.0, Essence, automatique,22490.0
FORD,FORD KA 2,2014.0,85593.0, Essence, mécanique,8030.0
VOLKSWAGEN,VOLKSWAGEN GOLF 7,2019.0,37227.0, Essence, mécanique,23200.0
PEUGEOT,PEUGEOT 3008 (2E GENERATION),2020.0,59307.0, Essence, mécanique,27710.0
RENAULT,RENAULT KOLEOS 2,2019.0,77805.0, Diesel, automatique,29770.0
FIAT,FIAT 500 X,2017.0,70624.0, Essence, mécanique,17450.0
RENAULT,RENAULT CAPTUR 2,2022.0,11.0, Essence, automatique,29620.0
VOLKSWAGEN,VOLKSWAGEN T-ROC,2022.0,10890.0, Essence, automatique,32420.0
FORD,FORD TRANSIT CONNECT,2011.0,140938.0, Diesel, mécanique,7560.0
BMW,BMW SERIE 2 F22 COUPE M,2016.0,57000.0, Essence, automatique,43080.0
JAGUAR,JAGUAR F-TYPE,2017.0,57618.0, Essence, automatique,55540.0
ALFA,ALFA ROMEO GIULIETTA 3,2018.0,48330.0, Essence, mécanique,17530.0
PORSCHE,PORSCHE PANAMERA 2,2018.0,62630.0, Hybride essence électrique, automatique,103820.0
VOLKSWAGEN,VOLKSWAGEN GOLF PLUS,2011.0,159529.0, Diesel, mécanique,9260.0
LAND,LAND ROVER DISCOVERY SPORT,2018.0,47495.0, Diesel, mécanique,32080.0
PEUGEOT,PEUGEOT 308 (2E GENERATION),2017.0,113533.0, Diesel, mécanique,15060.0
BMW,BMW SERIE 2 F45 ACTIVE TOURER,2019.0,41995.0, Essence, mécanique,19650.0
TOYOTA,TOYOTA AURIS,2012.0,189058.0, Diesel, mécanique,7000.0
AUDI,AUDI A5 CABRIOLET,2011.0,156734.0, Diesel, mécanique,18280.0
RENAULT,RENAULT CAPTUR,2018.0,75831.0, Diesel, mécanique,15860.0
CHEVROLET,CHEVROLET CAMARO 6,2019.0,46364.0, Essence, automatique,71300.0
BMW,BMW SERIE 4 F82 M4,2018.0,27120.0, Essence, automatique,77850.0
VOLVO,VOLVO XC60 (2E GENERATION),2019.0,94593.0, Diesel, mécanique,36360.0
FIAT,FIAT DUCATO 3,2022.0,12.0, Diesel, mécanique,35680.0
SKODA,SKODA OCTAVIA 3 COMBI,2019.0,118117.0, Diesel, automatique,19260.0
MAZDA,MAZDA MX5 (4E GENERATION) ST,2016.0,24867.0, Essence, mécanique,21610.0
VOLKSWAGEN,VOLKSWAGEN POLO 6,2021.0,10530.0, Essence, mécanique,19280.0
CITROEN,CITROEN BERLINGO 2,2017.0,123793.0, Diesel, mécanique,10580.0
BMW,BMW SERIE 5 G30,2018.0,24276.0, Hybride essence électrique, automatique,47330.0
BMW,BMW SERIE 2 F45 ACTIVE TOURER,2019.0,18018.0, Diesel, automatique,23170.0
VOLKSWAGEN,VOLKSWAGEN POLO 6,2019.0,33350.0, Essence, mécanique,16650.0
HYUNDAI,HYUNDAI SANTA FE 3,2017.0,95475.0, Diesel, automatique,25050.0
CITROEN,CITROEN C3 (3E GENERATION),2019.0,45246.0, Essence, automatique,22210.0
MERCEDES,MERCEDES CLASSE B 2,2018.0,72026.0, Diesel, automatique,30140.0
VOLKSWAGEN,VOLKSWAGEN GOLF 7 GTI,2019.0,61161.0, Essence, automatique,28740.0
MINI,MINI COUNTRYMAN 2,2018.0,49680.0, Essence, mécanique,24620.0
PEUGEOT,PEUGEOT 308 (2E GENERATION) SW,2019.0,81336.0, Diesel, mécanique,19580.0
CITROEN,CITROEN BERLINGO 3 MULTISPACE,2020.0,95355.0, Diesel, mécanique,17430.0
VOLVO,VOLVO XC60,2016.0,71404.0, Diesel, automatique,32940.0
KIA,KIA PICANTO,2007.0,127668.0, Essence, mécanique,3020.0
CITROEN,CITROEN C3 AIRCROSS,2020.0,25503.0, Diesel, automatique,22120.0
VOLKSWAGEN,VOLKSWAGEN TOUAREG 2,2012.0,117922.0, Diesel, automatique,27480.0
BMW,BMW SERIE 2 F45 ACTIVE TOURER,2018.0,69481.0, Hybride essence électrique, automatique,28000.0
BMW,BMW SERIE 2 F45 ACTIVE TOURER,2018.0,61904.0, Hybride essence électrique, automatique,23200.0
CITROEN,CITROEN C3 (3E GENERATION),2019.0,14628.0, Essence, mécanique,14290.0
FIAT,FIAT 500 X,2019.0,79222.0, Diesel, automatique,20380.0
MERCEDES,MERCEDES CLASSE A 4,2021.0,26790.0, Diesel, automatique,32660.0
CITROEN,CITROEN C3 AIRCROSS,2020.0,73929.0, Diesel, mécanique,19760.0
MINI,MINI MINI CABRIOLET,2020.0,13912.0, Essence, mécanique,27800.0
FIAT,FIAT 500 X,2020.0,51355.0, Diesel, automatique,22300.0
PEUGEOT,PEUGEOT 2008 (2E GENERATION),2022.0,1.0, Essence, mécanique,28950.0
MERCEDES,MERCEDES CLASSE B 2,2019.0,48047.0, Diesel, automatique,25570.0
TOYOTA,TOYOTA COROLLA 12,2021.0,6825.0, Hybride essence électrique, automatique,27270.0
MERCEDES,MERCEDES CLASSE A 4,2021.0,18385.0, Essence, automatique,44030.0
PEUGEOT,PEUGEOT 308 (2E GENERATION) SW,2019.0,131704.0, Diesel, mécanique,12980.0
BMW,BMW SERIE 3 GT F34,2018.0,52304.0, Essence, automatique,35280.0
NISSAN,NISSAN NAVARA,2007.0,399110.0, Diesel, mécanique,6940.0
PEUGEOT,PEUGEOT 208 (2E GENERATION),2021.0,23375.0, Essence, mécanique,21860.0
BMW,BMW X3 G01,2021.0,34684.0, Hybride essence électrique, automatique,69590.0
BMW,BMW Z4 E89,2011.0,95292.0, Essence, mécanique,27390.0
SEAT,SEAT LEON 3,2021.0,9700.0, Diesel, mécanique,25970.0
CITROEN,CITROEN C5 AIRCROSS,2020.0,44944.0, Essence, mécanique,23830.0
VOLVO,VOLVO XC40,2021.0,27948.0, Diesel, mécanique,39080.0
PEUGEOT,PEUGEOT 5008 (2E GENERATION),2018.0,157952.0, Diesel, automatique,22660.0
AUDI,AUDI RS4 (4E GENERATION) AVANT,2014.0,78546.0, Essence, automatique,51280.0
AUDI,AUDI Q2,2021.0,22069.0, Essence, automatique,42370.0
CITROEN,CITROEN BERLINGO 2,2015.0,113590.0, Diesel, mécanique,10980.0
RENAULT,RENAULT MEGANE 4,2019.0,41215.0, Diesel, mécanique,15900.0
CITROEN,CITROEN C3 (3E GENERATION),2022.0,15558.0, Diesel, mécanique,18340.0
LAND,LAND ROVER DISCOVERY SPORT,2016.0,164705.0, Diesel, automatique,21490.0
MINI,MINI COUNTRYMAN 2,2020.0,34674.0, Essence, automatique,37470.0
PEUGEOT,PEUGEOT 208,2020.0,15211.0, Essence, mécanique,17810.0
PEUGEOT,PEUGEOT 308 (2E GENERATION) SW,2022.0,6295.0, Diesel, mécanique,28590.0
FIAT,FIAT 500 (3E GENERATION),2022.0,12.0, Electrique, automatique,25860.0
DS,DS DS 5,2018.0,70217.0, Diesel, automatique,25570.0
OPEL,OPEL MERIVA,2007.0,195517.0, Diesel, mécanique,5930.0
PEUGEOT,PEUGEOT BOXER 2,2020.0,40470.0, Diesel, mécanique,28980.0
JEEP,JEEP RENEGADE,2019.0,54466.0, Diesel, mécanique,20690.0
VOLVO,VOLVO XC40,2022.0,1130.0, Essence, mécanique,33020.0
OPEL,OPEL ASTRA 5,2019.0,31335.0, Essence, mécanique,16740.0
RENAULT,RENAULT MEGANE 4,2022.0,11.0, Diesel, mécanique,24060.0
BMW,BMW SERIE 5 G31 TOURING,2021.0,34375.0, Diesel, automatique,59990.0
ALFA,ALFA ROMEO STELVIO,2020.0,41810.0, Diesel, automatique,44980.0
DS,DS DS 3,2018.0,56349.0, Essence, automatique,18280.0
PEUGEOT,PEUGEOT 308 (2E GENERATION),2022.0,1.0, Diesel, automatique,31230.0
FERRARI,FERRARI CALIFORNIA T,2015.0,20292.0, Essence, automatique,170880.0
KIA,KIA RIO 4,2022.0,11.0, Essence, mécanique,16980.0
RENAULT,RENAULT KADJAR,2017.0,86515.0, Diesel, mécanique,21230.0
FIAT,FIAT TALENTO,2019.0,65254.0, Diesel, mécanique,22410.0
MASERATI,MASERATI QUATTROPORTE 6,2018.0,17611.0, Essence, automatique,98380.0
MINI,MINI COUNTRYMAN 2,2019.0,21290.0, Essence, automatique,37470.0
NISSAN,NISSAN X-TRAIL 3,2017.0,91851.0, Diesel, mécanique,19700.0
PEUGEOT,PEUGEOT 3008 (2E GENERATION),2018.0,118172.0, Diesel, mécanique,24780.0
RENAULT,RENAULT ARKANA,2022.0,6396.0, Essence, automatique,32840.0
PEUGEOT,PEUGEOT 208 (2E GENERATION),2022.0,10401.0, Essence, automatique,25510.0
PEUGEOT,PEUGEOT 208,2020.0,18362.0, Essence, mécanique,18510.0
BMW,BMW X3 G01,2018.0,54942.0, Diesel, automatique,59360.0
PEUGEOT,PEUGEOT 308 (2E GENERATION) AFFAIRE,2020.0,122723.0, Diesel, mécanique,12450.0
BMW,BMW X1 F48,2019.0,36146.0, Diesel, mécanique,27450.0
JAGUAR,JAGUAR XF 2,2018.0,118264.0, Diesel, automatique,33230.0
PEUGEOT,PEUGEOT 5008 (2E GENERATION),2020.0,53115.0, Essence, automatique,28540.0
MERCEDES,MERCEDES CLASSE B 2,2017.0,102676.0, Diesel, automatique,20150.0
PEUGEOT,PEUGEOT 308 (2E GENERATION),2018.0,95503.0, Diesel, mécanique,21940.0
RENAULT,RENAULT ARKANA,2022.0,1230.0, Hybride essence électrique, automatique,42770.0
RENAULT,RENAULT TALISMAN,2019.0,62420.0, Diesel, automatique,19760.0
MERCEDES,MERCEDES GLA,2019.0,125402.0, Diesel, automatique,29170.0
FIAT,FIAT 500 (2E GENERATION),2018.0,22659.0, Essence, automatique,14800.0
FORD,FORD C-MAX 2,2019.0,116468.0, Diesel, mécanique,10900.0
LEXUS,LEXUS UX,2022.0,7735.0, Hybride essence électrique, automatique,40340.0
MINI,MINI COUNTRYMAN,2014.0,153396.0, Diesel, automatique,14020.0
RENAULT,RENAULT GRAND SCENIC 4,2018.0,111338.0, Diesel, mécanique,17530.0
FIAT,FIAT 500 (2E GENERATION),2019.0,32695.0, Essence, mécanique,14130.0
PORSCHE,PORSCHE CAYENNE 2,2019.0,44289.0, Essence, automatique,86460.0
BMW,BMW SERIE 3 F31 TOURING,2018.0,90352.0, Diesel, mécanique,25390.0
DS,DS DS 7 CROSSBACK,2022.0,7375.0, Diesel, automatique,59980.0
OPEL,OPEL CROSSLAND,2020.0,12148.0, Essence, mécanique,26640.0
RENAULT,RENAULT EXPRESS 2,2015.0,139724.0, Diesel, mécanique,10420.0
DS,DS DS 3 CROSSBACK,2022.0,18.0, Diesel, automatique,38480.0
KIA,KIA CEED 3,2019.0,61863.0, Diesel, mécanique,16630.0
VOLKSWAGEN,VOLKSWAGEN POLO 5,2017.0,58278.0, Essence, mécanique,14830.0
FORD,FORD FIESTA 6,2019.0,57739.0, Diesel, mécanique,16110.0
DODGE,DODGE RAM,2022.0,22.0, Bicarburation essence bioéthanol, automatique,81640.0
DS,DS DS 4,2019.0,42870.0, Essence, mécanique,19390.0
BMW,BMW X3 F25,2017.0,86742.0, Diesel, automatique,29660.0
AUDI,AUDI Q3,2013.0,82422.0, Diesel, mécanique,18530.0
BMW,BMW SERIE 1 F20 5 PORTES,2019.0,53690.0, Diesel, mécanique,25810.0
VOLKSWAGEN,VOLKSWAGEN GOLF 7 GTI,2017.0,68670.0, Essence, automatique,33680.0
BMW,BMW X1 E84,2015.0,94939.0, Diesel, mécanique,17860.0
NISSAN,NISSAN QASHQAI 2,2018.0,160568.0, Essence, mécanique,15720.0
BMW,BMW X1 F48,2018.0,112435.0, Diesel, automatique,24840.0
PEUGEOT,PEUGEOT 3008 (2E GENERATION),2022.0,8798.0, Diesel, mécanique,34480.0
SKODA,SKODA SCALA,2022.0,3050.0, Essence, automatique,30370.0
AUDI,AUDI A5 SPORTBACK (2E GENERATION),2022.0,22183.0, Diesel, automatique,52150.0
PORSCHE,PORSCHE CAYMAN TYPE 987,2009.0,68198.0, Essence, automatique,36750.0
AUDI,AUDI A3 (3E GENERATION),2015.0,144000.0, Diesel, mécanique,16780.0
SKODA,SKODA FABIA 3,2021.0,5459.0, Essence, mécanique,16260.0
OPEL,OPEL ASTRA 5,2019.0,64050.0, Diesel, automatique,16800.0
VOLKSWAGEN,VOLKSWAGEN T-CROSS,2022.0,15.0, Essence, automatique,26140.0
CITROEN,CITROEN GRAND C4 PICASSO 2,2018.0,81795.0, Diesel, automatique,22800.0
MINI,MINI MINI 3 3P,2015.0,17120.0, Essence, automatique,18170.0
PEUGEOT,PEUGEOT 208 AFFAIRE,2019.0,133399.0, Diesel, mécanique,9360.0
PEUGEOT,PEUGEOT 2008 (2E GENERATION),2021.0,6988.0, Essence, automatique,28330.0
PEUGEOT,PEUGEOT 208,2020.0,29600.0, Essence, mécanique,14540.0
PEUGEOT,PEUGEOT 3008 (2E GENERATION),2022.0,12.0, Hybride essence électrique, automatique,48960.0
DACIA,DACIA LOGAN 2 MCV,2015.0,86940.0, Essence, mécanique,9490.0
CITROEN,CITROEN C5 AIRCROSS,2021.0,8566.0, Diesel, automatique,37300.0
FIAT,FIAT 500 (2E GENERATION),2018.0,36776.0, Essence, mécanique,12900.0
MAZDA,MAZDA CX-5,2017.0,80132.0, Diesel, automatique,24970.0
BMW,BMW SERIE 1 F20 5 PORTES,2019.0,88279.0, Diesel, automatique,26040.0
RENAULT,RENAULT CLIO 5,2022.0,13.0, Essence, mécanique,23110.0
PORSCHE,PORSCHE 911 TYPE 992,2020.0,12720.0, Essence, automatique,169600.0
MERCEDES,MERCEDES CLASSE E 5 CABRIOLET,2019.0,22896.0, Diesel, automatique,46420.0
AUDI,AUDI Q2,2019.0,89308.0, Essence, automatique,25570.0
BMW,BMW SERIE 1 F40,2022.0,7919.0, Essence, automatique,38780.0
MINI,MINI MINI 3 CLUBMAN,2017.0,67148.0, Essence, mécanique,21260.0
SEAT,SEAT ARONA,2020.0,19832.0, Essence, mécanique,19290.0
AUDI,AUDI Q2,2019.0,50219.0, Essence, mécanique,26300.0
RENAULT,RENAULT CLIO 5,2022.0,11.0, Essence, mécanique,20030.0
PEUGEOT,PEUGEOT 3008 (2E GENERATION),2022.0,21826.0, Diesel, automatique,37250.0
MINI,MINI MINI 3 5P,2019.0,45023.0, Essence, automatique,26350.0
VOLKSWAGEN,VOLKSWAGEN POLO 6,2022.0,12365.0, Essence, mécanique,20970.0
OPEL,OPEL CROSSLAND X,2021.0,7312.0, Diesel, mécanique,21140.0
CITROEN,CITROEN C3 (2E GENERATION),2013.0,158774.0, Diesel, mécanique,7780.0
RENAULT,RENAULT CLIO 4,2019.0,87524.0, Essence, mécanique,12630.0
VOLKSWAGEN,VOLKSWAGEN GOLF 7,2017.0,99750.0, Diesel, automatique,15720.0
RENAULT,RENAULT CAPTUR,2016.0,106278.0, Essence, automatique,14140.0
AUDI,AUDI A4 (5E GENERATION) AVANT,2020.0,91885.0, Diesel, automatique,33330.0
CITROEN,CITROEN C4 (2E GENERATION),2016.0,147864.0, Diesel, mécanique,9420.0
CITROEN,CITROEN DS3,2015.0,138303.0, Diesel, mécanique,10270.0
CITROEN,CITROEN SPACETOURER,2020.0,43517.0, Diesel, mécanique,34480.0
HONDA,HONDA JAZZ 4,2022.0,11.0, Hybride essence électrique, automatique,22790.0
SEAT,SEAT ATECA,2022.0,5882.0, Diesel, automatique,38620.0
MINI,MINI MINI 3 JCW 3P,2021.0,14958.0, Essence, automatique,43090.0
BMW,BMW SERIE 1 F20 5 PORTES,2020.0,26226.0, Essence, automatique,26930.0
CITROEN,CITROEN C3 (2E GENERATION),2017.0,91844.0, Essence, mécanique,13110.0
SKODA,SKODA FABIA 3,2018.0,54185.0, Essence, mécanique,13440.0
VOLKSWAGEN,VOLKSWAGEN POLO 6 GTI,2019.0,60255.0, Essence, automatique,23980.0
RENAULT,RENAULT MEGANE 4 SOCIETE,2017.0,50210.0, Diesel, mécanique,14620.0
SEAT,SEAT LEON 4 ST,2022.0,6790.0, Diesel, automatique,37430.0
SEAT,SEAT LEON 3,2017.0,60988.0, Diesel, mécanique,17040.0
VOLVO,VOLVO XC40,2020.0,33928.0, Essence, automatique,44510.0
PEUGEOT,PEUGEOT 208 (2E GENERATION),2021.0,67832.0, Diesel, mécanique,12300.0
SUBARU,SUBARU FORESTER 5,2022.0,11.0, Hybride essence électrique, automatique,43970.0
BMW,BMW X1 F48,2018.0,47977.0, Diesel, automatique,38140.0
FORD,FORD KUGA 2,2017.0,80948.0, Diesel, mécanique,17830.0
JAGUAR,JAGUAR E-PACE,2019.0,113400.0, Diesel, automatique,32260.0
VOLKSWAGEN,VOLKSWAGEN T-ROC,2022.0,14.0, Diesel, automatique,41740.0
AUDI,AUDI A5 (2E GENERATION),2018.0,80640.0, Diesel, automatique,34370.0
PEUGEOT,PEUGEOT 3008 (2E GENERATION),2021.0,15939.0, Hybride essence électrique, automatique,49310.0
RENAULT,RENAULT MEGANE 4 ESTATE,2020.0,65402.0, Essence, automatique,18000.0
RENAULT,RENAULT KADJAR,2020.0,26520.0, Diesel, mécanique,26620.0
DODGE,DODGE RAM,2022.0,23.0, Essence, automatique,108340.0
RENAULT,RENAULT KADJAR,2019.0,42822.0, Essence, mécanique,20810.0
PEUGEOT,PEUGEOT 5008 (2E GENERATION),2022.0,11.0, Diesel, automatique,39310.0
RENAULT,RENAULT CAPTUR 2,2022.0,11.0, Essence, automatique,28830.0
SEAT,SEAT LEON 3,2020.0,41772.0, Essence, mécanique,22400.0
CITROEN,CITROEN C3 (3E GENERATION),2022.0,117.0, Essence, mécanique,19870.0
KIA,KIA STONIC,2022.0,13134.0, Essence, automatique,24510.0
BMW,BMW I3,2019.0,29153.0, Electrique, automatique,28320.0
LAND,LAND ROVER RANGE ROVER EVOQUE,2015.0,122967.0, Diesel, automatique,25720.0
CITROEN,CITROEN C3 (3E GENERATION),2019.0,15273.0, Essence, mécanique,16320.0
SKODA,SKODA KAROQ,2021.0,20223.0, Diesel, automatique,28330.0
ASTON,ASTON MARTIN DB7 VANTAGE VOLANTE,2001.0,70554.0, Essence, automatique,55100.0
PEUGEOT,PEUGEOT 308 (2E GENERATION),2018.0,89944.0, Diesel, automatique,21990.0
PEUGEOT,PEUGEOT 3008 (2E GENERATION),2020.0,14898.0, Diesel, automatique,32760.0
AUDI,AUDI A4 (5E GENERATION),2017.0,117307.0, Diesel, mécanique,19230.0
BMW,BMW X4 G02,2022.0,25530.0, Diesel, automatique,68580.0
OPEL,OPEL CORSA 5,2020.0,22155.0, Essence, mécanique,11010.0
BMW,BMW SERIE 2 F22 COUPE M,2017.0,81645.0, Essence, automatique,37500.0
RENAULT,RENAULT KADJAR,2022.0,11.0, Essence, automatique,26600.0
FIAT,FIAT 500 X,2022.0,12.0, Essence, mécanique,26600.0
CITROEN,CITROEN C5 AIRCROSS,2020.0,62757.0, Diesel, automatique,29130.0
RENAULT,RENAULT CAPTUR 2,2022.0,12.0, Essence, mécanique,31600.0
MERCEDES,MERCEDES CLASSE A 4,2021.0,44449.0, Diesel, mécanique,31390.0
JAGUAR,JAGUAR E-PACE,2019.0,100302.0, Diesel, automatique,37780.0
MERCEDES,MERCEDES CLASSE C 4 SW,2018.0,170970.0, Diesel, automatique,28160.0
VOLKSWAGEN,VOLKSWAGEN GOLF 7,2020.0,68676.0, Diesel, mécanique,21110.0
JAGUAR,JAGUAR XE,2020.0,44991.0, Diesel, mécanique,33070.0
CITROEN,CITROEN C3 (3E GENERATION),2018.0,36513.0, Essence, mécanique,12170.0
BMW,BMW X5 F15,2017.0,89017.0, Diesel, automatique,41320.0
PEUGEOT,PEUGEOT 208,2018.0,28025.0, Diesel, mécanique,18860.0
CITROEN,CITROEN C5 AIRCROSS,2021.0,29084.0, Diesel, automatique,32650.0
FIAT,FIAT 500 JOLLY,1972.0,1.0, Essence, mécanique,13760.0
PEUGEOT,PEUGEOT 308 (2E GENERATION),2021.0,8502.0, Diesel, mécanique,28120.0
CITROEN,CITROEN BERLINGO 2,2019.0,134343.0, Diesel, mécanique,12610.0
RENAULT,RENAULT CAPTUR,2018.0,81832.0, Diesel, mécanique,13230.0
AUDI,AUDI A3 (3E GENERATION) SPORTBACK,2019.0,90195.0, Diesel, automatique,23590.0
RENAULT,RENAULT CLIO 5,2022.0,15778.0, Essence, automatique,23350.0
JAGUAR,JAGUAR F-PACE,2018.0,159836.0, Diesel, automatique,31600.0
CITROEN,CITROEN C3 (3E GENERATION),2021.0,23236.0, Essence, mécanique,17060.0
AUDI,AUDI Q3,2013.0,90374.0, Diesel, mécanique,22780.0
ALFA,ALFA ROMEO 159,2010.0,201544.0, Diesel, automatique,10600.0
CHEVROLET,CHEVROLET CORVETTE C6,2008.0,70560.0, Essence, mécanique,46920.0
TOYOTA,TOYOTA AURIS 2,2017.0,122573.0, Hybride essence électrique, automatique,17620.0
LAND,LAND ROVER RANGE ROVER EVOQUE,2018.0,99106.0, Diesel, automatique,33320.0
VOLKSWAGEN,VOLKSWAGEN TIGUAN 2,2019.0,30972.0, Essence, automatique,41520.0
MERCEDES,MERCEDES CLASSE A 3,2015.0,85871.0, Essence, automatique,23970.0
MAZDA,MAZDA 3 (4E GENERATION),2020.0,26250.0, Diesel, mécanique,22560.0
OPEL,OPEL CORSA 6,2021.0,16365.0, Essence, automatique,20610.0
BMW,BMW SERIE 2 F44 GRAN COUPE,2021.0,8612.0, Diesel, automatique,47850.0
ALFA,ALFA ROMEO STELVIO,2019.0,54839.0, Diesel, automatique,35410.0
RENAULT,RENAULT MEGANE 4,2017.0,34196.0, Diesel, mécanique,17700.0
CITROEN,CITROEN C3 (3E GENERATION),2021.0,13916.0, Essence, mécanique,19950.0
RENAULT,RENAULT CLIO 4,2018.0,38760.0, Essence, automatique,18120.0
VOLKSWAGEN,VOLKSWAGEN GOLF 7,2018.0,74120.0, Hybride essence électrique, automatique,27140.0
PEUGEOT,PEUGEOT 3008 (2E GENERATION),2019.0,83718.0, Diesel, automatique,26470.0
HYUNDAI,HYUNDAI I30 (3E GENERATION),2021.0,25380.0, Essence, automatique,25080.0
FIAT,FIAT 500 (2E GENERATION),2022.0,6.0, Essence, mécanique,17880.0
PEUGEOT,PEUGEOT 3008 (2E GENERATION),2019.0,10769.0, Essence, mécanique,36290.0
BMW,BMW SERIE 3 E46,2001.0,93375.0, Essence, mécanique,9960.0
AUDI,AUDI Q3,2014.0,114636.0, Diesel, mécanique,22000.0
MERCEDES,MERCEDES CLA,2019.0,40221.0, Essence, automatique,36950.0
VOLVO,VOLVO XC60 (2E GENERATION),2018.0,57354.0, Diesel, automatique,41280.0
RENAULT,RENAULT KADJAR,2020.0,59950.0, Diesel, automatique,21780.0
DODGE,DODGE RAM,2022.0,23.0, Essence, automatique,112580.0
PEUGEOT,PEUGEOT 3008 (2E GENERATION),2019.0,73157.0, Diesel, mécanique,24610.0
CITROEN,CITROEN JUMPER 2,2019.0,94799.0, Diesel, mécanique,22140.0
PEUGEOT,PEUGEOT 2008,2019.0,100969.0, Diesel, mécanique,15210.0
LAND,LAND ROVER RANGE ROVER SPORT 2,2022.0,11154.0, Hybride essence électrique, automatique,113190.0
BMW,BMW SERIE 4 F32,2015.0,45182.0, Diesel, automatique,27800.0
BMW,BMW X1 F48,2018.0,53558.0, Diesel, automatique,36460.0
BMW,BMW X2 F39,2019.0,97361.0, Diesel, automatique,47870.0
PEUGEOT,PEUGEOT 2008,2019.0,84272.0, Essence, automatique,18250.0
VOLKSWAGEN,VOLKSWAGEN T-CROSS,2021.0,21659.0, Essence, mécanique,24060.0
BMW,BMW X2 F39,2019.0,86400.0, Essence, automatique,38690.0
LAND,LAND ROVER RANGE ROVER VELAR,2018.0,45885.0, Diesel, automatique,64270.0
PORSCHE,PORSCHE 718 CAYMAN,2018.0,29400.0, Essence, automatique,71980.0
MINI,MINI MINI 2 CABRIOLET,2016.0,129470.0, Diesel, mécanique,19230.0
PEUGEOT,PEUGEOT 308 (2E GENERATION),2018.0,101953.0, Essence, mécanique,13790.0
JAGUAR,JAGUAR E-PACE,2019.0,84688.0, Diesel, automatique,37480.0
RENAULT,RENAULT CAPTUR 2,2022.0,11.0, Essence, mécanique,27010.0
PEUGEOT,PEUGEOT 2008,2020.0,27828.0, Essence, automatique,21230.0
MINI,MINI MINI 3 3P,2019.0,46846.0, Essence, mécanique,23780.0
PEUGEOT,PEUGEOT 3008 (2E GENERATION),2019.0,95477.0, Diesel, mécanique,26620.0
VOLKSWAGEN,VOLKSWAGEN GOLF 5 R32,2006.0,221550.0, Essence, automatique,13530.0
LOTUS,LOTUS EVORA,2013.0,53668.0, Essence, mécanique,67080.0
VOLKSWAGEN,VOLKSWAGEN COCCINELLE,2015.0,72150.0, Essence, mécanique,14310.0
KIA,KIA STONIC,2022.0,12.0, Essence, mécanique,27800.0
PORSCHE,PORSCHE MACAN,2020.0,32480.0, Essence, automatique,103240.0
VOLKSWAGEN,VOLKSWAGEN GOLF 7,2020.0,38724.0, Essence, automatique,25180.0
RENAULT,RENAULT CLIO 4,2018.0,46036.0, Diesel, mécanique,12740.0
AUDI,AUDI TT 2 ROADSTER,2012.0,129209.0, Essence, mécanique,18200.0
MERCEDES,MERCEDES GLA,2015.0,86538.0, Diesel, automatique,31230.0
TOYOTA,TOYOTA AYGO 2,2022.0,1.0, Essence, mécanique,16440.0
PEUGEOT,PEUGEOT 308 (2E GENERATION) SW,2019.0,52814.0, Essence, automatique,22940.0
BMW,BMW SERIE 4 F36 GRAN COUPE,2017.0,75924.0, Essence, automatique,44750.0
DS,DS DS 3,2020.0,56090.0, Essence, automatique,19290.0
JEEP,JEEP COMPASS 2,2020.0,58824.0, Diesel, mécanique,27580.0
VOLKSWAGEN,VOLKSWAGEN GOLF 7,2018.0,104839.0, Diesel, mécanique,18770.0
RENAULT,RENAULT CAPTUR 2,2021.0,14.0, Hybride essence électrique, automatique,28400.0
MINI,MINI MINI 3 CLUBMAN,2018.0,89345.0, Diesel, mécanique,20690.0
PORSCHE,PORSCHE MACAN,2020.0,36912.0, Essence, automatique,87350.0
PORSCHE,PORSCHE 911 TYPE 991 CABRIOLET TURBO,2018.0,20295.0, Essence, automatique,229990.0
BMW,BMW X3 E83,2008.0,109365.0, Diesel, mécanique,13760.0
CITROEN,CITROEN C3 (3E GENERATION),2019.0,62283.0, Essence, mécanique,13610.0
AUDI,AUDI A4 (4E GENERATION),2013.0,76572.0, Diesel, mécanique,20110.0
PORSCHE,PORSCHE 911 TYPE 991,2013.0,72433.0, Essence, automatique,106100.0
BMW,BMW SERIE 1 F20 5 PORTES,2015.0,135641.0, Diesel, automatique,17500.0
CITROEN,CITROEN BERLINGO 3,2019.0,22959.0, Diesel, mécanique,20340.0
PEUGEOT,PEUGEOT 2008 (2E GENERATION),2022.0,2081.0, Essence, mécanique,28130.0
NISSAN,NISSAN QASHQAI 2,2019.0,51175.0, Essence, automatique,25780.0
VOLKSWAGEN,VOLKSWAGEN GOLF 7,2018.0,103037.0, Diesel, automatique,16460.0
RENAULT,RENAULT MEGANE 4 ESTATE,2022.0,25.0, Diesel, mécanique,31490.0
VOLKSWAGEN,VOLKSWAGEN TIGUAN 2,2017.0,48406.0, Diesel, mécanique,27330.0
RENAULT,RENAULT CAPTUR 2,2022.0,112.0, Essence, mécanique,22270.0
BMW,BMW X1 F48,2020.0,18124.0, Diesel, mécanique,31570.0
BMW,BMW SERIE 3 F30,2015.0,106811.0, Diesel, automatique,18640.0
NISSAN,NISSAN MICRA 5,2022.0,12.0, Essence, mécanique,19950.0
RENAULT,RENAULT ARKANA,2022.0,8400.0, Essence, automatique,35170.0
CITROEN,CITROEN C3 (3E GENERATION),2019.0,70760.0, Diesel, mécanique,12190.0
AUDI,AUDI A1,2018.0,89700.0, Essence, mécanique,14360.0
VOLVO,VOLVO V40 (2E GENERATION) CROSS COUNTRY,2018.0,54411.0, Diesel, mécanique,23110.0
PEUGEOT,PEUGEOT 207,2013.0,100541.0, Essence, mécanique,7980.0
VOLKSWAGEN,VOLKSWAGEN GOLF 6 CABRIOLET,2013.0,169829.0, Diesel, automatique,17060.0
VOLKSWAGEN,VOLKSWAGEN T-ROC,2019.0,67275.0, Essence, mécanique,26420.0
PEUGEOT,PEUGEOT 3008 (2E GENERATION),2019.0,79211.0, Essence, automatique,26880.0
PEUGEOT,PEUGEOT 308 (2E GENERATION) SW,2022.0,11074.0, Essence, mécanique,25870.0
MERCEDES,MERCEDES CLASSE B 3,2022.0,9450.0, Essence, automatique,43560.0
VOLKSWAGEN,VOLKSWAGEN POLO 5,2018.0,80757.0, Essence, mécanique,15710.0
AUDI,AUDI Q5 (2E GENERATION),2019.0,61407.0, Diesel, automatique,50820.0
PEUGEOT,PEUGEOT 208,2020.0,15019.0, Essence, mécanique,19860.0
BMW,BMW SERIE 4 F82 M4,2018.0,7714.0, Essence, automatique,173880.0
MERCEDES,MERCEDES CLASSE A 4,2019.0,49324.0, Essence, automatique,33020.0
RENAULT,RENAULT ARKANA,2022.0,2358.0, Hybride essence électrique, automatique,38420.0
CITROEN,CITROEN C3 (3E GENERATION),2019.0,31240.0, Essence, mécanique,13670.0
LEXUS,LEXUS UX,2020.0,20219.0, Hybride essence électrique, automatique,34200.0
AUDI,AUDI A1 (2E GENERATION) SPORTBACK,2021.0,17233.0, Essence, automatique,30180.0
HYUNDAI,HYUNDAI I30 (3E GENERATION),2020.0,60346.0, Diesel, automatique,18130.0
VOLKSWAGEN,VOLKSWAGEN TIGUAN 2,2020.0,76773.0, Diesel, automatique,32710.0
MINI,MINI COUNTRYMAN 2,2018.0,45580.0, Essence, mécanique,29130.0
MAZDA,MAZDA MX5 (4E GENERATION) ST,2020.0,17118.0, Essence, mécanique,28400.0
PEUGEOT,PEUGEOT 5008 (2E GENERATION),2022.0,3383.0, Diesel, mécanique,37380.0
MINI,MINI MINI CABRIOLET,2022.0,7290.0, Essence, automatique,48720.0
AUDI,AUDI Q7 (2E GENERATION),2017.0,45563.0, Diesel, automatique,56030.0
VOLKSWAGEN,VOLKSWAGEN T-ROC,2020.0,14969.0, Essence, mécanique,27140.0
FIAT,FIAT 500 X,2021.0,39304.0, Essence, automatique,20120.0
PEUGEOT,PEUGEOT 308 (2E GENERATION) SW,2021.0,26115.0, Essence, mécanique,21540.0
LAND,LAND ROVER RANGE ROVER EVOQUE,2015.0,92954.0, Diesel, automatique,32290.0
PEUGEOT,PEUGEOT 108,2019.0,18864.0, Essence, mécanique,12080.0
PEUGEOT,PEUGEOT 108,2022.0,4338.0, Essence, mécanique,14190.0
CITROEN,CITROEN C5 AIRCROSS,2020.0,105388.0, Diesel, automatique,30140.0
MINI,MINI COUNTRYMAN,2013.0,144780.0, Diesel, mécanique,13450.0
TESLA,TESLA MODEL 3,2021.0,55671.0, Electrique, automatique,60870.0
OPEL,OPEL ASTRA 5,2019.0,35644.0, Essence, ,17670.0
VOLKSWAGEN,VOLKSWAGEN POLO 6,2019.0,89835.0, Diesel, mécanique,15100.0
FORD,FORD MUSTANG 6 COUPE,2018.0,39114.0, Essence, mécanique,60140.0
PEUGEOT,PEUGEOT 108,2020.0,34240.0, Essence, mécanique,9520.0
RENAULT,RENAULT CAPTUR,2021.0,11420.0, Essence, mécanique,18230.0
PEUGEOT,PEUGEOT 308 (2E GENERATION) SW,2019.0,81215.0, Diesel, mécanique,19240.0
DS,DS DS 3 CROSSBACK,2020.0,14934.0, Essence, automatique,33650.0
AUDI,AUDI A5 (2E GENERATION) CABRIOLET,2021.0,11294.0, Diesel, automatique,59640.0
RENAULT,RENAULT CAPTUR,2017.0,66768.0, Essence, mécanique,12820.0
CITROEN,CITROEN GRAND C4 SPACETOURER,2021.0,53140.0, Diesel, mécanique,28180.0
CITROEN,CITROEN C5 AIRCROSS,2021.0,31346.0, Essence, mécanique,28580.0
NISSAN,NISSAN X-TRAIL 3,2019.0,39309.0, Diesel, mécanique,25900.0
RENAULT,RENAULT KANGOO 2 EXPRESS,2018.0,79806.0, Diesel, mécanique,12260.0
CHEVROLET,CHEVROLET CAMARO 6 CABRIOLET,2019.0,16506.0, Essence, automatique,78620.0
FORD,FORD FIESTA 5,2013.0,91770.0, Diesel, mécanique,8380.0
CITROEN,CITROEN DS5,2015.0,70680.0, Diesel, automatique,19360.0
BMW,BMW SERIE 3 E92 COUPE M3,2011.0,47520.0, Essence, automatique,49570.0
AUDI,AUDI A3 (3E GENERATION) CABRIOLET,2019.0,65868.0, Diesel, automatique,36580.0
HYUNDAI,HYUNDAI KONA,2020.0,30878.0, Essence, automatique,23770.0
MERCEDES,MERCEDES CLA SHOOTING BRAKE,2020.0,54848.0, Diesel, automatique,36510.0
PEUGEOT,PEUGEOT 3008 (2E GENERATION),2019.0,70901.0, Diesel, mécanique,30860.0
PEUGEOT,PEUGEOT 308 (2E GENERATION),2019.0,55970.0, Diesel, automatique,18000.0
BMW,BMW X6 F86 M,2018.0,47824.0, Essence, automatique,103570.0
PEUGEOT,PEUGEOT PARTNER 2 FOURGON,2019.0,63698.0, Diesel, mécanique,14510.0
PEUGEOT,PEUGEOT 2008 (2E GENERATION),2021.0,36747.0, Essence, mécanique,28270.0
BMW,BMW SERIE 5 E60,2005.0,165088.0, Essence, mécanique,10040.0
BMW,BMW X3 F25,2017.0,118437.0, Diesel, mécanique,26810.0
FORD,FORD PUMA 2,2021.0,9918.0, Essence, mécanique,25750.0
CITROEN,CITROEN C3 (3E GENERATION),2020.0,33672.0, Essence, mécanique,20980.0
BMW,BMW SERIE 1 F40,2021.0,28860.0, Diesel, automatique,37950.0
BMW,BMW SERIE 1 F20 5 PORTES,2019.0,109191.0, Diesel, automatique,27480.0
RENAULT,RENAULT TWINGO 3,2019.0,48145.0, Essence, automatique,10580.0
VOLKSWAGEN,VOLKSWAGEN GOLF SPORTSVAN,2017.0,63656.0, Diesel, automatique,19420.0
PEUGEOT,PEUGEOT 5008 (2E GENERATION),2019.0,40425.0, Diesel, automatique,35230.0
PEUGEOT,PEUGEOT 2008 (2E GENERATION),2021.0,12.0, Essence, mécanique,25720.0
TOYOTA,TOYOTA RAV 4 (4E GENERATION),2017.0,89169.0, Hybride essence électrique, automatique,29100.0
CITROEN,CITROEN C3 (3E GENERATION),2019.0,142670.0, Diesel, mécanique,10580.0
OPEL,OPEL CORSA 6,2020.0,40226.0, Essence, mécanique,15310.0
RENAULT,RENAULT CLIO 5,2022.0,12.0, Essence, mécanique,24130.0
ALFA,ALFA ROMEO STELVIO,2018.0,79659.0, Diesel, automatique,35320.0
MINI,MINI MINI 2 COUPE,2013.0,104892.0, Essence, mécanique,15250.0
MAZDA,MAZDA CX-30,2020.0,20828.0, Essence, mécanique,33060.0
VOLKSWAGEN,VOLKSWAGEN GOLF 7,2018.0,72800.0, Diesel, automatique,32360.0
CITROEN,CITROEN C3 AIRCROSS,2019.0,56721.0, Essence, mécanique,17820.0
CITROEN,CITROEN C3 (3E GENERATION),2020.0,42828.0, Essence, mécanique,16880.0
DS,DS DS 7 CROSSBACK,2022.0,10144.0, Hybride essence électrique, automatique,67240.0
CITROEN,CITROEN C3 (3E GENERATION),2022.0,5601.0, Essence, mécanique,16710.0
DS,DS DS 4 CROSSBACK,2019.0,56738.0, Essence, mécanique,17310.0
VOLVO,VOLVO XC60 (2E GENERATION),2022.0,7500.0, Hybride essence électrique, automatique,87370.0
FORD,FORD FIESTA 5,2018.0,82261.0, Essence, mécanique,11610.0
AUDI,AUDI A1 (2E GENERATION) SPORTBACK,2021.0,12072.0, Essence, automatique,34020.0
FERRARI,FERRARI 488 SPIDER,2017.0,15159.0, Essence, automatique,295070.0
MASERATI,MASERATI COUPE,2006.0,90555.0, Essence, automatique,39080.0
VOLKSWAGEN,VOLKSWAGEN PASSAT 8,2018.0,121791.0, Essence, automatique,19410.0
RENAULT,RENAULT CLIO 4,2021.0,18144.0, Essence, mécanique,15100.0
NISSAN,NISSAN X-TRAIL 3,2017.0,78779.0, Diesel, automatique,21750.0
RENAULT,RENAULT SCENIC 4,2019.0,116555.0, Diesel, automatique,15420.0
FIAT,FIAT TIPO 2 SW,2018.0,57719.0, Diesel, mécanique,15360.0
OPEL,OPEL CROSSLAND X,2021.0,37935.0, Diesel, mécanique,18340.0
HYUNDAI,HYUNDAI IONIQ,2022.0,288.0, Electrique, automatique,31960.0
PEUGEOT,PEUGEOT 308 (2E GENERATION),2019.0,40408.0, Essence, mécanique,18850.0
PEUGEOT,PEUGEOT 508 (2E GENERATION) SW,2020.0,19982.0, Essence, automatique,27810.0
MERCEDES,MERCEDES GLA,2016.0,85371.0, Diesel, mécanique,19960.0
PORSCHE,PORSCHE 911 TYPE 991 CABRIOLET,2018.0,52303.0, Essence, automatique,169380.0
PEUGEOT,PEUGEOT 3008 (2E GENERATION),2019.0,61246.0, Essence, mécanique,23820.0
MERCEDES,MERCEDES SPRINTER 2,2022.0,11.0, Diesel, mécanique,51010.0
PEUGEOT,PEUGEOT 308 (2E GENERATION) SW,2019.0,69076.0, Essence, mécanique,19700.0
RENAULT,RENAULT CAPTUR 2,2022.0,11.0, Bicarburation essence GPL, mécanique,21180.0
MAZDA,MAZDA MX5 (4E GENERATION) ST,2016.0,51027.0, Essence, mécanique,22280.0
MERCEDES,MERCEDES GLC COUPE,2020.0,74950.0, Diesel, automatique,56480.0
PORSCHE,PORSCHE PANAMERA 2 SPORT TURISMO,2020.0,17013.0, Hybride essence électrique, automatique,122940.0
MINI,MINI COUNTRYMAN 2,2018.0,84091.0, Diesel, automatique,27280.0
PEUGEOT,PEUGEOT RIFTER,2022.0,12.0, Diesel, mécanique,31030.0
FIAT,FIAT TIPO 2,2020.0,84824.0, Diesel, mécanique,16520.0
BMW,BMW SERIE 7 E65,2008.0,242500.0, Diesel, automatique,16860.0
FIAT,FIAT 500 (2E GENERATION),2017.0,41513.0, Essence, mécanique,10910.0
OPEL,OPEL ASTRA 5 SPORTS TOURER,2021.0,34174.0, Essence, automatique,24770.0
VOLKSWAGEN,VOLKSWAGEN T-ROC,2019.0,79363.0, Essence, automatique,28320.0
DODGE,DODGE RAM,2022.0,23.0, Essence, automatique,112080.0
BMW,BMW SERIE 3 G20,2021.0,9317.0, Diesel, automatique,57570.0
RENAULT,RENAULT CLIO 4,2017.0,76373.0, Diesel, mécanique,13660.0
CITROEN,CITROEN C3 (2E GENERATION),2015.0,122902.0, Essence, mécanique,8610.0
TOYOTA,TOYOTA COROLLA 12,2020.0,40210.0, Hybride essence électrique, automatique,19870.0
VOLKSWAGEN,VOLKSWAGEN TIGUAN 2,2018.0,61949.0, Diesel, mécanique,27120.0
CITROEN,CITROEN C4 CACTUS,2018.0,101574.0, Diesel, mécanique,15780.0
BMW,BMW SERIE 4 F32,2019.0,82960.0, Diesel, automatique,32800.0
TOYOTA,TOYOTA AYGO 2,2022.0,162.0, Essence, mécanique,13480.0
ALFA,ALFA ROMEO STELVIO,2022.0,6379.0, Diesel, automatique,61980.0
MAZDA,MAZDA MX5 (4E GENERATION) ST,2019.0,15196.0, Essence, mécanique,25800.0
MERCEDES,MERCEDES GLC,2019.0,145007.0, Diesel, automatique,40770.0
BMW,BMW SERIE 4 F82 M4,2018.0,72334.0, Essence, automatique,75400.0
PEUGEOT,PEUGEOT 308 (2E GENERATION),2022.0,1.0, Diesel, automatique,30120.0
CITROEN,CITROEN C4 CACTUS,2018.0,31511.0, Diesel, mécanique,15320.0
PEUGEOT,PEUGEOT 308 (2E GENERATION) SW,2019.0,103700.0, Diesel, mécanique,17670.0
FIAT,FIAT 500 X,2022.0,1770.0, Essence, mécanique,27710.0
CITROEN,CITROEN C1 (2E GENERATION),2021.0,31000.0, Essence, mécanique,12230.0
MERCEDES,MERCEDES CLA 2 AMG,2020.0,69600.0, Essence, automatique,65880.0
RENAULT,RENAULT CAPTUR,2019.0,57626.0, Essence, mécanique,15640.0
DS,DS DS 3,2017.0,58871.0, Diesel, mécanique,22300.0
RENAULT,RENAULT MEGANE 4 ESTATE,2020.0,38796.0, Diesel, mécanique,20490.0
LAND,LAND ROVER RANGE ROVER EVOQUE COUPE,2014.0,134827.0, Diesel, mécanique,23660.0
SEAT,SEAT LEON 4,2022.0,13.0, Diesel, automatique,32070.0
MAZDA,MAZDA MX5 (4E GENERATION) ST,2017.0,27038.0, Essence, mécanique,22350.0
PEUGEOT,PEUGEOT 308 (2E GENERATION) SW,2019.0,146581.0, Diesel, automatique,16660.0
MAZDA,MAZDA MX5 (4E GENERATION),2017.0,44744.0, Essence, mécanique,22390.0
RENAULT,RENAULT TALISMAN ESTATE,2017.0,97265.0, Diesel, automatique,19020.0
NISSAN,NISSAN QASHQAI 2,2020.0,43780.0, Diesel, mécanique,21980.0
MINI,MINI COUNTRYMAN,2014.0,183424.0, Diesel, mécanique,12520.0
VOLVO,VOLVO V90 (2E GENERATION),2018.0,140193.0, Hybride essence électrique, automatique,43970.0
VOLKSWAGEN,VOLKSWAGEN GOLF 5,2009.0,168392.0, Essence, mécanique,8540.0
RENAULT,RENAULT GRAND SCENIC 3,2017.0,124814.0, Diesel, mécanique,12600.0
FIAT,FIAT 500 X,2022.0,12.0, Essence, mécanique,22400.0
CITROEN,CITROEN JUMPER 2,2018.0,132128.0, Diesel, mécanique,18070.0
DS,DS DS 3 CROSSBACK,2021.0,5400.0, Electrique, automatique,31300.0
MERCEDES,MERCEDES CLASSE B 2,2019.0,16201.0, Essence, automatique,29140.0
AUDI,AUDI Q7 (2E GENERATION),2018.0,90428.0, Diesel, automatique,50860.0
DODGE,DODGE RAM,2022.0,22.0, Essence, automatique,107290.0
AUDI,AUDI Q5 (2E GENERATION),2019.0,127240.0, Diesel, automatique,40710.0
KIA,KIA XCEED,2022.0,9375.0, Hybride essence électrique, automatique,41250.0
FIAT,FIAT DUCATO 3,2022.0,1240.0, Electrique, automatique,81840.0
CITROEN,CITROEN C-ZERO,2018.0,36246.0, Electrique, automatique,9580.0
TOYOTA,TOYOTA COROLLA 12 TOURING SPORTS,2022.0,3553.0, Hybride essence électrique, automatique,36450.0
VOLKSWAGEN,VOLKSWAGEN T-ROC,2022.0,22.0, Diesel, automatique,39940.0
BMW,BMW SERIE 1 F20 5 PORTES,2019.0,57768.0, Essence, mécanique,19700.0
MAZDA,MAZDA 6 (2E GENERATION) FASTWAGON,2012.0,117122.0, Diesel, mécanique,11170.0
MINI,MINI MINI 3 CLUBMAN,2019.0,74121.0, Essence, mécanique,27040.0
OPEL,OPEL CROSSLAND X,2020.0,26361.0, Essence, mécanique,19710.0
RENAULT,RENAULT CAPTUR 2,2022.0,12.0, Essence, automatique,32530.0
CITROEN,CITROEN C3 AIRCROSS,2020.0,56936.0, Essence, automatique,19780.0
RENAULT,RENAULT CAPTUR 2,2022.0,1.0, Essence, mécanique,31310.0
HYUNDAI,HYUNDAI TUCSON 4,2022.0,4859.0, Diesel, automatique,42920.0
MERCEDES,MERCEDES CLASSE A 4,2021.0,7466.0, Essence, automatique,38830.0
MERCEDES,MERCEDES CLASSE E 5 COUPE,2018.0,49184.0, Diesel, automatique,38140.0
RENAULT,RENAULT MEGANE 4,2018.0,77701.0, Diesel, mécanique,14850.0
FIAT,FIAT PANDA 3,2012.0,67909.0, Essence, mécanique,4890.0
TOYOTA,TOYOTA RAV 4,2022.0,10679.0, Hybride diesel électrique, automatique,42670.0
OPEL,OPEL CROSSLAND X,2022.0,4270.0, Diesel, mécanique,26820.0
MERCEDES,MERCEDES CLASSE E 4,2015.0,87264.0, Diesel, automatique,23290.0
ALFA,ALFA ROMEO STELVIO,2018.0,96570.0, Diesel, automatique,32070.0
KIA,KIA CEED 3,2019.0,19225.0, Essence, automatique,20880.0
PORSCHE,PORSCHE 911 TYPE 992 TURBO,2022.0,2625.0, Essence, automatique,271840.0
VOLKSWAGEN,VOLKSWAGEN TIGUAN 2,2019.0,97127.0, Diesel, mécanique,30360.0
CITROEN,CITROEN C3 (3E GENERATION),2021.0,10464.0, Essence, automatique,24580.0
AUDI,AUDI RS4 (5E GENERATION) AVANT,2020.0,69818.0, Essence, automatique,111230.0
RENAULT,RENAULT CAPTUR 2,2022.0,11.0, Essence, automatique,28830.0
BMW,BMW X5 F15,2018.0,151280.0, Hybride essence électrique, automatique,43270.0
RENAULT,RENAULT SCENIC 3,2011.0,155012.0, Diesel, mécanique,6320.0
AUDI,AUDI RS4 (5E GENERATION) AVANT,2020.0,51751.0, Essence, automatique,99930.0
ASTON,ASTON MARTIN V8 VANTAGE,2016.0,58494.0, Essence, automatique,99430.0
BMW,BMW SERIE 1 F40,2022.0,8750.0, Essence, automatique,39430.0
BMW,BMW X4 F26,2016.0,105710.0, Diesel, automatique,34620.0
RENAULT,RENAULT CLIO 5,2022.0,11.0, Essence, mécanique,20800.0
PEUGEOT,PEUGEOT 3008 (2E GENERATION),2019.0,89939.0, Diesel, mécanique,25070.0
PORSCHE,PORSCHE BOXSTER 3 TYPE 981,2017.0,36180.0, Essence, automatique,86290.0
ALFA,ALFA ROMEO STELVIO,2019.0,48826.0, Diesel, automatique,37380.0
FORD,FORD FIESTA 6,2020.0,28581.0, Essence, mécanique,15610.0
AUDI,AUDI RS Q3,2015.0,143220.0, Essence, automatique,39680.0
MINI,MINI MINI 3 CLUBMAN,2019.0,26406.0, Essence, automatique,33460.0
ABARTH,ABARTH 500 (2E GENERATION),2020.0,30209.0, Essence, mécanique,23710.0
OPEL,OPEL GRANDLAND X,2022.0,11074.0, Hybride essence électrique, automatique,42920.0
LAND,LAND ROVER RANGE ROVER EVOQUE 2,2020.0,72692.0, Hybride diesel électrique, automatique,47020.0
AUDI,AUDI S5,2013.0,160000.0, Essence, automatique,32370.0
DACIA,DACIA DUSTER 2,2021.0,5916.0, Diesel, mécanique,23760.0
PEUGEOT,PEUGEOT E-2008 (2E GENERATION),2021.0,20927.0, Electrique, automatique,34480.0
PEUGEOT,PEUGEOT 308 (2E GENERATION),2020.0,72019.0, Essence, mécanique,19820.0
DS,DS DS 3 CROSSBACK,2021.0,27353.0, Diesel, automatique,29240.0
MINI,MINI MINI 3 3P,2016.0,110620.0, Diesel, mécanique,18430.0
VOLKSWAGEN,VOLKSWAGEN GOLF 7,2019.0,41457.0, Essence, automatique,28930.0
PORSCHE,PORSCHE 911 TYPE 997,2012.0,117920.0, Essence, automatique,73060.0
MINI,MINI MINI 3 5P,2018.0,53150.0, Essence, automatique,23740.0
RENAULT,RENAULT SCENIC 3,2017.0,133064.0, Diesel, automatique,12180.0
VOLKSWAGEN,VOLKSWAGEN TIGUAN 2,2020.0,21048.0, Diesel, automatique,35170.0
FIAT,FIAT 500 (2E GENERATION),2021.0,12.0, Essence, mécanique,17260.0
VOLKSWAGEN,VOLKSWAGEN TAIGO,2022.0,6720.0, Essence, automatique,31330.0
MINI,MINI MINI 3 5P,2017.0,60206.0, Essence, mécanique,14280.0
AUDI,AUDI Q2,2022.0,23462.0, Essence, automatique,37260.0
VOLKSWAGEN,VOLKSWAGEN T-ROC,2022.0,13358.0, Essence, automatique,36230.0
PEUGEOT,PEUGEOT 2008 (2E GENERATION),2022.0,11635.0, Diesel, automatique,36010.0
SEAT,SEAT IBIZA 5,2019.0,75860.0, Diesel, mécanique,16320.0
AUDI,AUDI A6 (4E GENERATION),2014.0,176120.0, Diesel, mécanique,18700.0
MINI,MINI COUNTRYMAN,2018.0,46740.0, Essence, mécanique,29390.0
FORD,FORD PUMA 2,2022.0,12.0, Essence, automatique,28850.0
MERCEDES,MERCEDES CLASSE C 4 CABRIOLET,2019.0,23705.0, Essence, mécanique,46380.0
RENAULT,RENAULT CLIO 4,2019.0,21434.0, Diesel, mécanique,13360.0
RENAULT,RENAULT SCENIC 4,2020.0,88640.0, Diesel, automatique,18510.0
PEUGEOT,PEUGEOT 2008,2020.0,68701.0, Diesel, mécanique,21060.0
PEUGEOT,PEUGEOT 3008 (2E GENERATION),2020.0,20050.0, Essence, mécanique,29380.0
PEUGEOT,PEUGEOT 508,2019.0,159472.0, Diesel, mécanique,16360.0
VOLKSWAGEN,VOLKSWAGEN UP!,2014.0,120032.0, Essence, mécanique,7240.0
RENAULT,RENAULT CAPTUR 2,2022.0,11.0, Essence, mécanique,21070.0
DACIA,DACIA SANDERO 2,2018.0,91445.0, Essence, mécanique,9300.0
OPEL,OPEL CROSSLAND X,2020.0,34926.0, Diesel, mécanique,19360.0
TOYOTA,TOYOTA AURIS 2,2017.0,111676.0, Hybride essence électrique, automatique,16220.0
CITROEN,CITROEN C5 AIRCROSS,2022.0,9040.0, Hybride essence électrique, automatique,41230.0
SEAT,SEAT ATECA,2020.0,41573.0, Essence, automatique,27010.0
BMW,BMW SERIE 3 G20,2021.0,17147.0, Diesel, automatique,48280.0
CITROEN,CITROEN C3 (3E GENERATION),2020.0,20670.0, Essence, mécanique,14820.0
AUDI,AUDI A3 (3E GENERATION) SPORTBACK,2018.0,29574.0, Diesel, automatique,28070.0
ALFA,ALFA ROMEO SPIDER BASE BRERA,2008.0,80223.0, Essence, mécanique,18340.0
BMW,BMW SERIE 5 G30,2020.0,67410.0, Diesel, automatique,42360.0
AUDI,AUDI Q5,2011.0,163590.0, Diesel, automatique,21760.0
MERCEDES,MERCEDES CLASSE A 4,2021.0,18136.0, Essence, automatique,38160.0
PORSCHE,PORSCHE 911 TYPE 991 TARGA,2019.0,51186.0, Essence, automatique,181140.0
AUDI,AUDI Q3,2015.0,93447.0, Diesel, mécanique,21830.0
FERRARI,FERRARI 348,1994.0,69440.0, Essence, mécanique,64280.0
BMW,BMW SERIE 2 F46 GRAN TOURER,2018.0,105694.0, Diesel, mécanique,18710.0
MAZDA,MAZDA MX5 (3E GENERATION),2007.0,105818.0, Essence, mécanique,14890.0
PEUGEOT,PEUGEOT 108,2019.0,21891.0, Essence, mécanique,12850.0
AUDI,AUDI RS6 (3E GENERATION) AVANT,2017.0,85212.0, Essence, automatique,73320.0
CITROEN,CITROEN C3 (3E GENERATION),2020.0,49047.0, Essence, mécanique,15360.0
FIAT,FIAT 500 (2E GENERATION),2020.0,50277.0, Essence, automatique,15030.0
DS,DS DS 3,2017.0,63469.0, Essence, mécanique,14290.0
BMW,BMW SERIE 2 F46 GRAN TOURER,2017.0,107000.0, Diesel, mécanique,19240.0
VOLKSWAGEN,VOLKSWAGEN TIGUAN 2,2022.0,3454.0, Essence, automatique,56100.0
AUDI,AUDI A5 (2E GENERATION),2018.0,68892.0, Diesel, automatique,34090.0
PEUGEOT,PEUGEOT 3008 (2E GENERATION),2022.0,12442.0, Diesel, automatique,40130.0
PEUGEOT,PEUGEOT 3008,2010.0,100182.0, Essence, mécanique,11760.0
TOYOTA,TOYOTA COROLLA 12,2021.0,33947.0, Hybride essence électrique, automatique,26020.0
AUDI,AUDI RS3 (2E GENERATION) SPORTBACK,2019.0,35521.0, Essence, automatique,66990.0
CITROEN,CITROEN C3 (3E GENERATION),2021.0,11435.0, Essence, mécanique,14930.0
MERCEDES,MERCEDES GLC,2018.0,87397.0, Diesel, automatique,36780.0
PEUGEOT,PEUGEOT 3008 (2E GENERATION),2020.0,83510.0, Diesel, mécanique,28180.0
BMW,BMW SERIE 6 F06 GRAN COUPE,2017.0,110798.0, Diesel, automatique,46170.0
OPEL,OPEL CORSA 6,2021.0,35121.0, Essence, mécanique,15930.0
BMW,BMW I3,2018.0,54600.0, Electrique, automatique,22020.0
KIA,KIA NIRO,2019.0,37398.0, Hybride essence électrique, automatique,26230.0
MINI,MINI COUNTRYMAN,2012.0,96768.0, Essence, mécanique,15620.0
CITROEN,CITROEN C3 (2E GENERATION),2013.0,68428.0, Diesel, mécanique,7890.0
FIAT,FIAT 500 (2E GENERATION),2022.0,12.0, Essence, mécanique,16220.0
BMW,BMW SERIE 1 E88 CABRIOLET,2011.0,116459.0, Diesel, mécanique,14670.0
CHRYSLER,CHRYSLER VOYAGER  3,2006.0,149506.0, Diesel, automatique,8220.0
PEUGEOT,PEUGEOT 2008,2019.0,54674.0, Diesel, mécanique,17730.0
FIAT,FIAT 500 (3E GENERATION),2022.0,1890.0, Electrique, automatique,24040.0
KIA,KIA STONIC,2022.0,12.0, Essence, mécanique,23190.0
AUDI,AUDI A4 (4E GENERATION) AVANT,2010.0,105046.0, Diesel, mécanique,13740.0
AUDI,AUDI Q5 (2E GENERATION),2022.0,8960.0, Diesel, automatique,65520.0
PEUGEOT,PEUGEOT 2008 (2E GENERATION),2022.0,1.0, Diesel, mécanique,30180.0
TOYOTA,TOYOTA YARIS 3,2019.0,29699.0, Hybride essence électrique, automatique,17420.0
PORSCHE,PORSCHE 911 TYPE 992,2020.0,9523.0, Essence, automatique,167880.0
CITROEN,CITROEN C3 (3E GENERATION),2022.0,1.0, Essence, mécanique,23350.0
AUDI,AUDI A3 (3E GENERATION) SPORTBACK,2017.0,61363.0, Diesel, automatique,21930.0
SEAT,SEAT ATECA,2020.0,22723.0, Diesel, automatique,29230.0
